Unity Editor version:    6000.0.31f1 (a206c360e2a8)
Branch:                  6000.0/staging
Build type:              Release
Batch mode:              YES
macOS version:           Version 14.1 (Build 23B2073)
Darwin version:          23.1.0
Architecture:            arm64
Running under Rosetta:   NO
Available memory:        18432 MB
Using pre-set license
Pro License: YES

COMMAND LINE ARGUMENTS:
/Applications/Unity/Hub/Editor/6000.0.31f1/Unity.app/Contents/MacOS/Unity
-adb2
-batchMode
-noUpm
-name
AssetImportWorker2
-projectPath
/Users/tiagopascoal/Work/Personal/Exhale/Exhale
-logFile
Logs/AssetImportWorker2.log
-srvPort
50764
-job-worker-count
5
-background-job-worker-count
8
-gc-helper-count
1
Successfully changed project path to: /Users/tiagopascoal/Work/Personal/Exhale/Exhale
/Users/tiagopascoal/Work/Personal/Exhale/Exhale
[UnityMemory] Configuration Parameters - Can be set up in boot.config
    "memorysetup-bucket-allocator-granularity=16"
    "memorysetup-bucket-allocator-bucket-count=8"
    "memorysetup-bucket-allocator-block-size=33554432"
    "memorysetup-bucket-allocator-block-count=8"
    "memorysetup-main-allocator-block-size=16777216"
    "memorysetup-thread-allocator-block-size=16777216"
    "memorysetup-gfx-main-allocator-block-size=16777216"
    "memorysetup-gfx-thread-allocator-block-size=16777216"
    "memorysetup-cache-allocator-block-size=4194304"
    "memorysetup-typetree-allocator-block-size=2097152"
    "memorysetup-profiler-bucket-allocator-granularity=16"
    "memorysetup-profiler-bucket-allocator-bucket-count=8"
    "memorysetup-profiler-bucket-allocator-block-size=33554432"
    "memorysetup-profiler-bucket-allocator-block-count=8"
    "memorysetup-profiler-allocator-block-size=16777216"
    "memorysetup-profiler-editor-allocator-block-size=1048576"
    "memorysetup-temp-allocator-size-main=16777216"
    "memorysetup-job-temp-allocator-block-size=2097152"
    "memorysetup-job-temp-allocator-block-size-background=1048576"
    "memorysetup-job-temp-allocator-reduction-small-platforms=262144"
    "memorysetup-allocator-temp-initial-block-size-main=262144"
    "memorysetup-allocator-temp-initial-block-size-worker=262144"
    "memorysetup-temp-allocator-size-background-worker=32768"
    "memorysetup-temp-allocator-size-job-worker=262144"
    "memorysetup-temp-allocator-size-preload-manager=33554432"
    "memorysetup-temp-allocator-size-nav-mesh-worker=65536"
    "memorysetup-temp-allocator-size-audio-worker=65536"
    "memorysetup-temp-allocator-size-cloud-worker=32768"
    "memorysetup-temp-allocator-size-gi-baking-worker=262144"
    "memorysetup-temp-allocator-size-gi-baking-worker=262144"
    "memorysetup-temp-allocator-size-gi-baking-worker=262144"
    "memorysetup-temp-allocator-size-gi-baking-worker=262144"
    "memorysetup-temp-allocator-size-gi-baking-worker=262144"
    "memorysetup-temp-allocator-size-gfx=262144"
Player connection [7948787392]  Target information:

Player connection [7948787392]  * "[IP] 192.168.1.66 [Port] 0 [Flags] 2 [Guid] 2784679625 [EditorId] 2784679625 [Version] 1048832 [Id] OSXEditor(0,Tiagos-MBP-2.Home) [Debug] 1 [PackageName] OSXEditor [ProjectName] Editor" 

Player connection [7948787392]  * "[IP] 10.243.108.175 [Port] 0 [Flags] 2 [Guid] 2784679625 [EditorId] 2784679625 [Version] 1048832 [Id] OSXEditor(0,Tiagos-MBP-2.Home) [Debug] 1 [PackageName] OSXEditor [ProjectName] Editor" 

Player connection [7948787392]  * "[IP] 169.254.70.163 [Port] 0 [Flags] 2 [Guid] 2784679625 [EditorId] 2784679625 [Version] 1048832 [Id] OSXEditor(0,Tiagos-MBP-2.Home) [Debug] 1 [PackageName] OSXEditor [ProjectName] Editor" 

Player connection [7948787392] Host joined multi-casting on [225.0.0.222:54997]...
Player connection [7948787392] Host joined alternative multi-casting on [225.0.0.222:34997]...
JobSystem: Creating JobQueue using job-worker-count value 5
[Physics::Module] Initialized fallback backend.
[Physics::Module] Id: 0xdecafbad
Library Redirect Path: Library/
[Physics::Module] Selected backend.
[Physics::Module] Name: PhysX
[Physics::Module] Id: 0xf2b8ea05
[Physics::Module] SDK Version: 4.1.2
[Physics::Module] Integration Version: 1.0.0
[Physics::Module] Threading Mode: Multi-Threaded
Refreshing native plugins compatible for Editor in 0.49 ms, found 2 plugins.
Preloading 0 native plugins for Editor in 0.00 ms.
Initialize engine version: 6000.0.31f1 (a206c360e2a8)
[Subsystems] Discovering subsystems at path /Applications/Unity/Hub/Editor/6000.0.31f1/Unity.app/Contents/Resources/UnitySubsystems
[Subsystems] Discovering subsystems at path /Users/tiagopascoal/Work/Personal/Exhale/Exhale/Assets
GfxDevice: creating device client; kGfxThreadingModeNonThreaded
 preferred device: Apple M3 Pro (high power)
Metal devices available: 1
0: Apple M3 Pro (high power)
Using device Apple M3 Pro (high power)
Initializing Metal device caps: Apple M3 Pro
Initialize mono
Mono path[0] = '/Applications/Unity/Hub/Editor/6000.0.31f1/Unity.app/Contents/Managed'
Mono path[1] = '/Applications/Unity/Hub/Editor/6000.0.31f1/Unity.app/Contents/MonoBleedingEdge/lib/mono/unityjit-macos'
Mono config path = '/Applications/Unity/Hub/Editor/6000.0.31f1/Unity.app/Contents/MonoBleedingEdge/etc'
Using monoOptions --debugger-agent=transport=dt_socket,embedding=1,server=y,suspend=n,address=127.0.0.1:56694
Begin MonoManager ReloadAssembly
Registering precompiled unity dll's ...
Register platform support module: /Applications/Unity/Hub/Editor/6000.0.31f1/Unity.app/Contents/PlaybackEngines/MacStandaloneSupport/UnityEditor.OSXStandalone.Extensions.dll
Register platform support module: /Applications/Unity/Hub/Editor/6000.0.31f1/PlaybackEngines/iOSSupport/UnityEditor.iOS.Extensions.dll
Registered in 0.000663 seconds.
- Loaded All Assemblies, in  0.218 seconds
[usbmuxd] Start listen thread
[usbmuxd] Listen thread started
[usbmuxd] Send listen message
[usbmuxd] Attached: 61 00008101-0008241A2E03001E
Native extension for iOS target not found
Native extension for OSXStandalone target not found
Mono: successfully reloaded assembly
- Finished resetting the current domain, in  0.252 seconds
Domain Reload Profiling: 470ms
	BeginReloadAssembly (46ms)
		ExecutionOrderSort (0ms)
		DisableScriptedObjects (0ms)
		BackupInstance (0ms)
		ReleaseScriptingObjects (0ms)
		CreateAndSetChildDomain (0ms)
	RebuildCommonClasses (26ms)
	RebuildNativeTypeToScriptingClass (9ms)
	initialDomainReloadingComplete (27ms)
	LoadAllAssembliesAndSetupDomain (110ms)
		LoadAssemblies (46ms)
		RebuildTransferFunctionScriptingTraits (0ms)
		AnalyzeDomain (109ms)
			TypeCache.Refresh (108ms)
				TypeCache.ScanAssembly (97ms)
			BuildScriptInfoCaches (0ms)
			ResolveRequiredComponents (0ms)
	FinalizeReload (252ms)
		ReleaseScriptCaches (0ms)
		RebuildScriptCaches (0ms)
		SetupLoadedEditorAssemblies (223ms)
			LogAssemblyErrors (0ms)
			InitializePlatformSupportModulesInManaged (70ms)
			SetLoadedEditorAssemblies (3ms)
			BeforeProcessingInitializeOnLoad (33ms)
			ProcessInitializeOnLoadAttributes (75ms)
			ProcessInitializeOnLoadMethodAttributes (41ms)
			AfterProcessingInitializeOnLoad (0ms)
			EditorAssembliesLoaded (0ms)
		ExecutionOrderSort2 (0ms)
		AwakeInstancesAfterBackupRestoration (0ms)
========================================================================
Worker process is ready to serve import requests
Import Worker Mode flag is 0x00
Begin MonoManager ReloadAssembly
- Loaded All Assemblies, in  0.455 seconds
Refreshing native plugins compatible for Editor in 0.69 ms, found 2 plugins.
Native extension for iOS target not found
Native extension for OSXStandalone target not found
Running On Project Startup validation hook...
UnityEngine.Debug:ExtractStackTraceNoAlloc (byte*,int,string)
UnityEngine.StackTraceUtility:ExtractStackTrace () (at /Users/bokken/build/output/unity/unity/Runtime/Export/Scripting/StackTrace.cs:37)
UnityEngine.DebugLogHandler:Internal_Log (UnityEngine.LogType,UnityEngine.LogOption,string,UnityEngine.Object)
UnityEngine.DebugLogHandler:LogFormat (UnityEngine.LogType,UnityEngine.Object,string,object[])
UnityEngine.Logger:Log (UnityEngine.LogType,object)
UnityEngine.Debug:Log (object)
Sirenix.OdinValidator.Editor.AutomationConfig:RunValidationScan (string,Sirenix.OdinValidator.Editor.AutomationConfig/ValidationSetup,bool,System.Action,bool,bool,bool,bool,bool,bool,bool,bool) (at D:/Sirenix/Sirenix Solution/Sirenix.OdinValidator.Editor/Config/AutomationConfig.cs:282)
Sirenix.OdinValidator.Editor.AutomationConfig:ActuallyInitHooks () (at D:/Sirenix/Sirenix Solution/Sirenix.OdinValidator.Editor/Config/AutomationConfig.cs:186)
Sirenix.OdinValidator.Editor.AutomationConfig:InitHooks () (at D:/Sirenix/Sirenix Solution/Sirenix.OdinValidator.Editor/Config/AutomationConfig.cs:170)
System.Reflection.RuntimeMethodInfo:Invoke (object,System.Reflection.BindingFlags,System.Reflection.Binder,object[],System.Globalization.CultureInfo)
System.Reflection.MethodBase:Invoke (object,object[])
UnityEditor.EditorAssemblies:ProcessInitializeOnLoadMethodAttributes () (at /Users/bokken/build/output/unity/unity/Editor/Mono/EditorAssemblies.cs:142)

Opening scene 'Assets/TouchScript/Examples/Examples.unity'
Unloading 168 Unused Serialized files (Serialized files now loaded: 0)
Component GUI Layer in Camera for Scene Assets/TouchScript/Examples/Examples.unity is no longer available.
It will be removed after you edit this GameObject and save the Scene.
UnityEngine.Debug:ExtractStackTraceNoAlloc (byte*,int,string)
UnityEngine.StackTraceUtility:ExtractStackTrace () (at /Users/bokken/build/output/unity/unity/Runtime/Export/Scripting/StackTrace.cs:37)
UnityEditor.SceneManagement.EditorSceneManager:OpenScene (string,UnityEditor.SceneManagement.OpenSceneMode)
Sirenix.OdinInspector.Editor.Validation.SceneReference:TryOpenScene (UnityEditor.SceneManagement.OpenSceneMode,UnityEngine.SceneManagement.Scene&) (at D:/Sirenix/Sirenix Solution/Sirenix.OdinInspector.Editor/Validation/Validators/SceneReference.cs:114)
Sirenix.OdinValidator.Editor.ValidationSession/<ValidateCurrentWorkQueueEnumerator>d__59:MoveNext () (at D:/Sirenix/Sirenix Solution/Sirenix.OdinValidator.Editor/Core/ValidationSession.cs:557)
Sirenix.OdinValidator.Editor.ValidationSession/<ValidateEverythingEnumeratorBatched>d__54:MoveNext () (at D:/Sirenix/Sirenix Solution/Sirenix.OdinValidator.Editor/Core/ValidationSession.cs:376)
Sirenix.OdinValidator.Editor.AutomationConfig:RunValidationScan (string,Sirenix.OdinValidator.Editor.AutomationConfig/ValidationSetup,bool,System.Action,bool,bool,bool,bool,bool,bool,bool,bool) (at D:/Sirenix/Sirenix Solution/Sirenix.OdinValidator.Editor/Config/AutomationConfig.cs:305)
Sirenix.OdinValidator.Editor.AutomationConfig:ActuallyInitHooks () (at D:/Sirenix/Sirenix Solution/Sirenix.OdinValidator.Editor/Config/AutomationConfig.cs:186)
Sirenix.OdinValidator.Editor.AutomationConfig:InitHooks () (at D:/Sirenix/Sirenix Solution/Sirenix.OdinValidator.Editor/Config/AutomationConfig.cs:170)
System.Reflection.RuntimeMethodInfo:Invoke (object,System.Reflection.BindingFlags,System.Reflection.Binder,object[],System.Globalization.CultureInfo)
System.Reflection.MethodBase:Invoke (object,object[])
UnityEditor.EditorAssemblies:ProcessInitializeOnLoadMethodAttributes () (at /Users/bokken/build/output/unity/unity/Editor/Mono/EditorAssemblies.cs:142)

[./Runtime/PreloadManager/LoadSceneOperation.cpp line 662]

Loaded scene 'Assets/TouchScript/Examples/Examples.unity'
	Deserialize:            7.867 ms
	Integration:            23.720 ms
	Integration of assets:  2.334 ms
	Thread Wait Time:       0.005 ms
	Total Operation Time:   33.926 ms
Unloading 6065 unused Assets / (1.7 MB). Loaded Objects now: 7069.
Memory consumption went from 129.5 MB to 127.8 MB.
Total: 17.409833 ms (FindLiveObjects: 0.269791 ms CreateObjectMapping: 0.154459 ms MarkObjects: 16.207667 ms  DeleteObjects: 0.777500 ms)

Opening scene 'Assets/TouchScript/Examples/Taps/Taps.unity'
Unloading 29 Unused Serialized files (Serialized files now loaded: 0)
Problem detected while opening the Scene file: 'Assets/TouchScript/Examples/Taps/Taps.unity'.
Check the following logs for more details.
UnityEngine.Debug:ExtractStackTraceNoAlloc (byte*,int,string)
UnityEngine.StackTraceUtility:ExtractStackTrace () (at /Users/bokken/build/output/unity/unity/Runtime/Export/Scripting/StackTrace.cs:37)
UnityEditor.SceneManagement.EditorSceneManager:OpenScene (string,UnityEditor.SceneManagement.OpenSceneMode)
Sirenix.OdinInspector.Editor.Validation.SceneReference:TryOpenScene (UnityEditor.SceneManagement.OpenSceneMode,UnityEngine.SceneManagement.Scene&) (at D:/Sirenix/Sirenix Solution/Sirenix.OdinInspector.Editor/Validation/Validators/SceneReference.cs:114)
Sirenix.OdinValidator.Editor.ValidationSession/<ValidateCurrentWorkQueueEnumerator>d__59:MoveNext () (at D:/Sirenix/Sirenix Solution/Sirenix.OdinValidator.Editor/Core/ValidationSession.cs:557)
Sirenix.OdinValidator.Editor.ValidationSession/<ValidateEverythingEnumeratorBatched>d__54:MoveNext () (at D:/Sirenix/Sirenix Solution/Sirenix.OdinValidator.Editor/Core/ValidationSession.cs:376)
Sirenix.OdinValidator.Editor.AutomationConfig:RunValidationScan (string,Sirenix.OdinValidator.Editor.AutomationConfig/ValidationSetup,bool,System.Action,bool,bool,bool,bool,bool,bool,bool,bool) (at D:/Sirenix/Sirenix Solution/Sirenix.OdinValidator.Editor/Config/AutomationConfig.cs:305)
Sirenix.OdinValidator.Editor.AutomationConfig:ActuallyInitHooks () (at D:/Sirenix/Sirenix Solution/Sirenix.OdinValidator.Editor/Config/AutomationConfig.cs:186)
Sirenix.OdinValidator.Editor.AutomationConfig:InitHooks () (at D:/Sirenix/Sirenix Solution/Sirenix.OdinValidator.Editor/Config/AutomationConfig.cs:170)
System.Reflection.RuntimeMethodInfo:Invoke (object,System.Reflection.BindingFlags,System.Reflection.Binder,object[],System.Globalization.CultureInfo)
System.Reflection.MethodBase:Invoke (object,object[])
UnityEditor.EditorAssemblies:ProcessInitializeOnLoadMethodAttributes () (at /Users/bokken/build/output/unity/unity/Editor/Mono/EditorAssemblies.cs:142)

[./Runtime/PreloadManager/LoadSceneOperation.cpp line 823]

Prefab instance problem. Missing Prefab Asset: 'Missing Prefab with guid: 648250201fabe574b8591ee45cddcf4a'
UnityEngine.Debug:ExtractStackTraceNoAlloc (byte*,int,string)
UnityEngine.StackTraceUtility:ExtractStackTrace () (at /Users/bokken/build/output/unity/unity/Runtime/Export/Scripting/StackTrace.cs:37)
UnityEditor.SceneManagement.EditorSceneManager:OpenScene (string,UnityEditor.SceneManagement.OpenSceneMode)
Sirenix.OdinInspector.Editor.Validation.SceneReference:TryOpenScene (UnityEditor.SceneManagement.OpenSceneMode,UnityEngine.SceneManagement.Scene&) (at D:/Sirenix/Sirenix Solution/Sirenix.OdinInspector.Editor/Validation/Validators/SceneReference.cs:114)
Sirenix.OdinValidator.Editor.ValidationSession/<ValidateCurrentWorkQueueEnumerator>d__59:MoveNext () (at D:/Sirenix/Sirenix Solution/Sirenix.OdinValidator.Editor/Core/ValidationSession.cs:557)
Sirenix.OdinValidator.Editor.ValidationSession/<ValidateEverythingEnumeratorBatched>d__54:MoveNext () (at D:/Sirenix/Sirenix Solution/Sirenix.OdinValidator.Editor/Core/ValidationSession.cs:376)
Sirenix.OdinValidator.Editor.AutomationConfig:RunValidationScan (string,Sirenix.OdinValidator.Editor.AutomationConfig/ValidationSetup,bool,System.Action,bool,bool,bool,bool,bool,bool,bool,bool) (at D:/Sirenix/Sirenix Solution/Sirenix.OdinValidator.Editor/Config/AutomationConfig.cs:305)
Sirenix.OdinValidator.Editor.AutomationConfig:ActuallyInitHooks () (at D:/Sirenix/Sirenix Solution/Sirenix.OdinValidator.Editor/Config/AutomationConfig.cs:186)
Sirenix.OdinValidator.Editor.AutomationConfig:InitHooks () (at D:/Sirenix/Sirenix Solution/Sirenix.OdinValidator.Editor/Config/AutomationConfig.cs:170)
System.Reflection.RuntimeMethodInfo:Invoke (object,System.Reflection.BindingFlags,System.Reflection.Binder,object[],System.Globalization.CultureInfo)
System.Reflection.MethodBase:Invoke (object,object[])
UnityEditor.EditorAssemblies:ProcessInitializeOnLoadMethodAttributes () (at /Users/bokken/build/output/unity/unity/Editor/Mono/EditorAssemblies.cs:142)

[./Runtime/BaseClasses/ErrorsAndWarningsCapture.cpp line 67]

Loaded scene 'Assets/TouchScript/Examples/Taps/Taps.unity'
	Deserialize:            6.201 ms
	Integration:            16.450 ms
	Integration of assets:  0.465 ms
	Thread Wait Time:       0.009 ms
	Total Operation Time:   23.126 ms
Unloading 14 unused Assets / (2.7 KB). Loaded Objects now: 7029.
Memory consumption went from 128.2 MB to 128.2 MB.
Total: 19.359333 ms (FindLiveObjects: 0.152708 ms CreateObjectMapping: 0.059708 ms MarkObjects: 19.097542 ms  DeleteObjects: 0.049042 ms)

Completed validating 2162 values in 0.4869057 seconds.
UnityEngine.Debug:ExtractStackTraceNoAlloc (byte*,int,string)
UnityEngine.StackTraceUtility:ExtractStackTrace () (at /Users/bokken/build/output/unity/unity/Runtime/Export/Scripting/StackTrace.cs:37)
UnityEngine.DebugLogHandler:Internal_Log (UnityEngine.LogType,UnityEngine.LogOption,string,UnityEngine.Object)
UnityEngine.DebugLogHandler:LogFormat (UnityEngine.LogType,UnityEngine.Object,string,object[])
UnityEngine.Logger:Log (UnityEngine.LogType,object)
UnityEngine.Debug:Log (object)
Sirenix.OdinValidator.Editor.ValidationSession/<ValidateEverythingEnumeratorBatched>d__54:<>m__Finally1 () (at D:/Sirenix/Sirenix Solution/Sirenix.OdinValidator.Editor/Core/ValidationSession.cs:433)
Sirenix.OdinValidator.Editor.ValidationSession/<ValidateEverythingEnumeratorBatched>d__54:System.IDisposable.Dispose ()
Sirenix.OdinValidator.Editor.AutomationConfig:RunValidationScan (string,Sirenix.OdinValidator.Editor.AutomationConfig/ValidationSetup,bool,System.Action,bool,bool,bool,bool,bool,bool,bool,bool) (at D:/Sirenix/Sirenix Solution/Sirenix.OdinValidator.Editor/Config/AutomationConfig.cs:305)
Sirenix.OdinValidator.Editor.AutomationConfig:ActuallyInitHooks () (at D:/Sirenix/Sirenix Solution/Sirenix.OdinValidator.Editor/Config/AutomationConfig.cs:186)
Sirenix.OdinValidator.Editor.AutomationConfig:InitHooks () (at D:/Sirenix/Sirenix Solution/Sirenix.OdinValidator.Editor/Config/AutomationConfig.cs:170)
System.Reflection.RuntimeMethodInfo:Invoke (object,System.Reflection.BindingFlags,System.Reflection.Binder,object[],System.Globalization.CultureInfo)
System.Reflection.MethodBase:Invoke (object,object[])
UnityEditor.EditorAssemblies:ProcessInitializeOnLoadMethodAttributes () (at /Users/bokken/build/output/unity/unity/Editor/Mono/EditorAssemblies.cs:142)

Unloading 10 Unused Serialized files (Serialized files now loaded: 0)
The project currently uses the compatibility mode where the Render Graph API is disabled. Support for this mode will be removed in future Unity versions. Migrate existing ScriptableRenderPasses to the new RenderGraph API. After the migration, disable the compatibility mode in Edit > Projects Settings > Graphics > Render Graph.
UnityEngine.Debug:ExtractStackTraceNoAlloc (byte*,int,string)
UnityEngine.StackTraceUtility:ExtractStackTrace () (at /Users/bokken/build/output/unity/unity/Runtime/Export/Scripting/StackTrace.cs:37)
UnityEngine.DebugLogHandler:Internal_Log (UnityEngine.LogType,UnityEngine.LogOption,string,UnityEngine.Object)
UnityEngine.DebugLogHandler:LogFormat (UnityEngine.LogType,UnityEngine.Object,string,object[])
UnityEngine.Logger:Log (UnityEngine.LogType,object)
UnityEngine.Debug:LogWarning (object)
UnityEngine.Rendering.Universal.WarnUsingNonRenderGraph:EmitConsoleWarning () (at ./Library/PackageCache/com.unity.render-pipelines.universal/Runtime/Data/UniversalRenderPipelineAsset.cs:427)
System.Reflection.RuntimeMethodInfo:Invoke (object,System.Reflection.BindingFlags,System.Reflection.Binder,object[],System.Globalization.CultureInfo)
System.Reflection.MethodBase:Invoke (object,object[])
UnityEditor.EditorAssemblies:ProcessInitializeOnLoadMethodAttributes () (at /Users/bokken/build/output/unity/unity/Editor/Mono/EditorAssemblies.cs:142)

(Filename: ./Library/PackageCache/com.unity.render-pipelines.universal/Runtime/Data/UniversalRenderPipelineAsset.cs Line: 427)

Mono: successfully reloaded assembly
- Finished resetting the current domain, in  1.244 seconds
Domain Reload Profiling: 1699ms
	BeginReloadAssembly (77ms)
		ExecutionOrderSort (0ms)
		DisableScriptedObjects (3ms)
		BackupInstance (0ms)
		ReleaseScriptingObjects (0ms)
		CreateAndSetChildDomain (28ms)
	RebuildCommonClasses (26ms)
	RebuildNativeTypeToScriptingClass (9ms)
	initialDomainReloadingComplete (20ms)
	LoadAllAssembliesAndSetupDomain (323ms)
		LoadAssemblies (170ms)
		RebuildTransferFunctionScriptingTraits (0ms)
		AnalyzeDomain (181ms)
			TypeCache.Refresh (139ms)
				TypeCache.ScanAssembly (125ms)
			BuildScriptInfoCaches (32ms)
			ResolveRequiredComponents (8ms)
	FinalizeReload (1244ms)
		ReleaseScriptCaches (0ms)
		RebuildScriptCaches (0ms)
		SetupLoadedEditorAssemblies (1162ms)
			LogAssemblyErrors (0ms)
			InitializePlatformSupportModulesInManaged (10ms)
			SetLoadedEditorAssemblies (3ms)
			BeforeProcessingInitializeOnLoad (99ms)
			ProcessInitializeOnLoadAttributes (490ms)
			ProcessInitializeOnLoadMethodAttributes (559ms)
			AfterProcessingInitializeOnLoad (1ms)
			EditorAssembliesLoaded (0ms)
		ExecutionOrderSort2 (0ms)
		AwakeInstancesAfterBackupRestoration (0ms)
Launching external process: /Applications/Unity/Hub/Editor/6000.0.31f1/Unity.app/Contents/Tools/UnityShaderCompiler
Launched and connected shader compiler UnityShaderCompiler after 0.04 seconds
Refreshing native plugins compatible for Editor in 0.35 ms, found 2 plugins.
Preloading 0 native plugins for Editor in 0.00 ms.
Unloading 38 unused Assets / (2.4 MB). Loaded Objects now: 7066.
Memory consumption went from 129.0 MB to 126.6 MB.
Total: 19.569083 ms (FindLiveObjects: 0.167916 ms CreateObjectMapping: 0.059792 ms MarkObjects: 18.901125 ms  DeleteObjects: 0.439875 ms)

Unloading 63 Unused Serialized files (Serialized files now loaded: 0)
Unloading 0 unused Assets / (0.5 MB). Loaded Objects now: 7066.
Memory consumption went from 126.5 MB to 126.0 MB.
Total: 19.650417 ms (FindLiveObjects: 0.165000 ms CreateObjectMapping: 0.064750 ms MarkObjects: 19.394917 ms  DeleteObjects: 0.025583 ms)

========================================================================
Received Import Request.
  Time since last request: 808007.345553 seconds.
  path: Assets/Prefabs/Tiles/HexTile (base).prefab
  artifactKey: Guid(65064c3da1d524a7a871f066978507a3) Importer(815301076,1909f56bfc062723c751e8b465ee728b)
Start importing Assets/Prefabs/Tiles/HexTile (base).prefab using Guid(65064c3da1d524a7a871f066978507a3) Importer(815301076,1909f56bfc062723c751e8b465ee728b) (PreviewImporter) -> (artifact id: 'b2a9f07c47240ea3fabbcd19bbcfb72a') in 0.01714825 seconds
Number of updated asset objects reloaded before import = 0Number of asset objects unloaded after import = 4

========================================================================
Received Import Request.
  Time since last request: 28.970321 seconds.
  path: Assets/Prefabs/Tiles/HexTile (base).prefab
  artifactKey: Guid(65064c3da1d524a7a871f066978507a3) Importer(815301076,1909f56bfc062723c751e8b465ee728b)
Start importing Assets/Prefabs/Tiles/HexTile (base).prefab using Guid(65064c3da1d524a7a871f066978507a3) Importer(815301076,1909f56bfc062723c751e8b465ee728b) (PreviewImporter) -> (artifact id: '0c08ca6a1fc2344309fc13ffb8e358c4') in 0.005036833 seconds
Number of updated asset objects reloaded before import = 0Number of asset objects unloaded after import = 6

========================================================================
Received Import Request.
  Time since last request: 71.413208 seconds.
  path: Assets/Prefabs/Tiles/HexTile (base).prefab
  artifactKey: Guid(65064c3da1d524a7a871f066978507a3) Importer(815301076,1909f56bfc062723c751e8b465ee728b)
Start importing Assets/Prefabs/Tiles/HexTile (base).prefab using Guid(65064c3da1d524a7a871f066978507a3) Importer(815301076,1909f56bfc062723c751e8b465ee728b) (PreviewImporter) -> (artifact id: '451bbf38d61495fad4a89a6e40a4bc92') in 0.002231208 seconds
Number of updated asset objects reloaded before import = 0Number of asset objects unloaded after import = 10

========================================================================
Received Import Request.
  Time since last request: 25.340233 seconds.
  path: Assets/Art/Cells/Models/Buildings/bridge.fbx
  artifactKey: Guid(2e0212825726d4b0bb07eaa3772c0403) Importer(815301076,1909f56bfc062723c751e8b465ee728b)
Start importing Assets/Art/Cells/Models/Buildings/bridge.fbx using Guid(2e0212825726d4b0bb07eaa3772c0403) Importer(815301076,1909f56bfc062723c751e8b465ee728b) (PreviewImporter) -> (artifact id: '7bc184b4cf896fa78aed6f9c89e0b51e') in 0.696768667 seconds
Number of updated asset objects reloaded before import = 0Number of asset objects unloaded after import = 10

========================================================================
Received Import Request.
  Time since last request: 0.724339 seconds.
  path: Assets/Art/Cells/Models/Buildings/building-archery.fbx
  artifactKey: Guid(be75a080ecca349ceb34dcca5cf31ac4) Importer(815301076,1909f56bfc062723c751e8b465ee728b)
Start importing Assets/Art/Cells/Models/Buildings/building-archery.fbx using Guid(be75a080ecca349ceb34dcca5cf31ac4) Importer(815301076,1909f56bfc062723c751e8b465ee728b) (PreviewImporter) -> (artifact id: '69b7f22333ed09536314ca66c9febe2a') in 0.009824292 seconds
Number of updated asset objects reloaded before import = 0Number of asset objects unloaded after import = 9

========================================================================
Received Import Request.
  Time since last request: 26.186773 seconds.
  path: Assets/Prefabs/Tiles/HexTile (base) Variant.prefab
  artifactKey: Guid(84953e02472944be49377e2c725764d4) Importer(815301076,1909f56bfc062723c751e8b465ee728b)
Start importing Assets/Prefabs/Tiles/HexTile (base) Variant.prefab using Guid(84953e02472944be49377e2c725764d4) Importer(815301076,1909f56bfc062723c751e8b465ee728b) (PreviewImporter) -> (artifact id: '1699cab83c699e3bfef8bb971211a9e4') in 0.024686959 seconds
Number of updated asset objects reloaded before import = 0Number of asset objects unloaded after import = 35

========================================================================
Received Import Request.
  Time since last request: 30.057721 seconds.
  path: Assets/Prefabs/Tiles/HexTile (Wizard tower).prefab
  artifactKey: Guid(84953e02472944be49377e2c725764d4) Importer(815301076,1909f56bfc062723c751e8b465ee728b)
Start importing Assets/Prefabs/Tiles/HexTile (Wizard tower).prefab using Guid(84953e02472944be49377e2c725764d4) Importer(815301076,1909f56bfc062723c751e8b465ee728b) (PreviewImporter) -> (artifact id: 'c791363f4b421ecb191859ae385db12f') in 0.033208459 seconds
Number of updated asset objects reloaded before import = 0Number of asset objects unloaded after import = 35

========================================================================
Received Import Request.
  Time since last request: 4.216387 seconds.
  path: Assets/Prefabs/Tiles/HexTile (Wizard Tower).prefab
  artifactKey: Guid(84953e02472944be49377e2c725764d4) Importer(815301076,1909f56bfc062723c751e8b465ee728b)
Start importing Assets/Prefabs/Tiles/HexTile (Wizard Tower).prefab using Guid(84953e02472944be49377e2c725764d4) Importer(815301076,1909f56bfc062723c751e8b465ee728b) (PreviewImporter) -> (artifact id: 'f514696a343dfd1c3efb823580db5e1b') in 0.009841125 seconds
Number of updated asset objects reloaded before import = 0Number of asset objects unloaded after import = 35

========================================================================
Received Import Request.
  Time since last request: 7.358637 seconds.
  path: Assets/Art/Cells/Models/Buildings/building-watermill.fbx
  artifactKey: Guid(2870322596dad471a85e49056b8b1593) Importer(815301076,1909f56bfc062723c751e8b465ee728b)
Start importing Assets/Art/Cells/Models/Buildings/building-watermill.fbx using Guid(2870322596dad471a85e49056b8b1593) Importer(815301076,1909f56bfc062723c751e8b465ee728b) (PreviewImporter) -> (artifact id: 'b2db5eb2ecf9b14816387c3b340b74ed') in 0.026987625 seconds
Number of updated asset objects reloaded before import = 0Number of asset objects unloaded after import = 15

========================================================================
Received Import Request.
  Time since last request: 10.825963 seconds.
  path: Assets/Prefabs/Tiles/HexTile (Wizard Tower) 1.prefab
  artifactKey: Guid(b395637bfe2dc4e5ea4a6b5e06a65e9e) Importer(815301076,1909f56bfc062723c751e8b465ee728b)
Start importing Assets/Prefabs/Tiles/HexTile (Wizard Tower) 1.prefab using Guid(b395637bfe2dc4e5ea4a6b5e06a65e9e) Importer(815301076,1909f56bfc062723c751e8b465ee728b) (PreviewImporter) -> (artifact id: 'c116068166a19f3ddd216ac890ce75a6') in 0.014135417 seconds
Number of updated asset objects reloaded before import = 0Number of asset objects unloaded after import = 35

========================================================================
Received Import Request.
  Time since last request: 4.873791 seconds.
  path: Assets/Resources
  artifactKey: Guid(912427820bce34a0cb92aa7c59b4e5da) Importer(815301076,1909f56bfc062723c751e8b465ee728b)
Start importing Assets/Resources using Guid(912427820bce34a0cb92aa7c59b4e5da) Importer(815301076,1909f56bfc062723c751e8b465ee728b) (PreviewImporter) -> (artifact id: '0ac437614c8db96ccc8331247105a664') in 0.000533792 seconds
Number of updated asset objects reloaded before import = 0Number of asset objects unloaded after import = 0

========================================================================
Received Import Request.
  Time since last request: 10.542798 seconds.
  path: Assets/Prefabs/Tiles/HexTile (Watermill).prefab
  artifactKey: Guid(b395637bfe2dc4e5ea4a6b5e06a65e9e) Importer(815301076,1909f56bfc062723c751e8b465ee728b)
Start importing Assets/Prefabs/Tiles/HexTile (Watermill).prefab using Guid(b395637bfe2dc4e5ea4a6b5e06a65e9e) Importer(815301076,1909f56bfc062723c751e8b465ee728b) (PreviewImporter) -> (artifact id: 'dbd07276b4efd24313be9f93c7975d77') in 0.056299666 seconds
Number of updated asset objects reloaded before import = 0Number of asset objects unloaded after import = 35

========================================================================
Received Import Request.
  Time since last request: 19.660428 seconds.
  path: Assets/Prefabs/Tiles/HexTile (Watermill).prefab
  artifactKey: Guid(b395637bfe2dc4e5ea4a6b5e06a65e9e) Importer(815301076,1909f56bfc062723c751e8b465ee728b)
Start importing Assets/Prefabs/Tiles/HexTile (Watermill).prefab using Guid(b395637bfe2dc4e5ea4a6b5e06a65e9e) Importer(815301076,1909f56bfc062723c751e8b465ee728b) (PreviewImporter) -> (artifact id: '16f8622ec56d8e9ecb3e9d658ada6c65') in 0.036948541 seconds
Number of updated asset objects reloaded before import = 0Number of asset objects unloaded after import = 44

========================================================================
Received Import Request.
  Time since last request: 34.940398 seconds.
  path: Assets/Art/Cells/Models/Buildings/building-walls.fbx
  artifactKey: Guid(d63dfb77cacfa4f9890cfc2f09c91d9b) Importer(815301076,1909f56bfc062723c751e8b465ee728b)
Start importing Assets/Art/Cells/Models/Buildings/building-walls.fbx using Guid(d63dfb77cacfa4f9890cfc2f09c91d9b) Importer(815301076,1909f56bfc062723c751e8b465ee728b) (PreviewImporter) -> (artifact id: 'ab68ff5589112b9a4aa878f7790411db') in 0.06433825 seconds
Number of updated asset objects reloaded before import = 0Number of asset objects unloaded after import = 9

========================================================================
Received Import Request.
  Time since last request: 6.969872 seconds.
  path: Assets/Prefabs/Tiles/HexTile (Wizard Tower) 1.prefab
  artifactKey: Guid(26e7e50be65d44cb78edcea8f3c02f2b) Importer(815301076,1909f56bfc062723c751e8b465ee728b)
Start importing Assets/Prefabs/Tiles/HexTile (Wizard Tower) 1.prefab using Guid(26e7e50be65d44cb78edcea8f3c02f2b) Importer(815301076,1909f56bfc062723c751e8b465ee728b) (PreviewImporter) -> (artifact id: '7b0c123a5dd802cfb0d2a3bc880a97ad') in 0.031915084 seconds
Number of updated asset objects reloaded before import = 0Number of asset objects unloaded after import = 35

========================================================================
Received Import Request.
  Time since last request: 7.658203 seconds.
  path: Assets/Prefabs/Tiles/HexTile (Walls).prefab
  artifactKey: Guid(26e7e50be65d44cb78edcea8f3c02f2b) Importer(815301076,1909f56bfc062723c751e8b465ee728b)
Start importing Assets/Prefabs/Tiles/HexTile (Walls).prefab using Guid(26e7e50be65d44cb78edcea8f3c02f2b) Importer(815301076,1909f56bfc062723c751e8b465ee728b) (PreviewImporter) -> (artifact id: '2ae2a79414d44b786f9887d46b70ee7a') in 0.010686417 seconds
Number of updated asset objects reloaded before import = 0Number of asset objects unloaded after import = 35

========================================================================
Received Import Request.
  Time since last request: 20.793833 seconds.
  path: Assets/Prefabs/Tiles/HexTile (Walls).prefab
  artifactKey: Guid(26e7e50be65d44cb78edcea8f3c02f2b) Importer(815301076,1909f56bfc062723c751e8b465ee728b)
Start importing Assets/Prefabs/Tiles/HexTile (Walls).prefab using Guid(26e7e50be65d44cb78edcea8f3c02f2b) Importer(815301076,1909f56bfc062723c751e8b465ee728b) (PreviewImporter) -> (artifact id: '6db0fadf84b853d7d0155016cfbdd542') in 0.029658917 seconds
Number of updated asset objects reloaded before import = 0Number of asset objects unloaded after import = 35

========================================================================
Received Import Request.
  Time since last request: 0.587531 seconds.
  path: Assets/Prefabs/Tiles/HexTile (Walls) 1.prefab
  artifactKey: Guid(ddb7eb3af46a34db2ab58bb46091787f) Importer(815301076,1909f56bfc062723c751e8b465ee728b)
Start importing Assets/Prefabs/Tiles/HexTile (Walls) 1.prefab using Guid(ddb7eb3af46a34db2ab58bb46091787f) Importer(815301076,1909f56bfc062723c751e8b465ee728b) (PreviewImporter) -> (artifact id: 'b52b300f1d45109890c67e7e063c3a24') in 0.005784459 seconds
Number of updated asset objects reloaded before import = 0Number of asset objects unloaded after import = 35

========================================================================
Received Import Request.
  Time since last request: 3.597598 seconds.
  path: Assets/Prefabs/Tiles/HexTile (Wall).prefab
  artifactKey: Guid(ddb7eb3af46a34db2ab58bb46091787f) Importer(815301076,1909f56bfc062723c751e8b465ee728b)
Start importing Assets/Prefabs/Tiles/HexTile (Wall).prefab using Guid(ddb7eb3af46a34db2ab58bb46091787f) Importer(815301076,1909f56bfc062723c751e8b465ee728b) (PreviewImporter) -> (artifact id: '6936befec5144799e6baa696c22f2079') in 0.0103385 seconds
Number of updated asset objects reloaded before import = 0Number of asset objects unloaded after import = 35

========================================================================
Received Import Request.
  Time since last request: 58.350255 seconds.
  path: Assets/Prefabs/Tiles/HexTile (Wall).prefab
  artifactKey: Guid(ddb7eb3af46a34db2ab58bb46091787f) Importer(815301076,1909f56bfc062723c751e8b465ee728b)
Start importing Assets/Prefabs/Tiles/HexTile (Wall).prefab using Guid(ddb7eb3af46a34db2ab58bb46091787f) Importer(815301076,1909f56bfc062723c751e8b465ee728b) (PreviewImporter) -> (artifact id: 'e693c404d4c4ba327d21462a5aad1116') in 0.06383875 seconds
Number of updated asset objects reloaded before import = 0Number of asset objects unloaded after import = 35

========================================================================
Received Import Request.
  Time since last request: 0.598891 seconds.
  path: Assets/Prefabs/Tiles/HexTile (Wall) 1.prefab
  artifactKey: Guid(a3a3798fc18af46a4bf09150746d9e01) Importer(815301076,1909f56bfc062723c751e8b465ee728b)
Start importing Assets/Prefabs/Tiles/HexTile (Wall) 1.prefab using Guid(a3a3798fc18af46a4bf09150746d9e01) Importer(815301076,1909f56bfc062723c751e8b465ee728b) (PreviewImporter) -> (artifact id: 'f7adb427c28e3eb6d4a4c9667f15106f') in 0.005288833 seconds
Number of updated asset objects reloaded before import = 0Number of asset objects unloaded after import = 35

========================================================================
Received Import Request.
  Time since last request: 9.604127 seconds.
  path: Assets/Prefabs/Tiles/HexTile (Vilalge).prefab
  artifactKey: Guid(a3a3798fc18af46a4bf09150746d9e01) Importer(815301076,1909f56bfc062723c751e8b465ee728b)
Start importing Assets/Prefabs/Tiles/HexTile (Vilalge).prefab using Guid(a3a3798fc18af46a4bf09150746d9e01) Importer(815301076,1909f56bfc062723c751e8b465ee728b) (PreviewImporter) -> (artifact id: 'f22f06dee6634dab372611efa575cbd2') in 0.068177417 seconds
Number of updated asset objects reloaded before import = 0Number of asset objects unloaded after import = 35

========================================================================
Received Import Request.
  Time since last request: 17.204034 seconds.
  path: Assets/Prefabs/Tiles/HexTile (Vilalge).prefab
  artifactKey: Guid(a3a3798fc18af46a4bf09150746d9e01) Importer(815301076,1909f56bfc062723c751e8b465ee728b)
Start importing Assets/Prefabs/Tiles/HexTile (Vilalge).prefab using Guid(a3a3798fc18af46a4bf09150746d9e01) Importer(815301076,1909f56bfc062723c751e8b465ee728b) (PreviewImporter) -> (artifact id: '17fca47104bea1fa4ead8c3462ca46b8') in 0.01832975 seconds
Number of updated asset objects reloaded before import = 0Number of asset objects unloaded after import = 35

========================================================================
Received Import Request.
  Time since last request: 8.555961 seconds.
  path: Assets/Prefabs/Tiles/HexTile (Village).prefab
  artifactKey: Guid(a3a3798fc18af46a4bf09150746d9e01) Importer(815301076,1909f56bfc062723c751e8b465ee728b)
Start importing Assets/Prefabs/Tiles/HexTile (Village).prefab using Guid(a3a3798fc18af46a4bf09150746d9e01) Importer(815301076,1909f56bfc062723c751e8b465ee728b) (PreviewImporter) -> (artifact id: '2be25fecaf5840bcc2cc3d0606f77dae') in 0.018325458 seconds
Number of updated asset objects reloaded before import = 0Number of asset objects unloaded after import = 35

========================================================================
Received Import Request.
  Time since last request: 8.534106 seconds.
  path: Assets/Prefabs/Tiles/HexTile (Base).prefab
  artifactKey: Guid(65064c3da1d524a7a871f066978507a3) Importer(815301076,1909f56bfc062723c751e8b465ee728b)
Start importing Assets/Prefabs/Tiles/HexTile (Base).prefab using Guid(65064c3da1d524a7a871f066978507a3) Importer(815301076,1909f56bfc062723c751e8b465ee728b) (PreviewImporter) -> (artifact id: '77f566afad94f7914cb2a7449403ab1d') in 0.00125675 seconds
Number of updated asset objects reloaded before import = 0Number of asset objects unloaded after import = 10

========================================================================
Received Import Request.
  Time since last request: 12.830984 seconds.
  path: Assets/Prefabs/Tiles/[HexTile] Base.prefab
  artifactKey: Guid(65064c3da1d524a7a871f066978507a3) Importer(815301076,1909f56bfc062723c751e8b465ee728b)
Start importing Assets/Prefabs/Tiles/[HexTile] Base.prefab using Guid(65064c3da1d524a7a871f066978507a3) Importer(815301076,1909f56bfc062723c751e8b465ee728b) (PreviewImporter) -> (artifact id: '776a70bbb53afe632b23a8d81e6e8756') in 0.001187875 seconds
Number of updated asset objects reloaded before import = 0Number of asset objects unloaded after import = 10

========================================================================
Received Import Request.
  Time since last request: 1.438459 seconds.
  path: Assets/Prefabs/Tiles/HexTile (Village).prefab
  artifactKey: Guid(a3a3798fc18af46a4bf09150746d9e01) Importer(815301076,1909f56bfc062723c751e8b465ee728b)
Start importing Assets/Prefabs/Tiles/HexTile (Village).prefab using Guid(a3a3798fc18af46a4bf09150746d9e01) Importer(815301076,1909f56bfc062723c751e8b465ee728b) (PreviewImporter) -> (artifact id: '27b985aa4b0c00200636019edbc1d926') in 0.042761709 seconds
Number of updated asset objects reloaded before import = 0Number of asset objects unloaded after import = 35

========================================================================
Received Import Request.
  Time since last request: 19.788587 seconds.
  path: Assets/Prefabs/Tiles/[HexTile] Village.prefab
  artifactKey: Guid(a3a3798fc18af46a4bf09150746d9e01) Importer(815301076,1909f56bfc062723c751e8b465ee728b)
Start importing Assets/Prefabs/Tiles/[HexTile] Village.prefab using Guid(a3a3798fc18af46a4bf09150746d9e01) Importer(815301076,1909f56bfc062723c751e8b465ee728b) (PreviewImporter) -> (artifact id: 'c84ce459e45f6ee137ea80c0bc28d4eb') in 0.018887125 seconds
Number of updated asset objects reloaded before import = 0Number of asset objects unloaded after import = 35

========================================================================
Received Import Request.
  Time since last request: 1.579157 seconds.
  path: Assets/Prefabs/Tiles/HexTile (Wall).prefab
  artifactKey: Guid(ddb7eb3af46a34db2ab58bb46091787f) Importer(815301076,1909f56bfc062723c751e8b465ee728b)
Start importing Assets/Prefabs/Tiles/HexTile (Wall).prefab using Guid(ddb7eb3af46a34db2ab58bb46091787f) Importer(815301076,1909f56bfc062723c751e8b465ee728b) (PreviewImporter) -> (artifact id: 'e6c0a71bd6e42450f7821e040047d19c') in 0.010898458 seconds
Number of updated asset objects reloaded before import = 0Number of asset objects unloaded after import = 35

========================================================================
Received Import Request.
  Time since last request: 15.842053 seconds.
  path: Assets/Prefabs/Tiles/[HexTile] Building - Village.prefab
  artifactKey: Guid(a3a3798fc18af46a4bf09150746d9e01) Importer(815301076,1909f56bfc062723c751e8b465ee728b)
Start importing Assets/Prefabs/Tiles/[HexTile] Building - Village.prefab using Guid(a3a3798fc18af46a4bf09150746d9e01) Importer(815301076,1909f56bfc062723c751e8b465ee728b) (PreviewImporter) -> (artifact id: '59ca14540333df079072cf71d0fefa67') in 0.019590375 seconds
Number of updated asset objects reloaded before import = 0Number of asset objects unloaded after import = 35

========================================================================
Received Import Request.
  Time since last request: 11.539700 seconds.
  path: Assets/Prefabs/Tiles/HexTile (Walls).prefab
  artifactKey: Guid(26e7e50be65d44cb78edcea8f3c02f2b) Importer(815301076,1909f56bfc062723c751e8b465ee728b)
Start importing Assets/Prefabs/Tiles/HexTile (Walls).prefab using Guid(26e7e50be65d44cb78edcea8f3c02f2b) Importer(815301076,1909f56bfc062723c751e8b465ee728b) (PreviewImporter) -> (artifact id: '4d38566563733ec85fdc94a7a2d02f91') in 0.020387333 seconds
Number of updated asset objects reloaded before import = 0Number of asset objects unloaded after import = 35

========================================================================
Received Import Request.
  Time since last request: 8.972172 seconds.
  path: Assets/Prefabs/Tiles/HexTile Building - Wall.prefab
  artifactKey: Guid(ddb7eb3af46a34db2ab58bb46091787f) Importer(815301076,1909f56bfc062723c751e8b465ee728b)
Start importing Assets/Prefabs/Tiles/HexTile Building - Wall.prefab using Guid(ddb7eb3af46a34db2ab58bb46091787f) Importer(815301076,1909f56bfc062723c751e8b465ee728b) (PreviewImporter) -> (artifact id: '720fb7bc8868ef6f5a9ecc646a6fece1') in 0.024915583 seconds
Number of updated asset objects reloaded before import = 0Number of asset objects unloaded after import = 35

========================================================================
Received Import Request.
  Time since last request: 7.408053 seconds.
  path: Assets/Prefabs/Tiles/[HexTile] Building - Wall.prefab
  artifactKey: Guid(ddb7eb3af46a34db2ab58bb46091787f) Importer(815301076,1909f56bfc062723c751e8b465ee728b)
Start importing Assets/Prefabs/Tiles/[HexTile] Building - Wall.prefab using Guid(ddb7eb3af46a34db2ab58bb46091787f) Importer(815301076,1909f56bfc062723c751e8b465ee728b) (PreviewImporter) -> (artifact id: '66c4f734ef36d2e468019482421364b0') in 0.011102833 seconds
Number of updated asset objects reloaded before import = 0Number of asset objects unloaded after import = 35

========================================================================
Received Import Request.
  Time since last request: 23.315060 seconds.
  path: Assets/Prefabs/Tiles/[HexTile] Building - Walls.prefab
  artifactKey: Guid(26e7e50be65d44cb78edcea8f3c02f2b) Importer(815301076,1909f56bfc062723c751e8b465ee728b)
Start importing Assets/Prefabs/Tiles/[HexTile] Building - Walls.prefab using Guid(26e7e50be65d44cb78edcea8f3c02f2b) Importer(815301076,1909f56bfc062723c751e8b465ee728b) (PreviewImporter) -> (artifact id: '179b352a90d2b91464a37e403a16171e') in 0.019866459 seconds
Number of updated asset objects reloaded before import = 0Number of asset objects unloaded after import = 35

========================================================================
Received Import Request.
  Time since last request: 1.267965 seconds.
  path: Assets/Prefabs/Tiles/HexTile (Watermill).prefab
  artifactKey: Guid(b395637bfe2dc4e5ea4a6b5e06a65e9e) Importer(815301076,1909f56bfc062723c751e8b465ee728b)
Start importing Assets/Prefabs/Tiles/HexTile (Watermill).prefab using Guid(b395637bfe2dc4e5ea4a6b5e06a65e9e) Importer(815301076,1909f56bfc062723c751e8b465ee728b) (PreviewImporter) -> (artifact id: '8e395ff09e17f2f50e2a14dd0576e868') in 0.011209083 seconds
Number of updated asset objects reloaded before import = 0Number of asset objects unloaded after import = 44

========================================================================
Received Import Request.
  Time since last request: 10.554238 seconds.
  path: Assets/Prefabs/Tiles/[HexTile] Building - Watermill.prefab
  artifactKey: Guid(b395637bfe2dc4e5ea4a6b5e06a65e9e) Importer(815301076,1909f56bfc062723c751e8b465ee728b)
Start importing Assets/Prefabs/Tiles/[HexTile] Building - Watermill.prefab using Guid(b395637bfe2dc4e5ea4a6b5e06a65e9e) Importer(815301076,1909f56bfc062723c751e8b465ee728b) (PreviewImporter) -> (artifact id: 'ca757120c95fc1cdd5a13e31339a85ee') in 0.019652209 seconds
Number of updated asset objects reloaded before import = 0Number of asset objects unloaded after import = 44

========================================================================
Received Import Request.
  Time since last request: 0.697800 seconds.
  path: Assets/Prefabs/Tiles/HexTile (Wizard Tower).prefab
  artifactKey: Guid(84953e02472944be49377e2c725764d4) Importer(815301076,1909f56bfc062723c751e8b465ee728b)
Start importing Assets/Prefabs/Tiles/HexTile (Wizard Tower).prefab using Guid(84953e02472944be49377e2c725764d4) Importer(815301076,1909f56bfc062723c751e8b465ee728b) (PreviewImporter) -> (artifact id: '6103b6a7d546a0befb5e83bfcf7d6590') in 0.009378625 seconds
Number of updated asset objects reloaded before import = 0Number of asset objects unloaded after import = 35

========================================================================
Received Import Request.
  Time since last request: 10.759306 seconds.
  path: Assets/Prefabs/Tiles/[HexTile] Building - Wizard Tower.prefab
  artifactKey: Guid(84953e02472944be49377e2c725764d4) Importer(815301076,1909f56bfc062723c751e8b465ee728b)
Start importing Assets/Prefabs/Tiles/[HexTile] Building - Wizard Tower.prefab using Guid(84953e02472944be49377e2c725764d4) Importer(815301076,1909f56bfc062723c751e8b465ee728b) (PreviewImporter) -> (artifact id: '3f0eb028bc79eb1bcd0a6b3657868625') in 0.011558709 seconds
Number of updated asset objects reloaded before import = 0Number of asset objects unloaded after import = 35

========================================================================
Received Import Request.
  Time since last request: 206.170556 seconds.
  path: Assets/Prefabs/Tiles/[HexTile] Base.prefab
  artifactKey: Guid(65064c3da1d524a7a871f066978507a3) Importer(815301076,1909f56bfc062723c751e8b465ee728b)
Start importing Assets/Prefabs/Tiles/[HexTile] Base.prefab using Guid(65064c3da1d524a7a871f066978507a3) Importer(815301076,1909f56bfc062723c751e8b465ee728b) (PreviewImporter) -> (artifact id: 'f8e6dae487071e58d814ab73ba9169ab') in 0.005255958 seconds
Number of updated asset objects reloaded before import = 0Number of asset objects unloaded after import = 9

========================================================================
Received Import Request.
  Time since last request: 2.250347 seconds.
  path: Assets/Prefabs/Tiles/[HexTile] Base.prefab
  artifactKey: Guid(65064c3da1d524a7a871f066978507a3) Importer(815301076,1909f56bfc062723c751e8b465ee728b)
Start importing Assets/Prefabs/Tiles/[HexTile] Base.prefab using Guid(65064c3da1d524a7a871f066978507a3) Importer(815301076,1909f56bfc062723c751e8b465ee728b) (PreviewImporter) -> (artifact id: '26c3f01855364aa562882c2d71bbf336') in 0.001285083 seconds
Number of updated asset objects reloaded before import = 0Number of asset objects unloaded after import = 8

========================================================================
Received Import Request.
  Time since last request: 1.764854 seconds.
  path: Assets/Prefabs/Tiles/[HexTile] Base.prefab
  artifactKey: Guid(65064c3da1d524a7a871f066978507a3) Importer(815301076,1909f56bfc062723c751e8b465ee728b)
Start importing Assets/Prefabs/Tiles/[HexTile] Base.prefab using Guid(65064c3da1d524a7a871f066978507a3) Importer(815301076,1909f56bfc062723c751e8b465ee728b) (PreviewImporter) -> (artifact id: '8d7b04210aa5c1d41092275648d004ec') in 0.001110625 seconds
Number of updated asset objects reloaded before import = 0Number of asset objects unloaded after import = 7

========================================================================
Received Import Request.
  Time since last request: 1.831597 seconds.
  path: Assets/Prefabs/Tiles/[HexTile] Base.prefab
  artifactKey: Guid(65064c3da1d524a7a871f066978507a3) Importer(815301076,1909f56bfc062723c751e8b465ee728b)
Start importing Assets/Prefabs/Tiles/[HexTile] Base.prefab using Guid(65064c3da1d524a7a871f066978507a3) Importer(815301076,1909f56bfc062723c751e8b465ee728b) (PreviewImporter) -> (artifact id: '55f3f767914da8558acff56d5e04e7e5') in 0.001061417 seconds
Number of updated asset objects reloaded before import = 0Number of asset objects unloaded after import = 6

========================================================================
Received Import Request.
  Time since last request: 16.911746 seconds.
  path: Assets/Prefabs/Tiles/[HexTile] Base Variant.prefab
  artifactKey: Guid(c9b0799f4b6a24e29b3034f0636eef7d) Importer(815301076,1909f56bfc062723c751e8b465ee728b)
Start importing Assets/Prefabs/Tiles/[HexTile] Base Variant.prefab using Guid(c9b0799f4b6a24e29b3034f0636eef7d) Importer(815301076,1909f56bfc062723c751e8b465ee728b) (PreviewImporter) -> (artifact id: '6463aca18e60c6e9faf45fe1d3fac099') in 0.001249084 seconds
Number of updated asset objects reloaded before import = 0Number of asset objects unloaded after import = 13

========================================================================
Received Import Request.
  Time since last request: 8.160241 seconds.
  path: Assets/Prefabs/Tiles/[HexTile] Base - Building.prefab
  artifactKey: Guid(c9b0799f4b6a24e29b3034f0636eef7d) Importer(815301076,1909f56bfc062723c751e8b465ee728b)
Start importing Assets/Prefabs/Tiles/[HexTile] Base - Building.prefab using Guid(c9b0799f4b6a24e29b3034f0636eef7d) Importer(815301076,1909f56bfc062723c751e8b465ee728b) (PreviewImporter) -> (artifact id: '58c78ed1fc80563c42a6202877fe1790') in 0.001220666 seconds
Number of updated asset objects reloaded before import = 0Number of asset objects unloaded after import = 13

========================================================================
Received Import Request.
  Time since last request: 45.915009 seconds.
  path: Assets/Prefabs/Tiles/[HexTile] Base - Building.prefab
  artifactKey: Guid(c9b0799f4b6a24e29b3034f0636eef7d) Importer(815301076,1909f56bfc062723c751e8b465ee728b)
Start importing Assets/Prefabs/Tiles/[HexTile] Base - Building.prefab using Guid(c9b0799f4b6a24e29b3034f0636eef7d) Importer(815301076,1909f56bfc062723c751e8b465ee728b) (PreviewImporter) -> (artifact id: 'dae19999bd38bfcfe84683859172baf6') in 0.001905417 seconds
Number of updated asset objects reloaded before import = 0Number of asset objects unloaded after import = 17

========================================================================
Received Import Request.
  Time since last request: 20.400816 seconds.
  path: Assets/Prefabs/Tiles/[HexTile] Base - Building Variant.prefab
  artifactKey: Guid(4acd806e36a114bceb1f9e0709915b91) Importer(815301076,1909f56bfc062723c751e8b465ee728b)
Start importing Assets/Prefabs/Tiles/[HexTile] Base - Building Variant.prefab using Guid(4acd806e36a114bceb1f9e0709915b91) Importer(815301076,1909f56bfc062723c751e8b465ee728b) (PreviewImporter) -> (artifact id: '59fd75b92ad7f838e5792d94221d44c0') in 0.029594917 seconds
Number of updated asset objects reloaded before import = 0Number of asset objects unloaded after import = 41

========================================================================
Received Import Request.
  Time since last request: 11.756623 seconds.
  path: Assets/Prefabs/Tiles/[HexTile] Base - Building (Wizard Tower).prefab
  artifactKey: Guid(4acd806e36a114bceb1f9e0709915b91) Importer(815301076,1909f56bfc062723c751e8b465ee728b)
Start importing Assets/Prefabs/Tiles/[HexTile] Base - Building (Wizard Tower).prefab using Guid(4acd806e36a114bceb1f9e0709915b91) Importer(815301076,1909f56bfc062723c751e8b465ee728b) (PreviewImporter) -> (artifact id: '53b1cabf5d5e2a6405ee17c0a9a8c4cb') in 0.011667375 seconds
Number of updated asset objects reloaded before import = 0Number of asset objects unloaded after import = 41

========================================================================
Received Import Request.
  Time since last request: 23.420967 seconds.
  path: Assets/Art/Cells/Models/Buildings/building-wall.fbx
  artifactKey: Guid(6bf85d8fac0cf44febd9fdf77644ed24) Importer(815301076,1909f56bfc062723c751e8b465ee728b)
Start importing Assets/Art/Cells/Models/Buildings/building-wall.fbx using Guid(6bf85d8fac0cf44febd9fdf77644ed24) Importer(815301076,1909f56bfc062723c751e8b465ee728b) (PreviewImporter) -> (artifact id: 'f0a074e52252a066f7cccd9fd5e9d1ae') in 0.031799875 seconds
Number of updated asset objects reloaded before import = 0Number of asset objects unloaded after import = 9

========================================================================
Received Import Request.
  Time since last request: 0.293704 seconds.
  path: Assets/Art/Cells/Models/Buildings/building-village.fbx
  artifactKey: Guid(69ac99adbd91f4ce8b4b43f06ef1fe7d) Importer(815301076,1909f56bfc062723c751e8b465ee728b)
Start importing Assets/Art/Cells/Models/Buildings/building-village.fbx using Guid(69ac99adbd91f4ce8b4b43f06ef1fe7d) Importer(815301076,1909f56bfc062723c751e8b465ee728b) (PreviewImporter) -> (artifact id: '2e652085a843d7f1d84bc7a8899e2f91') in 0.010247167 seconds
Number of updated asset objects reloaded before import = 0Number of asset objects unloaded after import = 9

========================================================================
Received Import Request.
  Time since last request: 0.296526 seconds.
  path: Assets/Art/Cells/Models/Buildings/building-tower.fbx
  artifactKey: Guid(9d00f36d62dc645709de02877538b12f) Importer(815301076,1909f56bfc062723c751e8b465ee728b)
Start importing Assets/Art/Cells/Models/Buildings/building-tower.fbx using Guid(9d00f36d62dc645709de02877538b12f) Importer(815301076,1909f56bfc062723c751e8b465ee728b) (PreviewImporter) -> (artifact id: '491639bafe8d9a35a76ea2f21ea72d3b') in 0.010068166 seconds
Number of updated asset objects reloaded before import = 0Number of asset objects unloaded after import = 9

========================================================================
Received Import Request.
  Time since last request: 0.284551 seconds.
  path: Assets/Art/Cells/Models/Buildings/building-smelter.fbx
  artifactKey: Guid(3cf77674b9bf84490854b5324a66511f) Importer(815301076,1909f56bfc062723c751e8b465ee728b)
Start importing Assets/Art/Cells/Models/Buildings/building-smelter.fbx using Guid(3cf77674b9bf84490854b5324a66511f) Importer(815301076,1909f56bfc062723c751e8b465ee728b) (PreviewImporter) -> (artifact id: '64737350cb632ea66db49b8cefb0e64f') in 0.010186458 seconds
Number of updated asset objects reloaded before import = 0Number of asset objects unloaded after import = 9

========================================================================
Received Import Request.
  Time since last request: 0.356970 seconds.
  path: Assets/Art/Cells/Models/Buildings/building-sheep.fbx
  artifactKey: Guid(957f1ff0ce4bd4e82887f0a505ba68f2) Importer(815301076,1909f56bfc062723c751e8b465ee728b)
Start importing Assets/Art/Cells/Models/Buildings/building-sheep.fbx using Guid(957f1ff0ce4bd4e82887f0a505ba68f2) Importer(815301076,1909f56bfc062723c751e8b465ee728b) (PreviewImporter) -> (artifact id: '3bc1815157d93cedc25c1def9896f3f6') in 0.010582958 seconds
Number of updated asset objects reloaded before import = 0Number of asset objects unloaded after import = 9

========================================================================
Received Import Request.
  Time since last request: 0.330284 seconds.
  path: Assets/Art/Cells/Models/Buildings/building-port.fbx
  artifactKey: Guid(c8e57356ccf974b92a3bdf8f8e0c3913) Importer(815301076,1909f56bfc062723c751e8b465ee728b)
Start importing Assets/Art/Cells/Models/Buildings/building-port.fbx using Guid(c8e57356ccf974b92a3bdf8f8e0c3913) Importer(815301076,1909f56bfc062723c751e8b465ee728b) (PreviewImporter) -> (artifact id: '4908a3be44812fa34ddc0335b359bdf5') in 0.011174125 seconds
Number of updated asset objects reloaded before import = 0Number of asset objects unloaded after import = 9

========================================================================
Received Import Request.
  Time since last request: 0.328024 seconds.
  path: Assets/Art/Cells/Models/Buildings/building-mine.fbx
  artifactKey: Guid(d55ff192ba78f43dba487fcb69067521) Importer(815301076,1909f56bfc062723c751e8b465ee728b)
Start importing Assets/Art/Cells/Models/Buildings/building-mine.fbx using Guid(d55ff192ba78f43dba487fcb69067521) Importer(815301076,1909f56bfc062723c751e8b465ee728b) (PreviewImporter) -> (artifact id: '793ed0ca0f19de28b17a90eadbc8635a') in 0.01029275 seconds
Number of updated asset objects reloaded before import = 0Number of asset objects unloaded after import = 9

========================================================================
Received Import Request.
  Time since last request: 0.311808 seconds.
  path: Assets/Art/Cells/Models/Buildings/building-mill.fbx
  artifactKey: Guid(e6f6dbb41412641e0b87593546c82fe3) Importer(815301076,1909f56bfc062723c751e8b465ee728b)
Start importing Assets/Art/Cells/Models/Buildings/building-mill.fbx using Guid(e6f6dbb41412641e0b87593546c82fe3) Importer(815301076,1909f56bfc062723c751e8b465ee728b) (PreviewImporter) -> (artifact id: 'aa7841ce423e3a38ab3975386dab862a') in 0.016600042 seconds
Number of updated asset objects reloaded before import = 0Number of asset objects unloaded after import = 15

========================================================================
Received Import Request.
  Time since last request: 0.273268 seconds.
  path: Assets/Art/Cells/Models/Buildings/building-market.fbx
  artifactKey: Guid(d3814604233c847c59674a7590fa9d07) Importer(815301076,1909f56bfc062723c751e8b465ee728b)
Start importing Assets/Art/Cells/Models/Buildings/building-market.fbx using Guid(d3814604233c847c59674a7590fa9d07) Importer(815301076,1909f56bfc062723c751e8b465ee728b) (PreviewImporter) -> (artifact id: '66df1cce3ff9f90b392dc30a5d13d876') in 0.010058584 seconds
Number of updated asset objects reloaded before import = 0Number of asset objects unloaded after import = 9

========================================================================
Received Import Request.
  Time since last request: 0.336649 seconds.
  path: Assets/Art/Cells/Models/Buildings/building-house.fbx
  artifactKey: Guid(ccf107aa915a940eeb7bea68fe35ea6a) Importer(815301076,1909f56bfc062723c751e8b465ee728b)
Start importing Assets/Art/Cells/Models/Buildings/building-house.fbx using Guid(ccf107aa915a940eeb7bea68fe35ea6a) Importer(815301076,1909f56bfc062723c751e8b465ee728b) (PreviewImporter) -> (artifact id: '8efef8164505f24696f9e1ec70027dec') in 0.010799375 seconds
Number of updated asset objects reloaded before import = 0Number of asset objects unloaded after import = 9

========================================================================
Received Import Request.
  Time since last request: 0.317882 seconds.
  path: Assets/Art/Cells/Models/Buildings/building-farm.fbx
  artifactKey: Guid(a144ff92591fa485794cb7158b42029b) Importer(815301076,1909f56bfc062723c751e8b465ee728b)
Start importing Assets/Art/Cells/Models/Buildings/building-farm.fbx using Guid(a144ff92591fa485794cb7158b42029b) Importer(815301076,1909f56bfc062723c751e8b465ee728b) (PreviewImporter) -> (artifact id: 'a5316016c90f5eef94b87afcb732043c') in 0.010120792 seconds
Number of updated asset objects reloaded before import = 0Number of asset objects unloaded after import = 9

========================================================================
Received Import Request.
  Time since last request: 0.326118 seconds.
  path: Assets/Art/Cells/Models/Buildings/building-dock.fbx
  artifactKey: Guid(eba9e9e252415400aaf5f1f83724f857) Importer(815301076,1909f56bfc062723c751e8b465ee728b)
Start importing Assets/Art/Cells/Models/Buildings/building-dock.fbx using Guid(eba9e9e252415400aaf5f1f83724f857) Importer(815301076,1909f56bfc062723c751e8b465ee728b) (PreviewImporter) -> (artifact id: '640af5bfaa96b52df9540671594bcbcb') in 0.01030825 seconds
Number of updated asset objects reloaded before import = 0Number of asset objects unloaded after import = 9

========================================================================
Received Import Request.
  Time since last request: 0.344834 seconds.
  path: Assets/Art/Cells/Models/Buildings/building-castle.fbx
  artifactKey: Guid(416a2865ffce1433c804f82a190c19e4) Importer(815301076,1909f56bfc062723c751e8b465ee728b)
Start importing Assets/Art/Cells/Models/Buildings/building-castle.fbx using Guid(416a2865ffce1433c804f82a190c19e4) Importer(815301076,1909f56bfc062723c751e8b465ee728b) (PreviewImporter) -> (artifact id: '133648a38f701017fe37c1f6732af95f') in 0.009794458 seconds
Number of updated asset objects reloaded before import = 0Number of asset objects unloaded after import = 9

========================================================================
Received Import Request.
  Time since last request: 0.357182 seconds.
  path: Assets/Art/Cells/Models/Buildings/building-cabin.fbx
  artifactKey: Guid(a16a8e510a49e4bf6a009ffaf3573c8d) Importer(815301076,1909f56bfc062723c751e8b465ee728b)
Start importing Assets/Art/Cells/Models/Buildings/building-cabin.fbx using Guid(a16a8e510a49e4bf6a009ffaf3573c8d) Importer(815301076,1909f56bfc062723c751e8b465ee728b) (PreviewImporter) -> (artifact id: 'c48c5d7aba1b2c445df688daff132b33') in 0.009546291 seconds
Number of updated asset objects reloaded before import = 0Number of asset objects unloaded after import = 9

========================================================================
Received Import Request.
  Time since last request: 5.911100 seconds.
  path: Assets/Prefabs/Tiles/[HexTile] Base - Building (Wizard Tower) 1.prefab
  artifactKey: Guid(d1f82b21b62624b28aafa89429f30949) Importer(815301076,1909f56bfc062723c751e8b465ee728b)
Start importing Assets/Prefabs/Tiles/[HexTile] Base - Building (Wizard Tower) 1.prefab using Guid(d1f82b21b62624b28aafa89429f30949) Importer(815301076,1909f56bfc062723c751e8b465ee728b) (PreviewImporter) -> (artifact id: '5fbaa9a8dcde68ffa001e225320ae162') in 0.013647541 seconds
Number of updated asset objects reloaded before import = 0Number of asset objects unloaded after import = 41

========================================================================
Received Import Request.
  Time since last request: 0.594006 seconds.
  path: Assets/Prefabs/Tiles/[HexTile] Base - Building (Wizard Tower) 2.prefab
  artifactKey: Guid(653e9a7fdddb3410cb19c1698f18c63d) Importer(815301076,1909f56bfc062723c751e8b465ee728b)
Start importing Assets/Prefabs/Tiles/[HexTile] Base - Building (Wizard Tower) 2.prefab using Guid(653e9a7fdddb3410cb19c1698f18c63d) Importer(815301076,1909f56bfc062723c751e8b465ee728b) (PreviewImporter) -> (artifact id: '3805598848e29e27329f2b6c5e12e044') in 0.005554333 seconds
Number of updated asset objects reloaded before import = 0Number of asset objects unloaded after import = 41

========================================================================
Received Import Request.
  Time since last request: 0.497616 seconds.
  path: Assets/Prefabs/Tiles/[HexTile] Base - Building (Wizard Tower) 3.prefab
  artifactKey: Guid(c2967ff86ebfd405a9fb9cccca6fd422) Importer(815301076,1909f56bfc062723c751e8b465ee728b)
Start importing Assets/Prefabs/Tiles/[HexTile] Base - Building (Wizard Tower) 3.prefab using Guid(c2967ff86ebfd405a9fb9cccca6fd422) Importer(815301076,1909f56bfc062723c751e8b465ee728b) (PreviewImporter) -> (artifact id: '87c8315af7e6b55f9e1b63a9676a4be0') in 0.005525958 seconds
Number of updated asset objects reloaded before import = 0Number of asset objects unloaded after import = 41

========================================================================
Received Import Request.
  Time since last request: 0.542734 seconds.
  path: Assets/Prefabs/Tiles/[HexTile] Base - Building (Wizard Tower) 4.prefab
  artifactKey: Guid(ef6956f039be947d89f42522b6919b55) Importer(815301076,1909f56bfc062723c751e8b465ee728b)
Start importing Assets/Prefabs/Tiles/[HexTile] Base - Building (Wizard Tower) 4.prefab using Guid(ef6956f039be947d89f42522b6919b55) Importer(815301076,1909f56bfc062723c751e8b465ee728b) (PreviewImporter) -> (artifact id: '34fa03684c5b32c0cb29e0f746dca142') in 0.005393541 seconds
Number of updated asset objects reloaded before import = 0Number of asset objects unloaded after import = 41

========================================================================
Received Import Request.
  Time since last request: 0.399441 seconds.
  path: Assets/Prefabs/Tiles/[HexTile] Base - Building (Wizard Tower) 5.prefab
  artifactKey: Guid(12b2187dd42c348f4a485e09fcdcc040) Importer(815301076,1909f56bfc062723c751e8b465ee728b)
Start importing Assets/Prefabs/Tiles/[HexTile] Base - Building (Wizard Tower) 5.prefab using Guid(12b2187dd42c348f4a485e09fcdcc040) Importer(815301076,1909f56bfc062723c751e8b465ee728b) (PreviewImporter) -> (artifact id: '4010a75f01373a2450491659d4e2166c') in 0.005402333 seconds
Number of updated asset objects reloaded before import = 0Number of asset objects unloaded after import = 41

========================================================================
Received Import Request.
  Time since last request: 0.384421 seconds.
  path: Assets/Prefabs/Tiles/[HexTile] Base - Building (Wizard Tower) 6.prefab
  artifactKey: Guid(4283d97e07f7a4eea9185016d9b05e3d) Importer(815301076,1909f56bfc062723c751e8b465ee728b)
Start importing Assets/Prefabs/Tiles/[HexTile] Base - Building (Wizard Tower) 6.prefab using Guid(4283d97e07f7a4eea9185016d9b05e3d) Importer(815301076,1909f56bfc062723c751e8b465ee728b) (PreviewImporter) -> (artifact id: '83d27c5e72876e1f757f85617f6c8120') in 0.005282416 seconds
Number of updated asset objects reloaded before import = 0Number of asset objects unloaded after import = 41

========================================================================
Received Import Request.
  Time since last request: 0.280768 seconds.
  path: Assets/Prefabs/Tiles/[HexTile] Base - Building (Wizard Tower) 7.prefab
  artifactKey: Guid(ed3c8f00e98544c06a0b3b33d84ce366) Importer(815301076,1909f56bfc062723c751e8b465ee728b)
Start importing Assets/Prefabs/Tiles/[HexTile] Base - Building (Wizard Tower) 7.prefab using Guid(ed3c8f00e98544c06a0b3b33d84ce366) Importer(815301076,1909f56bfc062723c751e8b465ee728b) (PreviewImporter) -> (artifact id: 'd469abf16b74656fa0616f8ec36f769c') in 0.004931792 seconds
Number of updated asset objects reloaded before import = 0Number of asset objects unloaded after import = 41

========================================================================
Received Import Request.
  Time since last request: 0.240230 seconds.
  path: Assets/Prefabs/Tiles/[HexTile] Base - Building (Wizard Tower) 8.prefab
  artifactKey: Guid(0cc781dfb8ace4eb0a67700c0713e4c5) Importer(815301076,1909f56bfc062723c751e8b465ee728b)
Start importing Assets/Prefabs/Tiles/[HexTile] Base - Building (Wizard Tower) 8.prefab using Guid(0cc781dfb8ace4eb0a67700c0713e4c5) Importer(815301076,1909f56bfc062723c751e8b465ee728b) (PreviewImporter) -> (artifact id: '46f98598cd0041d95b5010424a09633d') in 0.005467125 seconds
Number of updated asset objects reloaded before import = 0Number of asset objects unloaded after import = 41

========================================================================
Received Import Request.
  Time since last request: 0.202905 seconds.
  path: Assets/Prefabs/Tiles/[HexTile] Base - Building (Wizard Tower) 9.prefab
  artifactKey: Guid(0b53f665aa0d34411856bd88eaab263a) Importer(815301076,1909f56bfc062723c751e8b465ee728b)
Start importing Assets/Prefabs/Tiles/[HexTile] Base - Building (Wizard Tower) 9.prefab using Guid(0b53f665aa0d34411856bd88eaab263a) Importer(815301076,1909f56bfc062723c751e8b465ee728b) (PreviewImporter) -> (artifact id: '66033e81ab33813dd86bdce94a1ae700') in 0.005475875 seconds
Number of updated asset objects reloaded before import = 0Number of asset objects unloaded after import = 41

========================================================================
Received Import Request.
  Time since last request: 0.195158 seconds.
  path: Assets/Prefabs/Tiles/[HexTile] Base - Building (Wizard Tower) 10.prefab
  artifactKey: Guid(c2aa53df9cc16498cbe72b4ff17a4425) Importer(815301076,1909f56bfc062723c751e8b465ee728b)
Start importing Assets/Prefabs/Tiles/[HexTile] Base - Building (Wizard Tower) 10.prefab using Guid(c2aa53df9cc16498cbe72b4ff17a4425) Importer(815301076,1909f56bfc062723c751e8b465ee728b) (PreviewImporter) -> (artifact id: '481dc36c2af82fd84fa19a196b1dff5a') in 0.005490917 seconds
Number of updated asset objects reloaded before import = 0Number of asset objects unloaded after import = 41

========================================================================
Received Import Request.
  Time since last request: 0.227297 seconds.
  path: Assets/Prefabs/Tiles/[HexTile] Base - Building (Wizard Tower) 11.prefab
  artifactKey: Guid(9d93f63c4a58748c691aac28803e01c7) Importer(815301076,1909f56bfc062723c751e8b465ee728b)
Start importing Assets/Prefabs/Tiles/[HexTile] Base - Building (Wizard Tower) 11.prefab using Guid(9d93f63c4a58748c691aac28803e01c7) Importer(815301076,1909f56bfc062723c751e8b465ee728b) (PreviewImporter) -> (artifact id: '4d911846633c3d4d41839795ba83506a') in 0.005585625 seconds
Number of updated asset objects reloaded before import = 0Number of asset objects unloaded after import = 41

========================================================================
Received Import Request.
  Time since last request: 0.352674 seconds.
  path: Assets/Prefabs/Tiles/[HexTile] Base - Building (Wizard Tower) 12.prefab
  artifactKey: Guid(d398ea43505ec48ba8dc784035949dab) Importer(815301076,1909f56bfc062723c751e8b465ee728b)
Start importing Assets/Prefabs/Tiles/[HexTile] Base - Building (Wizard Tower) 12.prefab using Guid(d398ea43505ec48ba8dc784035949dab) Importer(815301076,1909f56bfc062723c751e8b465ee728b) (PreviewImporter) -> (artifact id: 'bd0dc1cf0afa87253e102a846ea62499') in 0.005315125 seconds
Number of updated asset objects reloaded before import = 0Number of asset objects unloaded after import = 41

========================================================================
Received Import Request.
  Time since last request: 0.361431 seconds.
  path: Assets/Prefabs/Tiles/[HexTile] Base - Building (Wizard Tower) 13.prefab
  artifactKey: Guid(81df5296403dc492d9829a281ea62b3a) Importer(815301076,1909f56bfc062723c751e8b465ee728b)
Start importing Assets/Prefabs/Tiles/[HexTile] Base - Building (Wizard Tower) 13.prefab using Guid(81df5296403dc492d9829a281ea62b3a) Importer(815301076,1909f56bfc062723c751e8b465ee728b) (PreviewImporter) -> (artifact id: '59bf9b4b60eab619c4e2737166ba02ea') in 0.005353875 seconds
Number of updated asset objects reloaded before import = 0Number of asset objects unloaded after import = 41

========================================================================
Received Import Request.
  Time since last request: 0.649647 seconds.
  path: Assets/Prefabs/Tiles/[HexTile] Base - Building (Wizard Tower) 14.prefab
  artifactKey: Guid(bf2d226631748448398fc10179992ba3) Importer(815301076,1909f56bfc062723c751e8b465ee728b)
Start importing Assets/Prefabs/Tiles/[HexTile] Base - Building (Wizard Tower) 14.prefab using Guid(bf2d226631748448398fc10179992ba3) Importer(815301076,1909f56bfc062723c751e8b465ee728b) (PreviewImporter) -> (artifact id: 'f2e990edbb041f4b12525cfd3c5ce85a') in 0.005423417 seconds
Number of updated asset objects reloaded before import = 0Number of asset objects unloaded after import = 41

========================================================================
Received Import Request.
  Time since last request: 0.835186 seconds.
  path: Assets/Prefabs/Tiles/[HexTile] Base - Building (Wizard Tower) 15.prefab
  artifactKey: Guid(a5249fd3e840f471599e17b920e07fd0) Importer(815301076,1909f56bfc062723c751e8b465ee728b)
Start importing Assets/Prefabs/Tiles/[HexTile] Base - Building (Wizard Tower) 15.prefab using Guid(a5249fd3e840f471599e17b920e07fd0) Importer(815301076,1909f56bfc062723c751e8b465ee728b) (PreviewImporter) -> (artifact id: '50ed128291adb71b27a8bac30f8258bd') in 0.005529834 seconds
Number of updated asset objects reloaded before import = 0Number of asset objects unloaded after import = 41

========================================================================
Received Import Request.
  Time since last request: 1.913698 seconds.
  path: Assets/Prefabs/Tiles/[HexTile] Base - Building (Wizard Tower) 16.prefab
  artifactKey: Guid(4704e822c06a54483a3e8a665b8e9378) Importer(815301076,1909f56bfc062723c751e8b465ee728b)
Start importing Assets/Prefabs/Tiles/[HexTile] Base - Building (Wizard Tower) 16.prefab using Guid(4704e822c06a54483a3e8a665b8e9378) Importer(815301076,1909f56bfc062723c751e8b465ee728b) (PreviewImporter) -> (artifact id: '1a14aeb635df6ab8122ee73f02a9c59f') in 0.009606667 seconds
Number of updated asset objects reloaded before import = 0Number of asset objects unloaded after import = 41

========================================================================
Received Import Request.
  Time since last request: 0.731676 seconds.
  path: Assets/Prefabs/Tiles/[HexTile] Base - Building (Wizard Tower) 17.prefab
  artifactKey: Guid(31b08b3dbfd914533878799e24bdc8ea) Importer(815301076,1909f56bfc062723c751e8b465ee728b)
Start importing Assets/Prefabs/Tiles/[HexTile] Base - Building (Wizard Tower) 17.prefab using Guid(31b08b3dbfd914533878799e24bdc8ea) Importer(815301076,1909f56bfc062723c751e8b465ee728b) (PreviewImporter) -> (artifact id: 'd44618f16c4c7b9b40cdeda394a8790b') in 0.005266792 seconds
Number of updated asset objects reloaded before import = 0Number of asset objects unloaded after import = 41

========================================================================
Received Import Request.
  Time since last request: 2.126256 seconds.
  path: Assets/Prefabs/Tiles/[HexTile] Base - Building (Wizard Tower) 18.prefab
  artifactKey: Guid(57b05394157ca431c845523f5277d1d5) Importer(815301076,1909f56bfc062723c751e8b465ee728b)
Start importing Assets/Prefabs/Tiles/[HexTile] Base - Building (Wizard Tower) 18.prefab using Guid(57b05394157ca431c845523f5277d1d5) Importer(815301076,1909f56bfc062723c751e8b465ee728b) (PreviewImporter) -> (artifact id: '1018b5066f84f9832ea0d60938ac8cdf') in 0.01039 seconds
Number of updated asset objects reloaded before import = 0Number of asset objects unloaded after import = 41

========================================================================
Received Import Request.
  Time since last request: 2.151577 seconds.
  path: Assets/Plugins
  artifactKey: Guid(a088c8c79ea8c44ef8c267a968879d38) Importer(815301076,1909f56bfc062723c751e8b465ee728b)
Start importing Assets/Plugins using Guid(a088c8c79ea8c44ef8c267a968879d38) Importer(815301076,1909f56bfc062723c751e8b465ee728b) (PreviewImporter) -> (artifact id: '8bab79a7af138a45fe13c904dad41e63') in 0.000311875 seconds
Number of updated asset objects reloaded before import = 0Number of asset objects unloaded after import = 0

========================================================================
Received Import Request.
  Time since last request: 8.290089 seconds.
  path: Assets/Prefabs/Tiles/[HexTile] Base - Building (Wizard Tower) 1.prefab
  artifactKey: Guid(d1f82b21b62624b28aafa89429f30949) Importer(815301076,1909f56bfc062723c751e8b465ee728b)
Start importing Assets/Prefabs/Tiles/[HexTile] Base - Building (Wizard Tower) 1.prefab using Guid(d1f82b21b62624b28aafa89429f30949) Importer(815301076,1909f56bfc062723c751e8b465ee728b) (PreviewImporter) -> (artifact id: '2df792b10b3153342ff4c76f311f8bde') in 0.054532209 seconds
Number of updated asset objects reloaded before import = 0Number of asset objects unloaded after import = 50

========================================================================
Received Import Request.
  Time since last request: 6.161860 seconds.
  path: Assets/Prefabs/Tiles/[HexTile] Base - Building (Watermill).prefab
  artifactKey: Guid(d1f82b21b62624b28aafa89429f30949) Importer(815301076,1909f56bfc062723c751e8b465ee728b)
Start importing Assets/Prefabs/Tiles/[HexTile] Base - Building (Watermill).prefab using Guid(d1f82b21b62624b28aafa89429f30949) Importer(815301076,1909f56bfc062723c751e8b465ee728b) (PreviewImporter) -> (artifact id: '5eb0d6b447ae8fe615080d98b79ac25b') in 0.011390834 seconds
Number of updated asset objects reloaded before import = 0Number of asset objects unloaded after import = 50

========================================================================
Received Import Request.
  Time since last request: 13.829239 seconds.
  path: Assets/Prefabs/Tiles/[HexTile] Base - Building (Wizard Tower) 2.prefab
  artifactKey: Guid(653e9a7fdddb3410cb19c1698f18c63d) Importer(815301076,1909f56bfc062723c751e8b465ee728b)
Start importing Assets/Prefabs/Tiles/[HexTile] Base - Building (Wizard Tower) 2.prefab using Guid(653e9a7fdddb3410cb19c1698f18c63d) Importer(815301076,1909f56bfc062723c751e8b465ee728b) (PreviewImporter) -> (artifact id: '7d23469ef9acc5e59985b97d1123a4cd') in 0.017309375 seconds
Number of updated asset objects reloaded before import = 0Number of asset objects unloaded after import = 41

========================================================================
Received Import Request.
  Time since last request: 7.699629 seconds.
  path: Assets/Prefabs/Tiles/[HexTile] Base - Building (Walls).prefab
  artifactKey: Guid(653e9a7fdddb3410cb19c1698f18c63d) Importer(815301076,1909f56bfc062723c751e8b465ee728b)
Start importing Assets/Prefabs/Tiles/[HexTile] Base - Building (Walls).prefab using Guid(653e9a7fdddb3410cb19c1698f18c63d) Importer(815301076,1909f56bfc062723c751e8b465ee728b) (PreviewImporter) -> (artifact id: '282202342a5d0e698dd54f205cb97414') in 0.010813667 seconds
Number of updated asset objects reloaded before import = 0Number of asset objects unloaded after import = 41

========================================================================
Received Import Request.
  Time since last request: 9.528030 seconds.
  path: Assets/Prefabs/Tiles/[HexTile] Base - Building (Wizard Tower) 3.prefab
  artifactKey: Guid(c2967ff86ebfd405a9fb9cccca6fd422) Importer(815301076,1909f56bfc062723c751e8b465ee728b)
Start importing Assets/Prefabs/Tiles/[HexTile] Base - Building (Wizard Tower) 3.prefab using Guid(c2967ff86ebfd405a9fb9cccca6fd422) Importer(815301076,1909f56bfc062723c751e8b465ee728b) (PreviewImporter) -> (artifact id: 'ad1bcd95b033da020921fadaf5cb2318') in 0.011186042 seconds
Number of updated asset objects reloaded before import = 0Number of asset objects unloaded after import = 41

========================================================================
Received Import Request.
  Time since last request: 6.996525 seconds.
  path: Assets/Prefabs/Tiles/[HexTile] Base - Building (Wall).prefab
  artifactKey: Guid(c2967ff86ebfd405a9fb9cccca6fd422) Importer(815301076,1909f56bfc062723c751e8b465ee728b)
Start importing Assets/Prefabs/Tiles/[HexTile] Base - Building (Wall).prefab using Guid(c2967ff86ebfd405a9fb9cccca6fd422) Importer(815301076,1909f56bfc062723c751e8b465ee728b) (PreviewImporter) -> (artifact id: '718dfc93308a2022780727aae85ab774') in 0.013212208 seconds
Number of updated asset objects reloaded before import = 0Number of asset objects unloaded after import = 41

========================================================================
Received Import Request.
  Time since last request: 13.778721 seconds.
  path: Assets/Prefabs/Tiles/[HexTile] Base - Building (Wizard Tower) 4.prefab
  artifactKey: Guid(ef6956f039be947d89f42522b6919b55) Importer(815301076,1909f56bfc062723c751e8b465ee728b)
Start importing Assets/Prefabs/Tiles/[HexTile] Base - Building (Wizard Tower) 4.prefab using Guid(ef6956f039be947d89f42522b6919b55) Importer(815301076,1909f56bfc062723c751e8b465ee728b) (PreviewImporter) -> (artifact id: 'e2e65ff8046a27d4e3514608c2c6fe1a') in 0.015116208 seconds
Number of updated asset objects reloaded before import = 0Number of asset objects unloaded after import = 41

========================================================================
Received Import Request.
  Time since last request: 6.912682 seconds.
  path: Assets/Prefabs/Tiles/[HexTile] Base - Building (Village).prefab
  artifactKey: Guid(ef6956f039be947d89f42522b6919b55) Importer(815301076,1909f56bfc062723c751e8b465ee728b)
Start importing Assets/Prefabs/Tiles/[HexTile] Base - Building (Village).prefab using Guid(ef6956f039be947d89f42522b6919b55) Importer(815301076,1909f56bfc062723c751e8b465ee728b) (PreviewImporter) -> (artifact id: 'fa807313934e0f40d200b4677bf02c2a') in 0.0119075 seconds
Number of updated asset objects reloaded before import = 0Number of asset objects unloaded after import = 41

========================================================================
Received Import Request.
  Time since last request: 13.397107 seconds.
  path: Assets/Prefabs/Tiles/[HexTile] Base - Building (Wizard Tower) 5.prefab
  artifactKey: Guid(12b2187dd42c348f4a485e09fcdcc040) Importer(815301076,1909f56bfc062723c751e8b465ee728b)
Start importing Assets/Prefabs/Tiles/[HexTile] Base - Building (Wizard Tower) 5.prefab using Guid(12b2187dd42c348f4a485e09fcdcc040) Importer(815301076,1909f56bfc062723c751e8b465ee728b) (PreviewImporter) -> (artifact id: 'ee74fa9b7b58520c28295354da86cffa') in 0.04628375 seconds
Number of updated asset objects reloaded before import = 0Number of asset objects unloaded after import = 41

========================================================================
Received Import Request.
  Time since last request: 10.194015 seconds.
  path: Assets/Prefabs/Tiles/[HexTile] Base - Building (Tower).prefab
  artifactKey: Guid(12b2187dd42c348f4a485e09fcdcc040) Importer(815301076,1909f56bfc062723c751e8b465ee728b)
Start importing Assets/Prefabs/Tiles/[HexTile] Base - Building (Tower).prefab using Guid(12b2187dd42c348f4a485e09fcdcc040) Importer(815301076,1909f56bfc062723c751e8b465ee728b) (PreviewImporter) -> (artifact id: 'c7e3536aad2b14ed1be5e598d37fa87a') in 0.05378975 seconds
Number of updated asset objects reloaded before import = 0Number of asset objects unloaded after import = 41

========================================================================
Received Import Request.
  Time since last request: 9.745723 seconds.
  path: Assets/Prefabs/Tiles/[HexTile] Base - Building (Wizard Tower) 6.prefab
  artifactKey: Guid(4283d97e07f7a4eea9185016d9b05e3d) Importer(815301076,1909f56bfc062723c751e8b465ee728b)
Start importing Assets/Prefabs/Tiles/[HexTile] Base - Building (Wizard Tower) 6.prefab using Guid(4283d97e07f7a4eea9185016d9b05e3d) Importer(815301076,1909f56bfc062723c751e8b465ee728b) (PreviewImporter) -> (artifact id: '940d1075714ac3d04ba23269c2ad3732') in 0.051837708 seconds
Number of updated asset objects reloaded before import = 0Number of asset objects unloaded after import = 41

========================================================================
Received Import Request.
  Time since last request: 6.987280 seconds.
  path: Assets/Prefabs/Tiles/[HexTile] Base - Building (Smelter).prefab
  artifactKey: Guid(4283d97e07f7a4eea9185016d9b05e3d) Importer(815301076,1909f56bfc062723c751e8b465ee728b)
Start importing Assets/Prefabs/Tiles/[HexTile] Base - Building (Smelter).prefab using Guid(4283d97e07f7a4eea9185016d9b05e3d) Importer(815301076,1909f56bfc062723c751e8b465ee728b) (PreviewImporter) -> (artifact id: '3ac6708e5fb4e5b0a3032341f5cc51f1') in 0.011945125 seconds
Number of updated asset objects reloaded before import = 0Number of asset objects unloaded after import = 41

========================================================================
Received Import Request.
  Time since last request: 20.056427 seconds.
  path: Assets/Prefabs/Tiles/[HexTile] Base - Building (Wizard Tower) 7.prefab
  artifactKey: Guid(ed3c8f00e98544c06a0b3b33d84ce366) Importer(815301076,1909f56bfc062723c751e8b465ee728b)
Start importing Assets/Prefabs/Tiles/[HexTile] Base - Building (Wizard Tower) 7.prefab using Guid(ed3c8f00e98544c06a0b3b33d84ce366) Importer(815301076,1909f56bfc062723c751e8b465ee728b) (PreviewImporter) -> (artifact id: '44eaa2fd2079147c8a52c4bedbc2bc3b') in 0.018902 seconds
Number of updated asset objects reloaded before import = 0Number of asset objects unloaded after import = 41

========================================================================
Received Import Request.
  Time since last request: 6.579854 seconds.
  path: Assets/Prefabs/Tiles/[HexTile] Base - Building (Sheep).prefab
  artifactKey: Guid(ed3c8f00e98544c06a0b3b33d84ce366) Importer(815301076,1909f56bfc062723c751e8b465ee728b)
Start importing Assets/Prefabs/Tiles/[HexTile] Base - Building (Sheep).prefab using Guid(ed3c8f00e98544c06a0b3b33d84ce366) Importer(815301076,1909f56bfc062723c751e8b465ee728b) (PreviewImporter) -> (artifact id: '7b8d0ce2d8a2c9fac5d9df6132fbce01') in 0.012297 seconds
Number of updated asset objects reloaded before import = 0Number of asset objects unloaded after import = 41

========================================================================
Received Import Request.
  Time since last request: 10.773324 seconds.
  path: Assets/Prefabs/Tiles/[HexTile] Base - Building (Wizard Tower) 8.prefab
  artifactKey: Guid(0cc781dfb8ace4eb0a67700c0713e4c5) Importer(815301076,1909f56bfc062723c751e8b465ee728b)
Start importing Assets/Prefabs/Tiles/[HexTile] Base - Building (Wizard Tower) 8.prefab using Guid(0cc781dfb8ace4eb0a67700c0713e4c5) Importer(815301076,1909f56bfc062723c751e8b465ee728b) (PreviewImporter) -> (artifact id: '15e00c6d1bccf2a7d682172c8b3ff8b3') in 0.011572417 seconds
Number of updated asset objects reloaded before import = 0Number of asset objects unloaded after import = 41

========================================================================
Received Import Request.
  Time since last request: 6.717878 seconds.
  path: Assets/Prefabs/Tiles/[HexTile] Base - Building (Port).prefab
  artifactKey: Guid(0cc781dfb8ace4eb0a67700c0713e4c5) Importer(815301076,1909f56bfc062723c751e8b465ee728b)
Start importing Assets/Prefabs/Tiles/[HexTile] Base - Building (Port).prefab using Guid(0cc781dfb8ace4eb0a67700c0713e4c5) Importer(815301076,1909f56bfc062723c751e8b465ee728b) (PreviewImporter) -> (artifact id: '2db0fcdabe444b1a9cc9f87f81112606') in 0.015244542 seconds
Number of updated asset objects reloaded before import = 0Number of asset objects unloaded after import = 41

========================================================================
Received Import Request.
  Time since last request: 9.825314 seconds.
  path: Assets/Prefabs/Tiles/[HexTile] Base - Building (Wizard Tower) 9.prefab
  artifactKey: Guid(0b53f665aa0d34411856bd88eaab263a) Importer(815301076,1909f56bfc062723c751e8b465ee728b)
Start importing Assets/Prefabs/Tiles/[HexTile] Base - Building (Wizard Tower) 9.prefab using Guid(0b53f665aa0d34411856bd88eaab263a) Importer(815301076,1909f56bfc062723c751e8b465ee728b) (PreviewImporter) -> (artifact id: '6bf9c3a2cfe8d34860d2855bf21d0d0b') in 0.015421125 seconds
Number of updated asset objects reloaded before import = 0Number of asset objects unloaded after import = 41

========================================================================
Received Import Request.
  Time since last request: 8.094288 seconds.
  path: Assets/Prefabs/Tiles/[HexTile] Base - Building (Mine).prefab
  artifactKey: Guid(0b53f665aa0d34411856bd88eaab263a) Importer(815301076,1909f56bfc062723c751e8b465ee728b)
Start importing Assets/Prefabs/Tiles/[HexTile] Base - Building (Mine).prefab using Guid(0b53f665aa0d34411856bd88eaab263a) Importer(815301076,1909f56bfc062723c751e8b465ee728b) (PreviewImporter) -> (artifact id: 'cb51fad5042218a704dc2b7194ea53a3') in 0.010760625 seconds
Number of updated asset objects reloaded before import = 0Number of asset objects unloaded after import = 41

========================================================================
Received Import Request.
  Time since last request: 25.727116 seconds.
  path: Assets/Prefabs/Tiles/[HexTile] Base - Building (Wizard Tower) 10.prefab
  artifactKey: Guid(c2aa53df9cc16498cbe72b4ff17a4425) Importer(815301076,1909f56bfc062723c751e8b465ee728b)
Start importing Assets/Prefabs/Tiles/[HexTile] Base - Building (Wizard Tower) 10.prefab using Guid(c2aa53df9cc16498cbe72b4ff17a4425) Importer(815301076,1909f56bfc062723c751e8b465ee728b) (PreviewImporter) -> (artifact id: 'f53fabec8d2f7521ca953d140e458cf4') in 0.026772917 seconds
Number of updated asset objects reloaded before import = 0Number of asset objects unloaded after import = 50

========================================================================
Received Import Request.
  Time since last request: 8.828281 seconds.
  path: Assets/Prefabs/Tiles/[HexTile] Base - Building (Mill).prefab
  artifactKey: Guid(c2aa53df9cc16498cbe72b4ff17a4425) Importer(815301076,1909f56bfc062723c751e8b465ee728b)
Start importing Assets/Prefabs/Tiles/[HexTile] Base - Building (Mill).prefab using Guid(c2aa53df9cc16498cbe72b4ff17a4425) Importer(815301076,1909f56bfc062723c751e8b465ee728b) (PreviewImporter) -> (artifact id: '4670628e7154169553905a08f5438051') in 0.011383292 seconds
Number of updated asset objects reloaded before import = 0Number of asset objects unloaded after import = 50

========================================================================
Received Import Request.
  Time since last request: 12.503669 seconds.
  path: Assets/Prefabs/Tiles/[HexTile] Base - Building (Wizard Tower) 11.prefab
  artifactKey: Guid(9d93f63c4a58748c691aac28803e01c7) Importer(815301076,1909f56bfc062723c751e8b465ee728b)
Start importing Assets/Prefabs/Tiles/[HexTile] Base - Building (Wizard Tower) 11.prefab using Guid(9d93f63c4a58748c691aac28803e01c7) Importer(815301076,1909f56bfc062723c751e8b465ee728b) (PreviewImporter) -> (artifact id: '54c799d89986e68a1d3d701e399b702b') in 0.012316792 seconds
Number of updated asset objects reloaded before import = 0Number of asset objects unloaded after import = 41

========================================================================
Received Import Request.
  Time since last request: 8.301709 seconds.
  path: Assets/Prefabs/Tiles/[HexTile] Base - Building (Market).prefab
  artifactKey: Guid(9d93f63c4a58748c691aac28803e01c7) Importer(815301076,1909f56bfc062723c751e8b465ee728b)
Start importing Assets/Prefabs/Tiles/[HexTile] Base - Building (Market).prefab using Guid(9d93f63c4a58748c691aac28803e01c7) Importer(815301076,1909f56bfc062723c751e8b465ee728b) (PreviewImporter) -> (artifact id: '2e023665663cf1fd0b0d5d55aee6c0a1') in 0.011270333 seconds
Number of updated asset objects reloaded before import = 0Number of asset objects unloaded after import = 41

========================================================================
Received Import Request.
  Time since last request: 11.515333 seconds.
  path: Assets/Prefabs/Tiles/[HexTile] Base - Building (Wizard Tower) 12.prefab
  artifactKey: Guid(d398ea43505ec48ba8dc784035949dab) Importer(815301076,1909f56bfc062723c751e8b465ee728b)
Start importing Assets/Prefabs/Tiles/[HexTile] Base - Building (Wizard Tower) 12.prefab using Guid(d398ea43505ec48ba8dc784035949dab) Importer(815301076,1909f56bfc062723c751e8b465ee728b) (PreviewImporter) -> (artifact id: 'e0ad022fe15fc3d3ef008f5bc6295d97') in 0.010719708 seconds
Number of updated asset objects reloaded before import = 0Number of asset objects unloaded after import = 41

========================================================================
Received Import Request.
  Time since last request: 7.700535 seconds.
  path: Assets/Prefabs/Tiles/[HexTile] Base - Building (House).prefab
  artifactKey: Guid(d398ea43505ec48ba8dc784035949dab) Importer(815301076,1909f56bfc062723c751e8b465ee728b)
Start importing Assets/Prefabs/Tiles/[HexTile] Base - Building (House).prefab using Guid(d398ea43505ec48ba8dc784035949dab) Importer(815301076,1909f56bfc062723c751e8b465ee728b) (PreviewImporter) -> (artifact id: 'fc5185c1e994c56d3621c9c389654556') in 0.010075 seconds
Number of updated asset objects reloaded before import = 0Number of asset objects unloaded after import = 41

========================================================================
Received Import Request.
  Time since last request: 9.202885 seconds.
  path: Assets/Prefabs/Tiles/[HexTile] Base - Building (Wizard Tower) 13.prefab
  artifactKey: Guid(81df5296403dc492d9829a281ea62b3a) Importer(815301076,1909f56bfc062723c751e8b465ee728b)
Start importing Assets/Prefabs/Tiles/[HexTile] Base - Building (Wizard Tower) 13.prefab using Guid(81df5296403dc492d9829a281ea62b3a) Importer(815301076,1909f56bfc062723c751e8b465ee728b) (PreviewImporter) -> (artifact id: '462bbbf0897a3348c6427b9c8d498d25') in 0.012841959 seconds
Number of updated asset objects reloaded before import = 0Number of asset objects unloaded after import = 41

========================================================================
Received Import Request.
  Time since last request: 8.912199 seconds.
  path: Assets/Prefabs/Tiles/[HexTile] Base - Building (Farm).prefab
  artifactKey: Guid(81df5296403dc492d9829a281ea62b3a) Importer(815301076,1909f56bfc062723c751e8b465ee728b)
Start importing Assets/Prefabs/Tiles/[HexTile] Base - Building (Farm).prefab using Guid(81df5296403dc492d9829a281ea62b3a) Importer(815301076,1909f56bfc062723c751e8b465ee728b) (PreviewImporter) -> (artifact id: 'e9f1a607f84a8ff20f519fc09b233427') in 0.010489416 seconds
Number of updated asset objects reloaded before import = 0Number of asset objects unloaded after import = 41

========================================================================
Received Import Request.
  Time since last request: 16.076406 seconds.
  path: Assets/Prefabs/Tiles/[HexTile] Base - Building (Wizard Tower) 14.prefab
  artifactKey: Guid(bf2d226631748448398fc10179992ba3) Importer(815301076,1909f56bfc062723c751e8b465ee728b)
Start importing Assets/Prefabs/Tiles/[HexTile] Base - Building (Wizard Tower) 14.prefab using Guid(bf2d226631748448398fc10179992ba3) Importer(815301076,1909f56bfc062723c751e8b465ee728b) (PreviewImporter) -> (artifact id: '462be65d6aba4a04c4f686bac3a8083f') in 0.015083958 seconds
Number of updated asset objects reloaded before import = 0Number of asset objects unloaded after import = 41

========================================================================
Received Import Request.
  Time since last request: 6.626421 seconds.
  path: Assets/Prefabs/Tiles/[HexTile] Base - Building (Dock).prefab
  artifactKey: Guid(bf2d226631748448398fc10179992ba3) Importer(815301076,1909f56bfc062723c751e8b465ee728b)
Start importing Assets/Prefabs/Tiles/[HexTile] Base - Building (Dock).prefab using Guid(bf2d226631748448398fc10179992ba3) Importer(815301076,1909f56bfc062723c751e8b465ee728b) (PreviewImporter) -> (artifact id: '9cc43ef7437cb4e76ad4a5d73ca38730') in 0.0244375 seconds
Number of updated asset objects reloaded before import = 0Number of asset objects unloaded after import = 41

========================================================================
Received Import Request.
  Time since last request: 28.893756 seconds.
  path: Assets/Prefabs/Tiles/[HexTile] Base - Building (Wizard Tower) 15.prefab
  artifactKey: Guid(a5249fd3e840f471599e17b920e07fd0) Importer(815301076,1909f56bfc062723c751e8b465ee728b)
Start importing Assets/Prefabs/Tiles/[HexTile] Base - Building (Wizard Tower) 15.prefab using Guid(a5249fd3e840f471599e17b920e07fd0) Importer(815301076,1909f56bfc062723c751e8b465ee728b) (PreviewImporter) -> (artifact id: '250e9f5a8e8070e4753cdd2490228d62') in 0.018897167 seconds
Number of updated asset objects reloaded before import = 0Number of asset objects unloaded after import = 41

========================================================================
Received Import Request.
  Time since last request: 6.821556 seconds.
  path: Assets/Prefabs/Tiles/[HexTile] Base - Building (Castle).prefab
  artifactKey: Guid(a5249fd3e840f471599e17b920e07fd0) Importer(815301076,1909f56bfc062723c751e8b465ee728b)
Start importing Assets/Prefabs/Tiles/[HexTile] Base - Building (Castle).prefab using Guid(a5249fd3e840f471599e17b920e07fd0) Importer(815301076,1909f56bfc062723c751e8b465ee728b) (PreviewImporter) -> (artifact id: 'f10eb57cd762b79d1946979dc1dbd9c7') in 0.011985417 seconds
Number of updated asset objects reloaded before import = 0Number of asset objects unloaded after import = 41

========================================================================
Received Import Request.
  Time since last request: 15.092332 seconds.
  path: Assets/Prefabs/Tiles/[HexTile] Base - Building (Wizard Tower) 16.prefab
  artifactKey: Guid(4704e822c06a54483a3e8a665b8e9378) Importer(815301076,1909f56bfc062723c751e8b465ee728b)
Start importing Assets/Prefabs/Tiles/[HexTile] Base - Building (Wizard Tower) 16.prefab using Guid(4704e822c06a54483a3e8a665b8e9378) Importer(815301076,1909f56bfc062723c751e8b465ee728b) (PreviewImporter) -> (artifact id: 'eab4a2e57121c304a7c038f649c6c692') in 0.016873167 seconds
Number of updated asset objects reloaded before import = 0Number of asset objects unloaded after import = 41

========================================================================
Received Import Request.
  Time since last request: 9.488322 seconds.
  path: Assets/Prefabs/Tiles/[HexTile] Base - Building (Cabin).prefab
  artifactKey: Guid(4704e822c06a54483a3e8a665b8e9378) Importer(815301076,1909f56bfc062723c751e8b465ee728b)
Start importing Assets/Prefabs/Tiles/[HexTile] Base - Building (Cabin).prefab using Guid(4704e822c06a54483a3e8a665b8e9378) Importer(815301076,1909f56bfc062723c751e8b465ee728b) (PreviewImporter) -> (artifact id: 'a4ecd49816672c718ea4f144a24c5484') in 0.011181875 seconds
Number of updated asset objects reloaded before import = 0Number of asset objects unloaded after import = 41

========================================================================
Received Import Request.
  Time since last request: 20.920339 seconds.
  path: Assets/Prefabs/Tiles/[HexTile] Base - Building (Wizard Tower) 17.prefab
  artifactKey: Guid(31b08b3dbfd914533878799e24bdc8ea) Importer(815301076,1909f56bfc062723c751e8b465ee728b)
Start importing Assets/Prefabs/Tiles/[HexTile] Base - Building (Wizard Tower) 17.prefab using Guid(31b08b3dbfd914533878799e24bdc8ea) Importer(815301076,1909f56bfc062723c751e8b465ee728b) (PreviewImporter) -> (artifact id: '2aea12561bbdcce2b58586b404c9e749') in 0.043258125 seconds
Number of updated asset objects reloaded before import = 0Number of asset objects unloaded after import = 41

========================================================================
Received Import Request.
  Time since last request: 7.833668 seconds.
  path: Assets/Prefabs/Tiles/[HexTile] Base - Building (Archery).prefab
  artifactKey: Guid(31b08b3dbfd914533878799e24bdc8ea) Importer(815301076,1909f56bfc062723c751e8b465ee728b)
Start importing Assets/Prefabs/Tiles/[HexTile] Base - Building (Archery).prefab using Guid(31b08b3dbfd914533878799e24bdc8ea) Importer(815301076,1909f56bfc062723c751e8b465ee728b) (PreviewImporter) -> (artifact id: '3b724481227e149d8840560d7b793be4') in 0.041181458 seconds
Number of updated asset objects reloaded before import = 0Number of asset objects unloaded after import = 41

========================================================================
Received Import Request.
  Time since last request: 17.618355 seconds.
  path: Assets/Prefabs/Tiles/[HexTile] Base - Building (Wizard Tower) 18.prefab
  artifactKey: Guid(57b05394157ca431c845523f5277d1d5) Importer(815301076,1909f56bfc062723c751e8b465ee728b)
Start importing Assets/Prefabs/Tiles/[HexTile] Base - Building (Wizard Tower) 18.prefab using Guid(57b05394157ca431c845523f5277d1d5) Importer(815301076,1909f56bfc062723c751e8b465ee728b) (PreviewImporter) -> (artifact id: '9b50c062ccf2b5cc1304fec7c2eadb90') in 0.024258792 seconds
Number of updated asset objects reloaded before import = 0Number of asset objects unloaded after import = 41

========================================================================
Received Import Request.
  Time since last request: 13.468864 seconds.
  path: Assets/Prefabs/Tiles/[HexTile] Base - Building (Bridge).prefab
  artifactKey: Guid(57b05394157ca431c845523f5277d1d5) Importer(815301076,1909f56bfc062723c751e8b465ee728b)
Start importing Assets/Prefabs/Tiles/[HexTile] Base - Building (Bridge).prefab using Guid(57b05394157ca431c845523f5277d1d5) Importer(815301076,1909f56bfc062723c751e8b465ee728b) (PreviewImporter) -> (artifact id: '7d730dfaaa52e8e666d75af06b52b073') in 0.011401208 seconds
Number of updated asset objects reloaded before import = 0Number of asset objects unloaded after import = 41

========================================================================
Received Import Request.
  Time since last request: 16.806813 seconds.
  path: Assets/Data/Board/BoardConfig.asset
  artifactKey: Guid(c133cef94bd363f4bbc6a8cb6113dc9e) Importer(815301076,1909f56bfc062723c751e8b465ee728b)
Start importing Assets/Data/Board/BoardConfig.asset using Guid(c133cef94bd363f4bbc6a8cb6113dc9e) Importer(815301076,1909f56bfc062723c751e8b465ee728b) (PreviewImporter) -> (artifact id: '94cf1a3f0db8d6e03233ebc1777d5b07') in 0.001907083 seconds
Number of updated asset objects reloaded before import = 0Number of asset objects unloaded after import = 1

========================================================================
Received Import Request.
  Time since last request: 3.816591 seconds.
  path: Assets/Data/Tiles
  artifactKey: Guid(a8a1b3e368b774c04b4a9e6dd6a4de38) Importer(815301076,1909f56bfc062723c751e8b465ee728b)
Start importing Assets/Data/Tiles using Guid(a8a1b3e368b774c04b4a9e6dd6a4de38) Importer(815301076,1909f56bfc062723c751e8b465ee728b) (PreviewImporter) -> (artifact id: '423e90b8a3a1d87999943ae7fcbd88e2') in 0.000297542 seconds
Number of updated asset objects reloaded before import = 0Number of asset objects unloaded after import = 0

========================================================================
Received Import Request.
  Time since last request: 1.177625 seconds.
  path: Assets/Data/Tiles/TilesCollection.asset
  artifactKey: Guid(1767cd80d7ccc41f9a80cdb373f75776) Importer(815301076,1909f56bfc062723c751e8b465ee728b)
Start importing Assets/Data/Tiles/TilesCollection.asset using Guid(1767cd80d7ccc41f9a80cdb373f75776) Importer(815301076,1909f56bfc062723c751e8b465ee728b) (PreviewImporter) -> (artifact id: '72ba280641fe096d27ccdee90740da18') in 0.002428916 seconds
Number of updated asset objects reloaded before import = 0Number of asset objects unloaded after import = 24

========================================================================
Received Import Request.
  Time since last request: 3.980522 seconds.
  path: Assets/Data/Tiles/HexTilesCollection.asset
  artifactKey: Guid(1767cd80d7ccc41f9a80cdb373f75776) Importer(815301076,1909f56bfc062723c751e8b465ee728b)
Start importing Assets/Data/Tiles/HexTilesCollection.asset using Guid(1767cd80d7ccc41f9a80cdb373f75776) Importer(815301076,1909f56bfc062723c751e8b465ee728b) (PreviewImporter) -> (artifact id: '8f621dbcf91af0a7d868ffde18ae54c4') in 0.001561375 seconds
Number of updated asset objects reloaded before import = 0Number of asset objects unloaded after import = 24

========================================================================
Received Import Request.
  Time since last request: 192.202902 seconds.
  path: Assets/Prefabs/Tiles/[HexTile] Base - Building 1.prefab
  artifactKey: Guid(e55408cd0487245bab8377a082db90c6) Importer(815301076,1909f56bfc062723c751e8b465ee728b)
Start importing Assets/Prefabs/Tiles/[HexTile] Base - Building 1.prefab using Guid(e55408cd0487245bab8377a082db90c6) Importer(815301076,1909f56bfc062723c751e8b465ee728b) (PreviewImporter) -> (artifact id: 'cb4aeda52d84ca77dc7c9e52d28bbf50') in 0.002747916 seconds
Number of updated asset objects reloaded before import = 0Number of asset objects unloaded after import = 17

========================================================================
Received Import Request.
  Time since last request: 14.357599 seconds.
  path: Assets/Prefabs/Tiles/[HexTile] Base - Ground.prefab
  artifactKey: Guid(e55408cd0487245bab8377a082db90c6) Importer(815301076,1909f56bfc062723c751e8b465ee728b)
Start importing Assets/Prefabs/Tiles/[HexTile] Base - Ground.prefab using Guid(e55408cd0487245bab8377a082db90c6) Importer(815301076,1909f56bfc062723c751e8b465ee728b) (PreviewImporter) -> (artifact id: '634fd78a268899de10fe7f2235e4431e') in 0.002508416 seconds
Number of updated asset objects reloaded before import = 0Number of asset objects unloaded after import = 17

========================================================================
Received Import Request.
  Time since last request: 16.408990 seconds.
  path: Assets/Art/Cells/Models/Misc/unit-house.fbx
  artifactKey: Guid(2a34e7499a8c04becb6cdd51ef7bdce1) Importer(815301076,1909f56bfc062723c751e8b465ee728b)
Start importing Assets/Art/Cells/Models/Misc/unit-house.fbx using Guid(2a34e7499a8c04becb6cdd51ef7bdce1) Importer(815301076,1909f56bfc062723c751e8b465ee728b) (PreviewImporter) -> (artifact id: '30a59734f8d3dcd111162292cbf705ec') in 0.055336917 seconds
Number of updated asset objects reloaded before import = 0Number of asset objects unloaded after import = 9

========================================================================
Received Import Request.
  Time since last request: 1.131877 seconds.
  path: Assets/Art/Cells/Models/Misc/unit-mill.fbx
  artifactKey: Guid(91a9c23393676496f878ffe76a684927) Importer(815301076,1909f56bfc062723c751e8b465ee728b)
Start importing Assets/Art/Cells/Models/Misc/unit-mill.fbx using Guid(91a9c23393676496f878ffe76a684927) Importer(815301076,1909f56bfc062723c751e8b465ee728b) (PreviewImporter) -> (artifact id: 'f0bcb48578a3508d35f6160129aa9a56') in 0.025381792 seconds
Number of updated asset objects reloaded before import = 0Number of asset objects unloaded after import = 15

========================================================================
Received Import Request.
  Time since last request: 3.559674 seconds.
  path: Assets/Art/Cells/Models/Nature/dirt-lumber.fbx
  artifactKey: Guid(b04d4a865f7ea4740b1e585a3e1125c6) Importer(815301076,1909f56bfc062723c751e8b465ee728b)
Start importing Assets/Art/Cells/Models/Nature/dirt-lumber.fbx using Guid(b04d4a865f7ea4740b1e585a3e1125c6) Importer(815301076,1909f56bfc062723c751e8b465ee728b) (PreviewImporter) -> (artifact id: '8e6a29a59020c38f9d9eafccc9798358') in 0.019539958 seconds
Number of updated asset objects reloaded before import = 0Number of asset objects unloaded after import = 9

========================================================================
Received Import Request.
  Time since last request: 0.696322 seconds.
  path: Assets/Art/Cells/Models/Nature/grass-forest.fbx
  artifactKey: Guid(af01bc58a873f459aa3d204697085665) Importer(815301076,1909f56bfc062723c751e8b465ee728b)
Start importing Assets/Art/Cells/Models/Nature/grass-forest.fbx using Guid(af01bc58a873f459aa3d204697085665) Importer(815301076,1909f56bfc062723c751e8b465ee728b) (PreviewImporter) -> (artifact id: 'bc125c8aa58b085458500f8f38d3c76e') in 0.010265334 seconds
Number of updated asset objects reloaded before import = 0Number of asset objects unloaded after import = 9

========================================================================
Received Import Request.
  Time since last request: 0.751549 seconds.
  path: Assets/Art/Cells/Models/Nature/grass-hill.fbx
  artifactKey: Guid(a470300fbaea24e728254a543a55d88f) Importer(815301076,1909f56bfc062723c751e8b465ee728b)
Start importing Assets/Art/Cells/Models/Nature/grass-hill.fbx using Guid(a470300fbaea24e728254a543a55d88f) Importer(815301076,1909f56bfc062723c751e8b465ee728b) (PreviewImporter) -> (artifact id: 'f4bfb10ba3ebf6b8ad4ae3b1dc82520b') in 0.010020625 seconds
Number of updated asset objects reloaded before import = 0Number of asset objects unloaded after import = 9

========================================================================
Received Import Request.
  Time since last request: 0.631789 seconds.
  path: Assets/Art/Cells/Models/Nature/sand-desert.fbx
  artifactKey: Guid(2ee88941755bc40fb8d75e527c0607eb) Importer(815301076,1909f56bfc062723c751e8b465ee728b)
Start importing Assets/Art/Cells/Models/Nature/sand-desert.fbx using Guid(2ee88941755bc40fb8d75e527c0607eb) Importer(815301076,1909f56bfc062723c751e8b465ee728b) (PreviewImporter) -> (artifact id: '29e66a202d01d12281bb09f5e27e4bab') in 0.0103755 seconds
Number of updated asset objects reloaded before import = 0Number of asset objects unloaded after import = 9

========================================================================
Received Import Request.
  Time since last request: 1.440799 seconds.
  path: Assets/Art/Cells/Models/Nature/sand-rocks.fbx
  artifactKey: Guid(286020963cbcf4cf48507166d3598615) Importer(815301076,1909f56bfc062723c751e8b465ee728b)
Start importing Assets/Art/Cells/Models/Nature/sand-rocks.fbx using Guid(286020963cbcf4cf48507166d3598615) Importer(815301076,1909f56bfc062723c751e8b465ee728b) (PreviewImporter) -> (artifact id: '173fa44f9546f70f01e3bbb60f9d3e53') in 0.014735667 seconds
Number of updated asset objects reloaded before import = 0Number of asset objects unloaded after import = 9

========================================================================
Received Import Request.
  Time since last request: 0.123181 seconds.
  path: Assets/Art/Cells/Models/Nature/sand.fbx
  artifactKey: Guid(6c6c24a423e9644ffbe253938ce92927) Importer(815301076,1909f56bfc062723c751e8b465ee728b)
Start importing Assets/Art/Cells/Models/Nature/sand.fbx using Guid(6c6c24a423e9644ffbe253938ce92927) Importer(815301076,1909f56bfc062723c751e8b465ee728b) (PreviewImporter) -> (artifact id: '4c2031ae50be0e16e95001873135b7f1') in 0.010278833 seconds
Number of updated asset objects reloaded before import = 0Number of asset objects unloaded after import = 9

========================================================================
Received Import Request.
  Time since last request: 0.131706 seconds.
  path: Assets/Art/Cells/Models/Nature/stone-hill.fbx
  artifactKey: Guid(e0c05aea0bb094b208001329b7154d29) Importer(815301076,1909f56bfc062723c751e8b465ee728b)
Start importing Assets/Art/Cells/Models/Nature/stone-hill.fbx using Guid(e0c05aea0bb094b208001329b7154d29) Importer(815301076,1909f56bfc062723c751e8b465ee728b) (PreviewImporter) -> (artifact id: '8ba53ce51891b977edd11a334962e937') in 0.010377209 seconds
Number of updated asset objects reloaded before import = 0Number of asset objects unloaded after import = 9

========================================================================
Received Import Request.
  Time since last request: 0.140359 seconds.
  path: Assets/Art/Cells/Models/Nature/stone-mountain.fbx
  artifactKey: Guid(001164137ba2743b9a008517afa14894) Importer(815301076,1909f56bfc062723c751e8b465ee728b)
Start importing Assets/Art/Cells/Models/Nature/stone-mountain.fbx using Guid(001164137ba2743b9a008517afa14894) Importer(815301076,1909f56bfc062723c751e8b465ee728b) (PreviewImporter) -> (artifact id: '2d154ac5a743c4cc82b36d5b20b41c89') in 0.021669084 seconds
Number of updated asset objects reloaded before import = 0Number of asset objects unloaded after import = 9

========================================================================
Received Import Request.
  Time since last request: 0.117739 seconds.
  path: Assets/Art/Cells/Models/Nature/stone-rocks.fbx
  artifactKey: Guid(c241ca9e4baf048d9882b71ea49ad43b) Importer(815301076,1909f56bfc062723c751e8b465ee728b)
Start importing Assets/Art/Cells/Models/Nature/stone-rocks.fbx using Guid(c241ca9e4baf048d9882b71ea49ad43b) Importer(815301076,1909f56bfc062723c751e8b465ee728b) (PreviewImporter) -> (artifact id: 'b1022000c80322efae66d2214b8446e1') in 0.010472166 seconds
Number of updated asset objects reloaded before import = 0Number of asset objects unloaded after import = 9

========================================================================
Received Import Request.
  Time since last request: 0.136787 seconds.
  path: Assets/Art/Cells/Models/Nature/stone.fbx
  artifactKey: Guid(574da73cc57944299926b4ce098a24d2) Importer(815301076,1909f56bfc062723c751e8b465ee728b)
Start importing Assets/Art/Cells/Models/Nature/stone.fbx using Guid(574da73cc57944299926b4ce098a24d2) Importer(815301076,1909f56bfc062723c751e8b465ee728b) (PreviewImporter) -> (artifact id: '7fbba9911c21ecfec815d5252fd7ace1') in 0.012506209 seconds
Number of updated asset objects reloaded before import = 0Number of asset objects unloaded after import = 9

========================================================================
Received Import Request.
  Time since last request: 0.130556 seconds.
  path: Assets/Art/Cells/Models/Nature/water-island.fbx
  artifactKey: Guid(ec69a3bed12644fc7be1f7a50b0cbeb9) Importer(815301076,1909f56bfc062723c751e8b465ee728b)
Start importing Assets/Art/Cells/Models/Nature/water-island.fbx using Guid(ec69a3bed12644fc7be1f7a50b0cbeb9) Importer(815301076,1909f56bfc062723c751e8b465ee728b) (PreviewImporter) -> (artifact id: '1a5fdfd4c8024b04c97bdffa19ca26f3') in 0.010298 seconds
Number of updated asset objects reloaded before import = 0Number of asset objects unloaded after import = 9

========================================================================
Received Import Request.
  Time since last request: 0.134964 seconds.
  path: Assets/Art/Cells/Models/Nature/water-rocks.fbx
  artifactKey: Guid(56a1aa7794e1f4bef8426c57a115a281) Importer(815301076,1909f56bfc062723c751e8b465ee728b)
Start importing Assets/Art/Cells/Models/Nature/water-rocks.fbx using Guid(56a1aa7794e1f4bef8426c57a115a281) Importer(815301076,1909f56bfc062723c751e8b465ee728b) (PreviewImporter) -> (artifact id: 'ae2716cba0e3ad3350337d00c367fe04') in 0.010218916 seconds
Number of updated asset objects reloaded before import = 0Number of asset objects unloaded after import = 9

========================================================================
Received Import Request.
  Time since last request: 0.127280 seconds.
  path: Assets/Art/Cells/Models/Nature/water.fbx
  artifactKey: Guid(90dc175a517bf415eadfdccaf7816745) Importer(815301076,1909f56bfc062723c751e8b465ee728b)
Start importing Assets/Art/Cells/Models/Nature/water.fbx using Guid(90dc175a517bf415eadfdccaf7816745) Importer(815301076,1909f56bfc062723c751e8b465ee728b) (PreviewImporter) -> (artifact id: '93979301c8c1e07f484ddfe47f371379') in 0.010138625 seconds
Number of updated asset objects reloaded before import = 0Number of asset objects unloaded after import = 9

========================================================================
Received Import Request.
  Time since last request: 4.717991 seconds.
  path: Assets/Art/Cells/Models/Nature/grass.fbx
  artifactKey: Guid(0ef53820d1ced487280c6a4fddb77a8a) Importer(815301076,1909f56bfc062723c751e8b465ee728b)
Start importing Assets/Art/Cells/Models/Nature/grass.fbx using Guid(0ef53820d1ced487280c6a4fddb77a8a) Importer(815301076,1909f56bfc062723c751e8b465ee728b) (PreviewImporter) -> (artifact id: '7445d133a21d9addbc0f6407dfdea24d') in 0.016037167 seconds
Number of updated asset objects reloaded before import = 0Number of asset objects unloaded after import = 9

========================================================================
Received Import Request.
  Time since last request: 0.472784 seconds.
  path: Assets/Art/Cells/Models/Nature/dirt.fbx
  artifactKey: Guid(ac86a1686ae4d4cf0bccd7b56766a2be) Importer(815301076,1909f56bfc062723c751e8b465ee728b)
Start importing Assets/Art/Cells/Models/Nature/dirt.fbx using Guid(ac86a1686ae4d4cf0bccd7b56766a2be) Importer(815301076,1909f56bfc062723c751e8b465ee728b) (PreviewImporter) -> (artifact id: 'b223b932506e4dfc596478665be62e82') in 0.01012225 seconds
Number of updated asset objects reloaded before import = 0Number of asset objects unloaded after import = 9

========================================================================
Received Import Request.
  Time since last request: 0.329024 seconds.
  path: Assets/Art/Cells/Models/Nature
  artifactKey: Guid(4097a600a0c884a1b8a54082ab304f56) Importer(815301076,1909f56bfc062723c751e8b465ee728b)
Start importing Assets/Art/Cells/Models/Nature using Guid(4097a600a0c884a1b8a54082ab304f56) Importer(815301076,1909f56bfc062723c751e8b465ee728b) (PreviewImporter) -> (artifact id: '1461c659bbb246301b60f84bdde6cbb2') in 0.000370041 seconds
Number of updated asset objects reloaded before import = 0Number of asset objects unloaded after import = 0

========================================================================
Received Import Request.
  Time since last request: 20.257088 seconds.
  path: Assets/Art/Cells/Models/River/river-corner-sharp.fbx
  artifactKey: Guid(d456aaccc1a0547ac9f8441859d591aa) Importer(815301076,1909f56bfc062723c751e8b465ee728b)
Start importing Assets/Art/Cells/Models/River/river-corner-sharp.fbx using Guid(d456aaccc1a0547ac9f8441859d591aa) Importer(815301076,1909f56bfc062723c751e8b465ee728b) (PreviewImporter) -> (artifact id: '80debed3a13ca33427d49a33100ccbf2') in 0.016559292 seconds
Number of updated asset objects reloaded before import = 0Number of asset objects unloaded after import = 9

========================================================================
Received Import Request.
  Time since last request: 0.952194 seconds.
  path: Assets/Art/Cells/Models/River/river-corner.fbx
  artifactKey: Guid(c041de1e5cf514ecabfd4b55865a4c9e) Importer(815301076,1909f56bfc062723c751e8b465ee728b)
Start importing Assets/Art/Cells/Models/River/river-corner.fbx using Guid(c041de1e5cf514ecabfd4b55865a4c9e) Importer(815301076,1909f56bfc062723c751e8b465ee728b) (PreviewImporter) -> (artifact id: '434029a2dfe204a2d70d5254eddf0c94') in 0.010564459 seconds
Number of updated asset objects reloaded before import = 0Number of asset objects unloaded after import = 9

========================================================================
Received Import Request.
  Time since last request: 0.147136 seconds.
  path: Assets/Art/Cells/Models/River/river-crossing.fbx
  artifactKey: Guid(d637ae20f0a9e4d12b276ff7bdc9003f) Importer(815301076,1909f56bfc062723c751e8b465ee728b)
Start importing Assets/Art/Cells/Models/River/river-crossing.fbx using Guid(d637ae20f0a9e4d12b276ff7bdc9003f) Importer(815301076,1909f56bfc062723c751e8b465ee728b) (PreviewImporter) -> (artifact id: 'd2137452213ee4f8c178c85f1cbf1b82') in 0.010274042 seconds
Number of updated asset objects reloaded before import = 0Number of asset objects unloaded after import = 9

========================================================================
Received Import Request.
  Time since last request: 0.140225 seconds.
  path: Assets/Art/Cells/Models/River/river-end.fbx
  artifactKey: Guid(d62dff2001a84465ab7d454fab9ea414) Importer(815301076,1909f56bfc062723c751e8b465ee728b)
Start importing Assets/Art/Cells/Models/River/river-end.fbx using Guid(d62dff2001a84465ab7d454fab9ea414) Importer(815301076,1909f56bfc062723c751e8b465ee728b) (PreviewImporter) -> (artifact id: 'c0d0de2eaa70afff9129be2f8ead8f2b') in 0.010400625 seconds
Number of updated asset objects reloaded before import = 0Number of asset objects unloaded after import = 9

========================================================================
Received Import Request.
  Time since last request: 0.137496 seconds.
  path: Assets/Art/Cells/Models/River/river-intersectionA.fbx
  artifactKey: Guid(dcc3aebec164a4b18a90fef989937478) Importer(815301076,1909f56bfc062723c751e8b465ee728b)
Start importing Assets/Art/Cells/Models/River/river-intersectionA.fbx using Guid(dcc3aebec164a4b18a90fef989937478) Importer(815301076,1909f56bfc062723c751e8b465ee728b) (PreviewImporter) -> (artifact id: 'd07e62ecfe709c674617b3aa3cb5931b') in 0.010309208 seconds
Number of updated asset objects reloaded before import = 0Number of asset objects unloaded after import = 9

========================================================================
Received Import Request.
  Time since last request: 0.135827 seconds.
  path: Assets/Art/Cells/Models/River/river-intersectionB.fbx
  artifactKey: Guid(1819f2a43676c4960a6650c60d67e0d4) Importer(815301076,1909f56bfc062723c751e8b465ee728b)
Start importing Assets/Art/Cells/Models/River/river-intersectionB.fbx using Guid(1819f2a43676c4960a6650c60d67e0d4) Importer(815301076,1909f56bfc062723c751e8b465ee728b) (PreviewImporter) -> (artifact id: '14220d2fc855340e8584b3af75a5296b') in 0.01034275 seconds
Number of updated asset objects reloaded before import = 0Number of asset objects unloaded after import = 9

========================================================================
Received Import Request.
  Time since last request: 0.134267 seconds.
  path: Assets/Art/Cells/Models/River/river-intersectionC.fbx
  artifactKey: Guid(201ade7062f9f4540986826428279850) Importer(815301076,1909f56bfc062723c751e8b465ee728b)
Start importing Assets/Art/Cells/Models/River/river-intersectionC.fbx using Guid(201ade7062f9f4540986826428279850) Importer(815301076,1909f56bfc062723c751e8b465ee728b) (PreviewImporter) -> (artifact id: 'c8432da8091a73aedb523550e5006dfa') in 0.009319375 seconds
Number of updated asset objects reloaded before import = 0Number of asset objects unloaded after import = 9

========================================================================
Received Import Request.
  Time since last request: 0.135398 seconds.
  path: Assets/Art/Cells/Models/River/river-intersectionD.fbx
  artifactKey: Guid(cbd88f8e2b418420c866ed86fa4fd306) Importer(815301076,1909f56bfc062723c751e8b465ee728b)
Start importing Assets/Art/Cells/Models/River/river-intersectionD.fbx using Guid(cbd88f8e2b418420c866ed86fa4fd306) Importer(815301076,1909f56bfc062723c751e8b465ee728b) (PreviewImporter) -> (artifact id: 'e6dda559f95b792308b05f50caa43995') in 0.009575084 seconds
Number of updated asset objects reloaded before import = 0Number of asset objects unloaded after import = 9

========================================================================
Received Import Request.
  Time since last request: 0.120575 seconds.
  path: Assets/Art/Cells/Models/River/river-intersectionE.fbx
  artifactKey: Guid(aca3763c564c44fbf883842a194b2323) Importer(815301076,1909f56bfc062723c751e8b465ee728b)
Start importing Assets/Art/Cells/Models/River/river-intersectionE.fbx using Guid(aca3763c564c44fbf883842a194b2323) Importer(815301076,1909f56bfc062723c751e8b465ee728b) (PreviewImporter) -> (artifact id: 'f8e3abe6dad344a0b81dbfc95a7fd505') in 0.010297333 seconds
Number of updated asset objects reloaded before import = 0Number of asset objects unloaded after import = 9

========================================================================
Received Import Request.
  Time since last request: 0.127091 seconds.
  path: Assets/Art/Cells/Models/River/river-intersectionF.fbx
  artifactKey: Guid(1273a34a3a6c64b709384caee55b76f9) Importer(815301076,1909f56bfc062723c751e8b465ee728b)
Start importing Assets/Art/Cells/Models/River/river-intersectionF.fbx using Guid(1273a34a3a6c64b709384caee55b76f9) Importer(815301076,1909f56bfc062723c751e8b465ee728b) (PreviewImporter) -> (artifact id: '57939dfe9384b2a7d2fc018775e0ad8c') in 0.01034475 seconds
Number of updated asset objects reloaded before import = 0Number of asset objects unloaded after import = 9

========================================================================
Received Import Request.
  Time since last request: 0.396376 seconds.
  path: Assets/Art/Cells/Models/River/river-intersectionG.fbx
  artifactKey: Guid(9d5a70ef586ae4092a96db1734379d88) Importer(815301076,1909f56bfc062723c751e8b465ee728b)
Start importing Assets/Art/Cells/Models/River/river-intersectionG.fbx using Guid(9d5a70ef586ae4092a96db1734379d88) Importer(815301076,1909f56bfc062723c751e8b465ee728b) (PreviewImporter) -> (artifact id: '667c68900095018a1cfbd93132f46e30') in 0.010854792 seconds
Number of updated asset objects reloaded before import = 0Number of asset objects unloaded after import = 9

========================================================================
Received Import Request.
  Time since last request: 0.141385 seconds.
  path: Assets/Art/Cells/Models/River/river-intersectionH.fbx
  artifactKey: Guid(f0e56461489714cd592232c9a9c0174c) Importer(815301076,1909f56bfc062723c751e8b465ee728b)
Start importing Assets/Art/Cells/Models/River/river-intersectionH.fbx using Guid(f0e56461489714cd592232c9a9c0174c) Importer(815301076,1909f56bfc062723c751e8b465ee728b) (PreviewImporter) -> (artifact id: '8cb4a39f3f3c8468d747f0af53845f91') in 0.009431209 seconds
Number of updated asset objects reloaded before import = 0Number of asset objects unloaded after import = 9

========================================================================
Received Import Request.
  Time since last request: 0.130669 seconds.
  path: Assets/Art/Cells/Models/River/river-start.fbx
  artifactKey: Guid(3d970a051d05f43e094770d898397722) Importer(815301076,1909f56bfc062723c751e8b465ee728b)
Start importing Assets/Art/Cells/Models/River/river-start.fbx using Guid(3d970a051d05f43e094770d898397722) Importer(815301076,1909f56bfc062723c751e8b465ee728b) (PreviewImporter) -> (artifact id: 'ed181f7de2542a25cd5ae36f075ee9ac') in 0.010876083 seconds
Number of updated asset objects reloaded before import = 0Number of asset objects unloaded after import = 9

========================================================================
Received Import Request.
  Time since last request: 0.139149 seconds.
  path: Assets/Art/Cells/Models/River/river-straight.fbx
  artifactKey: Guid(0def004cc0db443559e84fdcaee935d5) Importer(815301076,1909f56bfc062723c751e8b465ee728b)
Start importing Assets/Art/Cells/Models/River/river-straight.fbx using Guid(0def004cc0db443559e84fdcaee935d5) Importer(815301076,1909f56bfc062723c751e8b465ee728b) (PreviewImporter) -> (artifact id: '5c9af0848ed3899dc6447b2a49ab5381') in 0.009885542 seconds
Number of updated asset objects reloaded before import = 0Number of asset objects unloaded after import = 9

========================================================================
Received Import Request.
  Time since last request: 2.406564 seconds.
  path: Assets/Art/Cells/Models/River
  artifactKey: Guid(2f252465a9b764b91a8ffd1603801053) Importer(815301076,1909f56bfc062723c751e8b465ee728b)
Start importing Assets/Art/Cells/Models/River using Guid(2f252465a9b764b91a8ffd1603801053) Importer(815301076,1909f56bfc062723c751e8b465ee728b) (PreviewImporter) -> (artifact id: '96748cbd6ab93140a7ffdfec7ca12cb1') in 0.000319 seconds
Number of updated asset objects reloaded before import = 0Number of asset objects unloaded after import = 0

========================================================================
Received Import Request.
  Time since last request: 4.199120 seconds.
  path: Assets/Art/Cells/Models/Misc
  artifactKey: Guid(b5c3ff7c187724393bb2018438ea591f) Importer(815301076,1909f56bfc062723c751e8b465ee728b)
Start importing Assets/Art/Cells/Models/Misc using Guid(b5c3ff7c187724393bb2018438ea591f) Importer(815301076,1909f56bfc062723c751e8b465ee728b) (PreviewImporter) -> (artifact id: '44eb115c162d0beb2c01e6d6f2d22786') in 0.000298375 seconds
Number of updated asset objects reloaded before import = 0Number of asset objects unloaded after import = 0

========================================================================
Received Import Request.
  Time since last request: 0.142019 seconds.
  path: Assets/Art/Cells/Models/Buildings
  artifactKey: Guid(a44c35f8fcecd43278d66f13a1b5e28a) Importer(815301076,1909f56bfc062723c751e8b465ee728b)
Start importing Assets/Art/Cells/Models/Buildings using Guid(a44c35f8fcecd43278d66f13a1b5e28a) Importer(815301076,1909f56bfc062723c751e8b465ee728b) (PreviewImporter) -> (artifact id: '95ffeacc0954cc9916270f32456ad0de') in 0.000262875 seconds
Number of updated asset objects reloaded before import = 0Number of asset objects unloaded after import = 0

========================================================================
Received Import Request.
  Time since last request: 3.709944 seconds.
  path: Assets/Art/Cells/Models
  artifactKey: Guid(9900aa0fc46d246aebf2864a2b297b0a) Importer(815301076,1909f56bfc062723c751e8b465ee728b)
Start importing Assets/Art/Cells/Models using Guid(9900aa0fc46d246aebf2864a2b297b0a) Importer(815301076,1909f56bfc062723c751e8b465ee728b) (PreviewImporter) -> (artifact id: '4f57a9e093e4e644df233da02b5baad1') in 0.000307916 seconds
Number of updated asset objects reloaded before import = 0Number of asset objects unloaded after import = 0

========================================================================
Received Import Request.
  Time since last request: 0.520021 seconds.
  path: Assets/Art/Cells/Textures
  artifactKey: Guid(fa08b61829d0a47e39543313c296c4fd) Importer(815301076,1909f56bfc062723c751e8b465ee728b)
Start importing Assets/Art/Cells/Textures using Guid(fa08b61829d0a47e39543313c296c4fd) Importer(815301076,1909f56bfc062723c751e8b465ee728b) (PreviewImporter) -> (artifact id: '3424d776e3bdab46d7beaa390c5b70de') in 0.000309792 seconds
Number of updated asset objects reloaded before import = 0Number of asset objects unloaded after import = 0

========================================================================
Received Import Request.
  Time since last request: 0.830752 seconds.
  path: Assets/Art/Cells/Materials
  artifactKey: Guid(73ac03a094270411583b89d57504b6b2) Importer(815301076,1909f56bfc062723c751e8b465ee728b)
Start importing Assets/Art/Cells/Materials using Guid(73ac03a094270411583b89d57504b6b2) Importer(815301076,1909f56bfc062723c751e8b465ee728b) (PreviewImporter) -> (artifact id: 'ee61f00a9b1c546e90293c37b928ce16') in 0.000275 seconds
Number of updated asset objects reloaded before import = 0Number of asset objects unloaded after import = 0

========================================================================
Received Import Request.
  Time since last request: 0.663590 seconds.
  path: Assets/Data
  artifactKey: Guid(5df0c191986724a579b3493e62aa6588) Importer(815301076,1909f56bfc062723c751e8b465ee728b)
Start importing Assets/Data using Guid(5df0c191986724a579b3493e62aa6588) Importer(815301076,1909f56bfc062723c751e8b465ee728b) (PreviewImporter) -> (artifact id: '95630663a71abfb4ad2ef9461657a714') in 0.000267291 seconds
Number of updated asset objects reloaded before import = 0Number of asset objects unloaded after import = 0

========================================================================
Received Import Request.
  Time since last request: 0.150436 seconds.
  path: Assets/Data/Board
  artifactKey: Guid(94a2ece039451a947a22824966a2b1c7) Importer(815301076,1909f56bfc062723c751e8b465ee728b)
Start importing Assets/Data/Board using Guid(94a2ece039451a947a22824966a2b1c7) Importer(815301076,1909f56bfc062723c751e8b465ee728b) (PreviewImporter) -> (artifact id: '744fdd330878bb570c9cb2e7049f5b75') in 0.000268333 seconds
Number of updated asset objects reloaded before import = 0Number of asset objects unloaded after import = 0

========================================================================
Received Import Request.
  Time since last request: 0.305265 seconds.
  path: Assets/Data/Lightning
  artifactKey: Guid(65b7acc9d4d10437a853daf3c91ca2b0) Importer(815301076,1909f56bfc062723c751e8b465ee728b)
Start importing Assets/Data/Lightning using Guid(65b7acc9d4d10437a853daf3c91ca2b0) Importer(815301076,1909f56bfc062723c751e8b465ee728b) (PreviewImporter) -> (artifact id: '3e60e94868ca63a733d8524aee55a5de') in 0.000253 seconds
Number of updated asset objects reloaded before import = 0Number of asset objects unloaded after import = 0

========================================================================
Received Import Request.
  Time since last request: 11.942790 seconds.
  path: Assets/Data/Tiles/HexTilesCollection.asset
  artifactKey: Guid(1767cd80d7ccc41f9a80cdb373f75776) Importer(815301076,1909f56bfc062723c751e8b465ee728b)
Start importing Assets/Data/Tiles/HexTilesCollection.asset using Guid(1767cd80d7ccc41f9a80cdb373f75776) Importer(815301076,1909f56bfc062723c751e8b465ee728b) (PreviewImporter) -> (artifact id: '1730dec8d578380109079334a621d462') in 0.018665041 seconds
Number of updated asset objects reloaded before import = 0Number of asset objects unloaded after import = 285

========================================================================
Received Import Request.
  Time since last request: 11.416580 seconds.
  path: Assets/Data/Tiles/HexTilesCollection.asset
  artifactKey: Guid(1767cd80d7ccc41f9a80cdb373f75776) Importer(815301076,1909f56bfc062723c751e8b465ee728b)
Start importing Assets/Data/Tiles/HexTilesCollection.asset using Guid(1767cd80d7ccc41f9a80cdb373f75776) Importer(815301076,1909f56bfc062723c751e8b465ee728b) (PreviewImporter) -> (artifact id: 'f0a23632c416f72ad6367c0ffb871408') in 0.005081042 seconds
Number of updated asset objects reloaded before import = 0Number of asset objects unloaded after import = 270

========================================================================
Received Import Request.
  Time since last request: 4.366685 seconds.
  path: Assets/Data/Tiles/HexTilesCollection.asset
  artifactKey: Guid(1767cd80d7ccc41f9a80cdb373f75776) Importer(815301076,1909f56bfc062723c751e8b465ee728b)
Start importing Assets/Data/Tiles/HexTilesCollection.asset using Guid(1767cd80d7ccc41f9a80cdb373f75776) Importer(815301076,1909f56bfc062723c751e8b465ee728b) (PreviewImporter) -> (artifact id: 'ad464fa72bcec3f5922d8438b33535af') in 0.005235583 seconds
Number of updated asset objects reloaded before import = 0Number of asset objects unloaded after import = 269

[usbmuxd] Detached: 61 00008101-0008241A2E03001E
========================================================================
Received Import Request.
  Time since last request: 1252.868150 seconds.
  path: Assets/Art/Cells/Models/Buildings/building-wizard-tower.fbx
  artifactKey: Guid(9afe4d60a46104d7cbd812eef0a38840) Importer(815301076,1909f56bfc062723c751e8b465ee728b)
Start importing Assets/Art/Cells/Models/Buildings/building-wizard-tower.fbx using Guid(9afe4d60a46104d7cbd812eef0a38840) Importer(815301076,1909f56bfc062723c751e8b465ee728b) (PreviewImporter) -> (artifact id: '471efa34b95dfaf7fc2f12e9f35164c0') in 0.07875175 seconds
Number of updated asset objects reloaded before import = 0Number of asset objects unloaded after import = 9

========================================================================
Received Import Request.
  Time since last request: 1.408970 seconds.
  path: Assets/Art/Cells/Models/Misc/unit-mansion.fbx
  artifactKey: Guid(d678357c4fcbf40aca5509f1a61bc41d) Importer(815301076,1909f56bfc062723c751e8b465ee728b)
Start importing Assets/Art/Cells/Models/Misc/unit-mansion.fbx using Guid(d678357c4fcbf40aca5509f1a61bc41d) Importer(815301076,1909f56bfc062723c751e8b465ee728b) (PreviewImporter) -> (artifact id: 'a1606cb349af315e24b0291a4ba65042') in 0.016275166 seconds
Number of updated asset objects reloaded before import = 0Number of asset objects unloaded after import = 9

========================================================================
Received Import Request.
  Time since last request: 0.423519 seconds.
  path: Assets/Art/Cells/Models/Misc/unit-ship-large.fbx
  artifactKey: Guid(10443bb5f44bf4a3b81b2b6decc297dd) Importer(815301076,1909f56bfc062723c751e8b465ee728b)
Start importing Assets/Art/Cells/Models/Misc/unit-ship-large.fbx using Guid(10443bb5f44bf4a3b81b2b6decc297dd) Importer(815301076,1909f56bfc062723c751e8b465ee728b) (PreviewImporter) -> (artifact id: '65137358f1d0e5a6e657b6891308bd24') in 0.010571625 seconds
Number of updated asset objects reloaded before import = 0Number of asset objects unloaded after import = 9

========================================================================
Received Import Request.
  Time since last request: 0.166767 seconds.
  path: Assets/Art/Cells/Models/Misc/unit-ship.fbx
  artifactKey: Guid(a67cd57caa0bc4bd7849d7425c6a8337) Importer(815301076,1909f56bfc062723c751e8b465ee728b)
Start importing Assets/Art/Cells/Models/Misc/unit-ship.fbx using Guid(a67cd57caa0bc4bd7849d7425c6a8337) Importer(815301076,1909f56bfc062723c751e8b465ee728b) (PreviewImporter) -> (artifact id: '91f088396b7ca6f13bf6a0ec053cb680') in 0.009434125 seconds
Number of updated asset objects reloaded before import = 0Number of asset objects unloaded after import = 9

========================================================================
Received Import Request.
  Time since last request: 0.173943 seconds.
  path: Assets/Art/Cells/Models/Misc/unit-tower.fbx
  artifactKey: Guid(9d6c15f95134e4fd5a5ebf184bd9e15e) Importer(815301076,1909f56bfc062723c751e8b465ee728b)
Start importing Assets/Art/Cells/Models/Misc/unit-tower.fbx using Guid(9d6c15f95134e4fd5a5ebf184bd9e15e) Importer(815301076,1909f56bfc062723c751e8b465ee728b) (PreviewImporter) -> (artifact id: '6d35dfbc878461e283a1ea8a39bbecc0') in 0.010206292 seconds
Number of updated asset objects reloaded before import = 0Number of asset objects unloaded after import = 9

========================================================================
Received Import Request.
  Time since last request: 8.540301 seconds.
  path: Assets/Art/Cells/Models/Path
  artifactKey: Guid(32bf63ffcdce942f6aeb22bf275ccb8e) Importer(815301076,1909f56bfc062723c751e8b465ee728b)
Start importing Assets/Art/Cells/Models/Path using Guid(32bf63ffcdce942f6aeb22bf275ccb8e) Importer(815301076,1909f56bfc062723c751e8b465ee728b) (PreviewImporter) -> (artifact id: '29359a0894e6f1284358f5b323610202') in 0.000359667 seconds
Number of updated asset objects reloaded before import = 0Number of asset objects unloaded after import = 0

