Unity Editor version:    2022.3.20f1 (61c2feb0970d)
Branch:                  2022.3/release
Build type:              Release
Batch mode:              YES
macOS version:           Version 14.1 (Build 23B2073)
Darwin version:          23.1.0
Architecture:            arm64
Running under Rosetta:   NO
Available memory:        18432 MB
Using pre-set license
Pro License: YES

COMMAND LINE ARGUMENTS:
/Applications/Unity/Hub/Editor/2022.3.20f1/Unity.app/Contents/MacOS/Unity
-adb2
-batchMode
-noUpm
-name
AssetImportWorker2
-projectPath
/Users/tiagopascoal/Work/Personal/Exhale/Exhale
-logFile
Logs/AssetImportWorker2.log
-srvPort
65179
Successfully changed project path to: /Users/tiagopascoal/Work/Personal/Exhale/Exhale
/Users/tiagopascoal/Work/Personal/Exhale/Exhale
[UnityMemory] Configuration Parameters - Can be set up in boot.config
    "memorysetup-bucket-allocator-granularity=16"
    "memorysetup-bucket-allocator-bucket-count=8"
    "memorysetup-bucket-allocator-block-size=33554432"
    "memorysetup-bucket-allocator-block-count=8"
    "memorysetup-main-allocator-block-size=16777216"
    "memorysetup-thread-allocator-block-size=16777216"
    "memorysetup-gfx-main-allocator-block-size=16777216"
    "memorysetup-gfx-thread-allocator-block-size=16777216"
    "memorysetup-cache-allocator-block-size=4194304"
    "memorysetup-typetree-allocator-block-size=2097152"
    "memorysetup-profiler-bucket-allocator-granularity=16"
    "memorysetup-profiler-bucket-allocator-bucket-count=8"
    "memorysetup-profiler-bucket-allocator-block-size=33554432"
    "memorysetup-profiler-bucket-allocator-block-count=8"
    "memorysetup-profiler-allocator-block-size=16777216"
    "memorysetup-profiler-editor-allocator-block-size=1048576"
    "memorysetup-temp-allocator-size-main=16777216"
    "memorysetup-job-temp-allocator-block-size=2097152"
    "memorysetup-job-temp-allocator-block-size-background=1048576"
    "memorysetup-job-temp-allocator-reduction-small-platforms=262144"
    "memorysetup-allocator-temp-initial-block-size-main=262144"
    "memorysetup-allocator-temp-initial-block-size-worker=262144"
    "memorysetup-temp-allocator-size-background-worker=32768"
    "memorysetup-temp-allocator-size-job-worker=262144"
    "memorysetup-temp-allocator-size-preload-manager=33554432"
    "memorysetup-temp-allocator-size-nav-mesh-worker=65536"
    "memorysetup-temp-allocator-size-audio-worker=65536"
    "memorysetup-temp-allocator-size-cloud-worker=32768"
    "memorysetup-temp-allocator-size-gi-baking-worker=262144"
    "memorysetup-temp-allocator-size-gfx=262144"
Player connection [7948787392] Host "[IP] 192.168.1.66 [Port] 0 [Flags] 2 [Guid] 853625226 [EditorId] 853625226 [Version] 1048832 [Id] OSXEditor(0,Tiagos-MBP-2.Home) [Debug] 1 [PackageName] OSXEditor [ProjectName] Editor" joined multi-casting on [225.0.0.222:54997]...

Player connection [7948787392] Host "[IP] 192.168.1.66 [Port] 0 [Flags] 2 [Guid] 853625226 [EditorId] 853625226 [Version] 1048832 [Id] OSXEditor(0,Tiagos-MBP-2.Home) [Debug] 1 [PackageName] OSXEditor [ProjectName] Editor" joined alternative multi-casting on [225.0.0.222:34997]...

[Physics::Module] Initialized MultithreadedJobDispatcher with 11 workers.
Refreshing native plugins compatible for Editor in 11.27 ms, found 2 plugins.
Preloading 0 native plugins for Editor in 0.00 ms.
Initialize engine version: 2022.3.20f1 (61c2feb0970d)
[Subsystems] Discovering subsystems at path /Applications/Unity/Hub/Editor/2022.3.20f1/Unity.app/Contents/Resources/UnitySubsystems
[Subsystems] Discovering subsystems at path /Users/tiagopascoal/Work/Personal/Exhale/Exhale/Assets
GfxDevice: creating device client; threaded=0; jobified=0
 preferred device: Apple M3 Pro (high power)
Metal devices available: 1
0: Apple M3 Pro (high power)
Using device Apple M3 Pro (high power)
Initializing Metal device caps: Apple M3 Pro
Initialize mono
Mono path[0] = '/Applications/Unity/Hub/Editor/2022.3.20f1/Unity.app/Contents/Managed'
Mono path[1] = '/Applications/Unity/Hub/Editor/2022.3.20f1/Unity.app/Contents/MonoBleedingEdge/lib/mono/unityjit-macos'
Mono config path = '/Applications/Unity/Hub/Editor/2022.3.20f1/Unity.app/Contents/MonoBleedingEdge/etc'
Using monoOptions --debugger-agent=transport=dt_socket,embedding=1,server=y,suspend=n,address=127.0.0.1:56992
Begin MonoManager ReloadAssembly
Registering precompiled unity dll's ...
Register platform support module: /Applications/Unity/Hub/Editor/2022.3.20f1/Unity.app/Contents/PlaybackEngines/MacStandaloneSupport/UnityEditor.OSXStandalone.Extensions.dll
Register platform support module: /Applications/Unity/Hub/Editor/2022.3.20f1/PlaybackEngines/AndroidPlayer/UnityEditor.Android.Extensions.dll
Register platform support module: /Applications/Unity/Hub/Editor/2022.3.20f1/PlaybackEngines/iOSSupport/UnityEditor.iOS.Extensions.dll
Register platform support module: /Applications/Unity/Hub/Editor/2022.3.20f1/PlaybackEngines/WindowsStandaloneSupport/UnityEditor.WindowsStandalone.Extensions.dll
Registered in 0.001428 seconds.
- Loaded All Assemblies, in  0.198 seconds
Native extension for WindowsStandalone target not found
[usbmuxd] Start listen thread
[usbmuxd] Listen thread started
[usbmuxd] Send listen message
Native extension for iOS target not found
Native extension for Android target not found
Android Extension - Scanning For ADB Devices 184 ms
Native extension for OSXStandalone target not found
Mono: successfully reloaded assembly
- Finished resetting the current domain, in  0.389 seconds
Domain Reload Profiling: 587ms
	BeginReloadAssembly (61ms)
		ExecutionOrderSort (0ms)
		DisableScriptedObjects (0ms)
		BackupInstance (0ms)
		ReleaseScriptingObjects (0ms)
		CreateAndSetChildDomain (0ms)
	RebuildCommonClasses (20ms)
	RebuildNativeTypeToScriptingClass (7ms)
	initialDomainReloadingComplete (24ms)
	LoadAllAssembliesAndSetupDomain (86ms)
		LoadAssemblies (62ms)
		RebuildTransferFunctionScriptingTraits (0ms)
		AnalyzeDomain (84ms)
			TypeCache.Refresh (83ms)
				TypeCache.ScanAssembly (74ms)
			ScanForSourceGeneratedMonoScriptInfo (0ms)
			ResolveRequiredComponents (0ms)
	FinalizeReload (389ms)
		ReleaseScriptCaches (0ms)
		RebuildScriptCaches (0ms)
		SetupLoadedEditorAssemblies (358ms)
			LogAssemblyErrors (0ms)
			InitializePlatformSupportModulesInManaged (282ms)
			SetLoadedEditorAssemblies (2ms)
			RefreshPlugins (0ms)
			BeforeProcessingInitializeOnLoad (1ms)
			ProcessInitializeOnLoadAttributes (52ms)
			ProcessInitializeOnLoadMethodAttributes (21ms)
			AfterProcessingInitializeOnLoad (0ms)
			EditorAssembliesLoaded (0ms)
		ExecutionOrderSort2 (0ms)
		AwakeInstancesAfterBackupRestoration (0ms)
========================================================================
Worker process is ready to serve import requests
Begin MonoManager ReloadAssembly
- Loaded All Assemblies, in  0.395 seconds
Refreshing native plugins compatible for Editor in 1.38 ms, found 2 plugins.
Native extension for WindowsStandalone target not found
Native extension for iOS target not found
Native extension for Android target not found
Native extension for OSXStandalone target not found
Package Manager log level set to [2]
[Package Manager] Server::EnsureServerProcessIsRunning -- launch failed, reason: Unity was launched with the -noUpm command-line argument
[Package Manager] UpmClient::Send -- Unable to send message (not connected to UPM process).
[Package Manager] Cannot connect to Unity Package Manager local server
Running On Project Startup validation hook...
UnityEngine.StackTraceUtility:ExtractStackTrace () (at /Users/bokken/build/output/unity/unity/Runtime/Export/Scripting/StackTrace.cs:37)
UnityEngine.DebugLogHandler:LogFormat (UnityEngine.LogType,UnityEngine.Object,string,object[])
UnityEngine.Logger:Log (UnityEngine.LogType,object)
UnityEngine.Debug:Log (object)
Sirenix.OdinValidator.Editor.AutomationConfig:RunValidationScan (string,Sirenix.OdinValidator.Editor.AutomationConfig/ValidationSetup,bool,System.Action,bool,bool,bool,bool,bool,bool,bool,bool) (at D:/Sirenix/Sirenix Solution/Sirenix.OdinValidator.Editor/Config/AutomationConfig.cs:282)
Sirenix.OdinValidator.Editor.AutomationConfig:ActuallyInitHooks () (at D:/Sirenix/Sirenix Solution/Sirenix.OdinValidator.Editor/Config/AutomationConfig.cs:186)
Sirenix.OdinValidator.Editor.AutomationConfig:InitHooks () (at D:/Sirenix/Sirenix Solution/Sirenix.OdinValidator.Editor/Config/AutomationConfig.cs:170)
System.Reflection.RuntimeMethodInfo:Invoke (object,System.Reflection.BindingFlags,System.Reflection.Binder,object[],System.Globalization.CultureInfo)
System.Reflection.MethodBase:Invoke (object,object[])
UnityEditor.EditorAssemblies:ProcessInitializeOnLoadMethodAttributes () (at /Users/bokken/build/output/unity/unity/Editor/Mono/EditorAssemblies.cs:145)

Opening scene 'Assets/TouchScript/Examples/Examples.unity'
Unloading 5517 Unused Serialized files (Serialized files now loaded: 0)
Component GUI Layer in Camera for Scene Assets/TouchScript/Examples/Examples.unity is no longer available.
It will be removed after you edit this GameObject and save the Scene.
UnityEngine.StackTraceUtility:ExtractStackTrace () (at /Users/bokken/build/output/unity/unity/Runtime/Export/Scripting/StackTrace.cs:37)
UnityEditor.SceneManagement.EditorSceneManager:OpenScene (string,UnityEditor.SceneManagement.OpenSceneMode)
Sirenix.OdinInspector.Editor.Validation.SceneReference:TryOpenScene (UnityEditor.SceneManagement.OpenSceneMode,UnityEngine.SceneManagement.Scene&) (at D:/Sirenix/Sirenix Solution/Sirenix.OdinInspector.Editor/Validation/Validators/SceneReference.cs:114)
Sirenix.OdinValidator.Editor.ValidationSession/<ValidateCurrentWorkQueueEnumerator>d__59:MoveNext () (at D:/Sirenix/Sirenix Solution/Sirenix.OdinValidator.Editor/Core/ValidationSession.cs:557)
Sirenix.OdinValidator.Editor.ValidationSession/<ValidateEverythingEnumeratorBatched>d__54:MoveNext () (at D:/Sirenix/Sirenix Solution/Sirenix.OdinValidator.Editor/Core/ValidationSession.cs:376)
Sirenix.OdinValidator.Editor.AutomationConfig:RunValidationScan (string,Sirenix.OdinValidator.Editor.AutomationConfig/ValidationSetup,bool,System.Action,bool,bool,bool,bool,bool,bool,bool,bool) (at D:/Sirenix/Sirenix Solution/Sirenix.OdinValidator.Editor/Config/AutomationConfig.cs:305)
Sirenix.OdinValidator.Editor.AutomationConfig:ActuallyInitHooks () (at D:/Sirenix/Sirenix Solution/Sirenix.OdinValidator.Editor/Config/AutomationConfig.cs:186)
Sirenix.OdinValidator.Editor.AutomationConfig:InitHooks () (at D:/Sirenix/Sirenix Solution/Sirenix.OdinValidator.Editor/Config/AutomationConfig.cs:170)
System.Reflection.RuntimeMethodInfo:Invoke (object,System.Reflection.BindingFlags,System.Reflection.Binder,object[],System.Globalization.CultureInfo)
System.Reflection.MethodBase:Invoke (object,object[])
UnityEditor.EditorAssemblies:ProcessInitializeOnLoadMethodAttributes () (at /Users/bokken/build/output/unity/unity/Editor/Mono/EditorAssemblies.cs:145)

[./Runtime/PreloadManager/LoadSceneOperation.cpp line 663]

LightingSettings: switching bake backend from 2 to 0.
ProgressiveSceneManager::Cancel()
-- Listing OpenCL platforms(s) --
 * OpenCL platform 0
	PROFILE = FULL_PROFILE
	VERSION = OpenCL 1.2 (Sep 28 2023 02:31:39)
	NAME = Apple
	VENDOR = Apple
-- Listing OpenCL device(s) --
 * OpenCL platform 0, device 0 
	DEVICE_TYPE = 4
	DEVICE_NAME = Apple M3 Pro
	DEVICE_VENDOR = Apple
	DEVICE_VERSION = OpenCL 1.2 
	DRIVER_VERSION = 1.2 1.0
	DEVICE_MAX_COMPUTE_UNITS = 18
	DEVICE_MAX_CLOCK_FREQUENCY = 1000
	CL_DEVICE_MAX_CONSTANT_BUFFER_SIZE = 1073741824
	CL_DEVICE_HOST_UNIFIED_MEMORY = true
	CL_DEVICE_MAX_MEM_ALLOC_SIZE = 2415919104
	DEVICE_GLOBAL_MEM_SIZE = 12884918272
-- GPU Progressive lightmapper will use OpenCL device 'Apple M3 Pro' from 'Apple'--
   use -OpenCL-PlatformAndDeviceIndices <platformIdx> <deviceIdx> as command line arguments if you want to select a specific adapter for OpenCL.
Loaded scene 'Assets/TouchScript/Examples/Examples.unity'
	Deserialize:            11.947 ms
	Integration:            37.250 ms
	Integration of assets:  19.490 ms
	Thread Wait Time:       0.408 ms
	Total Operation Time:   69.096 ms
Unloading 64 unused Assets / (38.1 KB). Loaded Objects now: 6351.
Memory consumption went from 133.4 MB to 133.4 MB.
Total: 13.348292 ms (FindLiveObjects: 0.168375 ms CreateObjectMapping: 0.056333 ms MarkObjects: 13.003709 ms  DeleteObjects: 0.119417 ms)

Opening scene 'Assets/TouchScript/Examples/Taps/Taps.unity'
Unloading 43 Unused Serialized files (Serialized files now loaded: 0)
Component GUI Layer in Scene Camera for Scene Assets/TouchScript/Examples/Taps/Taps.unity is no longer available.
It will be removed after you edit this GameObject and save the Scene.
UnityEngine.StackTraceUtility:ExtractStackTrace () (at /Users/bokken/build/output/unity/unity/Runtime/Export/Scripting/StackTrace.cs:37)
UnityEditor.SceneManagement.EditorSceneManager:OpenScene (string,UnityEditor.SceneManagement.OpenSceneMode)
Sirenix.OdinInspector.Editor.Validation.SceneReference:TryOpenScene (UnityEditor.SceneManagement.OpenSceneMode,UnityEngine.SceneManagement.Scene&) (at D:/Sirenix/Sirenix Solution/Sirenix.OdinInspector.Editor/Validation/Validators/SceneReference.cs:114)
Sirenix.OdinValidator.Editor.ValidationSession/<ValidateCurrentWorkQueueEnumerator>d__59:MoveNext () (at D:/Sirenix/Sirenix Solution/Sirenix.OdinValidator.Editor/Core/ValidationSession.cs:557)
Sirenix.OdinValidator.Editor.ValidationSession/<ValidateEverythingEnumeratorBatched>d__54:MoveNext () (at D:/Sirenix/Sirenix Solution/Sirenix.OdinValidator.Editor/Core/ValidationSession.cs:376)
Sirenix.OdinValidator.Editor.AutomationConfig:RunValidationScan (string,Sirenix.OdinValidator.Editor.AutomationConfig/ValidationSetup,bool,System.Action,bool,bool,bool,bool,bool,bool,bool,bool) (at D:/Sirenix/Sirenix Solution/Sirenix.OdinValidator.Editor/Config/AutomationConfig.cs:305)
Sirenix.OdinValidator.Editor.AutomationConfig:ActuallyInitHooks () (at D:/Sirenix/Sirenix Solution/Sirenix.OdinValidator.Editor/Config/AutomationConfig.cs:186)
Sirenix.OdinValidator.Editor.AutomationConfig:InitHooks () (at D:/Sirenix/Sirenix Solution/Sirenix.OdinValidator.Editor/Config/AutomationConfig.cs:170)
System.Reflection.RuntimeMethodInfo:Invoke (object,System.Reflection.BindingFlags,System.Reflection.Binder,object[],System.Globalization.CultureInfo)
System.Reflection.MethodBase:Invoke (object,object[])
UnityEditor.EditorAssemblies:ProcessInitializeOnLoadMethodAttributes () (at /Users/bokken/build/output/unity/unity/Editor/Mono/EditorAssemblies.cs:145)

[./Runtime/PreloadManager/LoadSceneOperation.cpp line 663]

LightingSettings: switching bake backend from 2 to 0.
Problem detected while opening the Scene file: 'Assets/TouchScript/Examples/Taps/Taps.unity'.
Check the following logs for more details.
UnityEngine.StackTraceUtility:ExtractStackTrace () (at /Users/bokken/build/output/unity/unity/Runtime/Export/Scripting/StackTrace.cs:37)
UnityEditor.SceneManagement.EditorSceneManager:OpenScene (string,UnityEditor.SceneManagement.OpenSceneMode)
Sirenix.OdinInspector.Editor.Validation.SceneReference:TryOpenScene (UnityEditor.SceneManagement.OpenSceneMode,UnityEngine.SceneManagement.Scene&) (at D:/Sirenix/Sirenix Solution/Sirenix.OdinInspector.Editor/Validation/Validators/SceneReference.cs:114)
Sirenix.OdinValidator.Editor.ValidationSession/<ValidateCurrentWorkQueueEnumerator>d__59:MoveNext () (at D:/Sirenix/Sirenix Solution/Sirenix.OdinValidator.Editor/Core/ValidationSession.cs:557)
Sirenix.OdinValidator.Editor.ValidationSession/<ValidateEverythingEnumeratorBatched>d__54:MoveNext () (at D:/Sirenix/Sirenix Solution/Sirenix.OdinValidator.Editor/Core/ValidationSession.cs:376)
Sirenix.OdinValidator.Editor.AutomationConfig:RunValidationScan (string,Sirenix.OdinValidator.Editor.AutomationConfig/ValidationSetup,bool,System.Action,bool,bool,bool,bool,bool,bool,bool,bool) (at D:/Sirenix/Sirenix Solution/Sirenix.OdinValidator.Editor/Config/AutomationConfig.cs:305)
Sirenix.OdinValidator.Editor.AutomationConfig:ActuallyInitHooks () (at D:/Sirenix/Sirenix Solution/Sirenix.OdinValidator.Editor/Config/AutomationConfig.cs:186)
Sirenix.OdinValidator.Editor.AutomationConfig:InitHooks () (at D:/Sirenix/Sirenix Solution/Sirenix.OdinValidator.Editor/Config/AutomationConfig.cs:170)
System.Reflection.RuntimeMethodInfo:Invoke (object,System.Reflection.BindingFlags,System.Reflection.Binder,object[],System.Globalization.CultureInfo)
System.Reflection.MethodBase:Invoke (object,object[])
UnityEditor.EditorAssemblies:ProcessInitializeOnLoadMethodAttributes () (at /Users/bokken/build/output/unity/unity/Editor/Mono/EditorAssemblies.cs:145)

[./Runtime/PreloadManager/LoadSceneOperation.cpp line 823]

Prefab instance problem. Missing Prefab Asset: 'Missing Prefab with guid: 1c4dd8a13f501b04f84fe824120f70bb'
UnityEngine.StackTraceUtility:ExtractStackTrace () (at /Users/bokken/build/output/unity/unity/Runtime/Export/Scripting/StackTrace.cs:37)
UnityEditor.SceneManagement.EditorSceneManager:OpenScene (string,UnityEditor.SceneManagement.OpenSceneMode)
Sirenix.OdinInspector.Editor.Validation.SceneReference:TryOpenScene (UnityEditor.SceneManagement.OpenSceneMode,UnityEngine.SceneManagement.Scene&) (at D:/Sirenix/Sirenix Solution/Sirenix.OdinInspector.Editor/Validation/Validators/SceneReference.cs:114)
Sirenix.OdinValidator.Editor.ValidationSession/<ValidateCurrentWorkQueueEnumerator>d__59:MoveNext () (at D:/Sirenix/Sirenix Solution/Sirenix.OdinValidator.Editor/Core/ValidationSession.cs:557)
Sirenix.OdinValidator.Editor.ValidationSession/<ValidateEverythingEnumeratorBatched>d__54:MoveNext () (at D:/Sirenix/Sirenix Solution/Sirenix.OdinValidator.Editor/Core/ValidationSession.cs:376)
Sirenix.OdinValidator.Editor.AutomationConfig:RunValidationScan (string,Sirenix.OdinValidator.Editor.AutomationConfig/ValidationSetup,bool,System.Action,bool,bool,bool,bool,bool,bool,bool,bool) (at D:/Sirenix/Sirenix Solution/Sirenix.OdinValidator.Editor/Config/AutomationConfig.cs:305)
Sirenix.OdinValidator.Editor.AutomationConfig:ActuallyInitHooks () (at D:/Sirenix/Sirenix Solution/Sirenix.OdinValidator.Editor/Config/AutomationConfig.cs:186)
Sirenix.OdinValidator.Editor.AutomationConfig:InitHooks () (at D:/Sirenix/Sirenix Solution/Sirenix.OdinValidator.Editor/Config/AutomationConfig.cs:170)
System.Reflection.RuntimeMethodInfo:Invoke (object,System.Reflection.BindingFlags,System.Reflection.Binder,object[],System.Globalization.CultureInfo)
System.Reflection.MethodBase:Invoke (object,object[])
UnityEditor.EditorAssemblies:ProcessInitializeOnLoadMethodAttributes () (at /Users/bokken/build/output/unity/unity/Editor/Mono/EditorAssemblies.cs:145)

[./Runtime/BaseClasses/ErrorsAndWarningsCapture.cpp line 68]

Prefab instance problem: 'Missing Prefab with guid: 3c294c033fb7140d09b0bd33830617bb'. 6 instances are missing the same Prefab Asset with guid 3c294c033fb7140d09b0bd33830617bb.
UnityEngine.StackTraceUtility:ExtractStackTrace () (at /Users/bokken/build/output/unity/unity/Runtime/Export/Scripting/StackTrace.cs:37)
UnityEditor.SceneManagement.EditorSceneManager:OpenScene (string,UnityEditor.SceneManagement.OpenSceneMode)
Sirenix.OdinInspector.Editor.Validation.SceneReference:TryOpenScene (UnityEditor.SceneManagement.OpenSceneMode,UnityEngine.SceneManagement.Scene&) (at D:/Sirenix/Sirenix Solution/Sirenix.OdinInspector.Editor/Validation/Validators/SceneReference.cs:114)
Sirenix.OdinValidator.Editor.ValidationSession/<ValidateCurrentWorkQueueEnumerator>d__59:MoveNext () (at D:/Sirenix/Sirenix Solution/Sirenix.OdinValidator.Editor/Core/ValidationSession.cs:557)
Sirenix.OdinValidator.Editor.ValidationSession/<ValidateEverythingEnumeratorBatched>d__54:MoveNext () (at D:/Sirenix/Sirenix Solution/Sirenix.OdinValidator.Editor/Core/ValidationSession.cs:376)
Sirenix.OdinValidator.Editor.AutomationConfig:RunValidationScan (string,Sirenix.OdinValidator.Editor.AutomationConfig/ValidationSetup,bool,System.Action,bool,bool,bool,bool,bool,bool,bool,bool) (at D:/Sirenix/Sirenix Solution/Sirenix.OdinValidator.Editor/Config/AutomationConfig.cs:305)
Sirenix.OdinValidator.Editor.AutomationConfig:ActuallyInitHooks () (at D:/Sirenix/Sirenix Solution/Sirenix.OdinValidator.Editor/Config/AutomationConfig.cs:186)
Sirenix.OdinValidator.Editor.AutomationConfig:InitHooks () (at D:/Sirenix/Sirenix Solution/Sirenix.OdinValidator.Editor/Config/AutomationConfig.cs:170)
System.Reflection.RuntimeMethodInfo:Invoke (object,System.Reflection.BindingFlags,System.Reflection.Binder,object[],System.Globalization.CultureInfo)
System.Reflection.MethodBase:Invoke (object,object[])
UnityEditor.EditorAssemblies:ProcessInitializeOnLoadMethodAttributes () (at /Users/bokken/build/output/unity/unity/Editor/Mono/EditorAssemblies.cs:145)

[./Runtime/BaseClasses/ErrorsAndWarningsCapture.cpp line 68]

Prefab instance problem. Missing Prefab Asset: 'Missing Prefab with guid: 648250201fabe574b8591ee45cddcf4a'
UnityEngine.StackTraceUtility:ExtractStackTrace () (at /Users/bokken/build/output/unity/unity/Runtime/Export/Scripting/StackTrace.cs:37)
UnityEditor.SceneManagement.EditorSceneManager:OpenScene (string,UnityEditor.SceneManagement.OpenSceneMode)
Sirenix.OdinInspector.Editor.Validation.SceneReference:TryOpenScene (UnityEditor.SceneManagement.OpenSceneMode,UnityEngine.SceneManagement.Scene&) (at D:/Sirenix/Sirenix Solution/Sirenix.OdinInspector.Editor/Validation/Validators/SceneReference.cs:114)
Sirenix.OdinValidator.Editor.ValidationSession/<ValidateCurrentWorkQueueEnumerator>d__59:MoveNext () (at D:/Sirenix/Sirenix Solution/Sirenix.OdinValidator.Editor/Core/ValidationSession.cs:557)
Sirenix.OdinValidator.Editor.ValidationSession/<ValidateEverythingEnumeratorBatched>d__54:MoveNext () (at D:/Sirenix/Sirenix Solution/Sirenix.OdinValidator.Editor/Core/ValidationSession.cs:376)
Sirenix.OdinValidator.Editor.AutomationConfig:RunValidationScan (string,Sirenix.OdinValidator.Editor.AutomationConfig/ValidationSetup,bool,System.Action,bool,bool,bool,bool,bool,bool,bool,bool) (at D:/Sirenix/Sirenix Solution/Sirenix.OdinValidator.Editor/Config/AutomationConfig.cs:305)
Sirenix.OdinValidator.Editor.AutomationConfig:ActuallyInitHooks () (at D:/Sirenix/Sirenix Solution/Sirenix.OdinValidator.Editor/Config/AutomationConfig.cs:186)
Sirenix.OdinValidator.Editor.AutomationConfig:InitHooks () (at D:/Sirenix/Sirenix Solution/Sirenix.OdinValidator.Editor/Config/AutomationConfig.cs:170)
System.Reflection.RuntimeMethodInfo:Invoke (object,System.Reflection.BindingFlags,System.Reflection.Binder,object[],System.Globalization.CultureInfo)
System.Reflection.MethodBase:Invoke (object,object[])
UnityEditor.EditorAssemblies:ProcessInitializeOnLoadMethodAttributes () (at /Users/bokken/build/output/unity/unity/Editor/Mono/EditorAssemblies.cs:145)

[./Runtime/BaseClasses/ErrorsAndWarningsCapture.cpp line 68]

Prefab instance problem. Missing Prefab Asset: 'Missing Prefab with guid: c0dc5781cae4a6348b42ea6b818a3f9c'
UnityEngine.StackTraceUtility:ExtractStackTrace () (at /Users/bokken/build/output/unity/unity/Runtime/Export/Scripting/StackTrace.cs:37)
UnityEditor.SceneManagement.EditorSceneManager:OpenScene (string,UnityEditor.SceneManagement.OpenSceneMode)
Sirenix.OdinInspector.Editor.Validation.SceneReference:TryOpenScene (UnityEditor.SceneManagement.OpenSceneMode,UnityEngine.SceneManagement.Scene&) (at D:/Sirenix/Sirenix Solution/Sirenix.OdinInspector.Editor/Validation/Validators/SceneReference.cs:114)
Sirenix.OdinValidator.Editor.ValidationSession/<ValidateCurrentWorkQueueEnumerator>d__59:MoveNext () (at D:/Sirenix/Sirenix Solution/Sirenix.OdinValidator.Editor/Core/ValidationSession.cs:557)
Sirenix.OdinValidator.Editor.ValidationSession/<ValidateEverythingEnumeratorBatched>d__54:MoveNext () (at D:/Sirenix/Sirenix Solution/Sirenix.OdinValidator.Editor/Core/ValidationSession.cs:376)
Sirenix.OdinValidator.Editor.AutomationConfig:RunValidationScan (string,Sirenix.OdinValidator.Editor.AutomationConfig/ValidationSetup,bool,System.Action,bool,bool,bool,bool,bool,bool,bool,bool) (at D:/Sirenix/Sirenix Solution/Sirenix.OdinValidator.Editor/Config/AutomationConfig.cs:305)
Sirenix.OdinValidator.Editor.AutomationConfig:ActuallyInitHooks () (at D:/Sirenix/Sirenix Solution/Sirenix.OdinValidator.Editor/Config/AutomationConfig.cs:186)
Sirenix.OdinValidator.Editor.AutomationConfig:InitHooks () (at D:/Sirenix/Sirenix Solution/Sirenix.OdinValidator.Editor/Config/AutomationConfig.cs:170)
System.Reflection.RuntimeMethodInfo:Invoke (object,System.Reflection.BindingFlags,System.Reflection.Binder,object[],System.Globalization.CultureInfo)
System.Reflection.MethodBase:Invoke (object,object[])
UnityEditor.EditorAssemblies:ProcessInitializeOnLoadMethodAttributes () (at /Users/bokken/build/output/unity/unity/Editor/Mono/EditorAssemblies.cs:145)

[./Runtime/BaseClasses/ErrorsAndWarningsCapture.cpp line 68]

Component at index 2 could not be loaded when loading game object 'Scene Camera'. Removing it.
UnityEngine.StackTraceUtility:ExtractStackTrace () (at /Users/bokken/build/output/unity/unity/Runtime/Export/Scripting/StackTrace.cs:37)
UnityEditor.SceneManagement.EditorSceneManager:OpenScene (string,UnityEditor.SceneManagement.OpenSceneMode)
Sirenix.OdinInspector.Editor.Validation.SceneReference:TryOpenScene (UnityEditor.SceneManagement.OpenSceneMode,UnityEngine.SceneManagement.Scene&) (at D:/Sirenix/Sirenix Solution/Sirenix.OdinInspector.Editor/Validation/Validators/SceneReference.cs:114)
Sirenix.OdinValidator.Editor.ValidationSession/<ValidateCurrentWorkQueueEnumerator>d__59:MoveNext () (at D:/Sirenix/Sirenix Solution/Sirenix.OdinValidator.Editor/Core/ValidationSession.cs:557)
Sirenix.OdinValidator.Editor.ValidationSession/<ValidateEverythingEnumeratorBatched>d__54:MoveNext () (at D:/Sirenix/Sirenix Solution/Sirenix.OdinValidator.Editor/Core/ValidationSession.cs:376)
Sirenix.OdinValidator.Editor.AutomationConfig:RunValidationScan (string,Sirenix.OdinValidator.Editor.AutomationConfig/ValidationSetup,bool,System.Action,bool,bool,bool,bool,bool,bool,bool,bool) (at D:/Sirenix/Sirenix Solution/Sirenix.OdinValidator.Editor/Config/AutomationConfig.cs:305)
Sirenix.OdinValidator.Editor.AutomationConfig:ActuallyInitHooks () (at D:/Sirenix/Sirenix Solution/Sirenix.OdinValidator.Editor/Config/AutomationConfig.cs:186)
Sirenix.OdinValidator.Editor.AutomationConfig:InitHooks () (at D:/Sirenix/Sirenix Solution/Sirenix.OdinValidator.Editor/Config/AutomationConfig.cs:170)
System.Reflection.RuntimeMethodInfo:Invoke (object,System.Reflection.BindingFlags,System.Reflection.Binder,object[],System.Globalization.CultureInfo)
System.Reflection.MethodBase:Invoke (object,object[])
UnityEditor.EditorAssemblies:ProcessInitializeOnLoadMethodAttributes () (at /Users/bokken/build/output/unity/unity/Editor/Mono/EditorAssemblies.cs:145)

[./Runtime/BaseClasses/ErrorsAndWarningsCapture.cpp line 73]

Loaded scene 'Assets/TouchScript/Examples/Taps/Taps.unity'
	Deserialize:            2.864 ms
	Integration:            10.673 ms
	Integration of assets:  0.204 ms
	Thread Wait Time:       0.007 ms
	Total Operation Time:   13.747 ms
Unloading 63 unused Assets / (3.7 KB). Loaded Objects now: 6151.
Memory consumption went from 136.4 MB to 136.4 MB.
Total: 16.917542 ms (FindLiveObjects: 0.171709 ms CreateObjectMapping: 0.055084 ms MarkObjects: 16.595750 ms  DeleteObjects: 0.094625 ms)

Completed validating 2036 values in 0.4992286 seconds.
UnityEngine.StackTraceUtility:ExtractStackTrace () (at /Users/bokken/build/output/unity/unity/Runtime/Export/Scripting/StackTrace.cs:37)
UnityEngine.DebugLogHandler:LogFormat (UnityEngine.LogType,UnityEngine.Object,string,object[])
UnityEngine.Logger:Log (UnityEngine.LogType,object)
UnityEngine.Debug:Log (object)
Sirenix.OdinValidator.Editor.ValidationSession/<ValidateEverythingEnumeratorBatched>d__54:<>m__Finally1 () (at D:/Sirenix/Sirenix Solution/Sirenix.OdinValidator.Editor/Core/ValidationSession.cs:433)
Sirenix.OdinValidator.Editor.ValidationSession/<ValidateEverythingEnumeratorBatched>d__54:System.IDisposable.Dispose ()
Sirenix.OdinValidator.Editor.AutomationConfig:RunValidationScan (string,Sirenix.OdinValidator.Editor.AutomationConfig/ValidationSetup,bool,System.Action,bool,bool,bool,bool,bool,bool,bool,bool) (at D:/Sirenix/Sirenix Solution/Sirenix.OdinValidator.Editor/Config/AutomationConfig.cs:305)
Sirenix.OdinValidator.Editor.AutomationConfig:ActuallyInitHooks () (at D:/Sirenix/Sirenix Solution/Sirenix.OdinValidator.Editor/Config/AutomationConfig.cs:186)
Sirenix.OdinValidator.Editor.AutomationConfig:InitHooks () (at D:/Sirenix/Sirenix Solution/Sirenix.OdinValidator.Editor/Config/AutomationConfig.cs:170)
System.Reflection.RuntimeMethodInfo:Invoke (object,System.Reflection.BindingFlags,System.Reflection.Binder,object[],System.Globalization.CultureInfo)
System.Reflection.MethodBase:Invoke (object,object[])
UnityEditor.EditorAssemblies:ProcessInitializeOnLoadMethodAttributes () (at /Users/bokken/build/output/unity/unity/Editor/Mono/EditorAssemblies.cs:145)

Unloading 53 Unused Serialized files (Serialized files now loaded: 0)
Mono: successfully reloaded assembly
- Finished resetting the current domain, in  1.101 seconds
Domain Reload Profiling: 1497ms
	BeginReloadAssembly (60ms)
		ExecutionOrderSort (0ms)
		DisableScriptedObjects (2ms)
		BackupInstance (0ms)
		ReleaseScriptingObjects (0ms)
		CreateAndSetChildDomain (15ms)
	RebuildCommonClasses (19ms)
	RebuildNativeTypeToScriptingClass (7ms)
	initialDomainReloadingComplete (20ms)
	LoadAllAssembliesAndSetupDomain (289ms)
		LoadAssemblies (175ms)
		RebuildTransferFunctionScriptingTraits (0ms)
		AnalyzeDomain (138ms)
			TypeCache.Refresh (120ms)
				TypeCache.ScanAssembly (107ms)
			ScanForSourceGeneratedMonoScriptInfo (10ms)
			ResolveRequiredComponents (7ms)
	FinalizeReload (1102ms)
		ReleaseScriptCaches (0ms)
		RebuildScriptCaches (0ms)
		SetupLoadedEditorAssemblies (1008ms)
			LogAssemblyErrors (0ms)
			InitializePlatformSupportModulesInManaged (17ms)
			SetLoadedEditorAssemblies (2ms)
			RefreshPlugins (0ms)
			BeforeProcessingInitializeOnLoad (53ms)
			ProcessInitializeOnLoadAttributes (375ms)
			ProcessInitializeOnLoadMethodAttributes (561ms)
			AfterProcessingInitializeOnLoad (1ms)
			EditorAssembliesLoaded (0ms)
		ExecutionOrderSort2 (0ms)
		AwakeInstancesAfterBackupRestoration (0ms)
Launching external process: /Applications/Unity/Hub/Editor/2022.3.20f1/Unity.app/Contents/Tools/UnityShaderCompiler
Launched and connected shader compiler UnityShaderCompiler after 0.06 seconds
Refreshing native plugins compatible for Editor in 1.45 ms, found 2 plugins.
Preloading 0 native plugins for Editor in 0.00 ms.
Unloading 52 unused Assets / (356.9 KB). Loaded Objects now: 6228.
Memory consumption went from 144.6 MB to 144.3 MB.
Total: 19.556084 ms (FindLiveObjects: 0.182792 ms CreateObjectMapping: 0.056000 ms MarkObjects: 19.148375 ms  DeleteObjects: 0.168584 ms)

Unloading 117 Unused Serialized files (Serialized files now loaded: 0)
Unloading 0 unused Assets / (40.2 KB). Loaded Objects now: 6228.
Memory consumption went from 144.2 MB to 144.1 MB.
Total: 15.780833 ms (FindLiveObjects: 0.157041 ms CreateObjectMapping: 0.058959 ms MarkObjects: 15.548708 ms  DeleteObjects: 0.015958 ms)

AssetImportParameters requested are different than current active one (requested -> active):
  custom:scripting/monoscript/fileName/CellGroundTemplate.cs: 23fbc9fe88d5d29d8afe1941fe612534 -> 
  custom:container-demuxer-ogg: 62fdf1f143b41e24485cea50d1cbac27 -> 
  custom:video-decoder-ogg-theora: a1e56fd34408186e4bbccfd4996cb3dc -> 
  custom:CustomObjectIndexerAttribute: 62b5816608c3102f162a1797e29626cf -> 
  custom:scripting/monoscript/fileName/TilesTemplateCollection.cs: 1323639491948449d899f7c3d116358a -> 9b97b84b558d043388e687408423c9fa
  custom:container-demuxer-webm: 4f35f7cbe854078d1ac9338744f61a02 -> 
  custom:container-muxer-webm: aa71ff27fc2769a1b78a27578f13a17b -> 
  custom:scripting/monoscript/fileName/CellGroundTemplateCollection.cs: 3862488741336215d595b160b6ea7dd6 -> 
  custom:video-decoder-webm-vp8: 9c59270c3fd7afecdb556c50c9e8de78 -> 
  custom:SearchIndexIgnoredProperties: e643bd26f0fe6173181afceb89e7c659 -> 
  custom:AudioImporter_EditorPlatform: 3918e3fc78b5a79bad01e8451be0beb8 -> 
  custom:framework-osx-AVFoundation: e770b220cccbd017edd2c1fefb359320 -> 
  custom:scripting/monoscript/fileName/TileTemplate.cs: da25af36d628451bcf3c197eba2f7e2a -> 5d21bd9ae0ebd364cdee84e2580ef8dd
  custom:video-encoder-webm-vp8: eb34c28f22e8b96e1ab97ce403110664 -> 
  custom:scripting/monoscript/fileName/TileFactory.cs: ec394443d0a33a6c7d3ef14c340be7b9 -> f53edab2a63a3682e8af0038a4208fb8
  custom:audio-decoder-ogg-vorbis: bf7c407c2cedff20999df2af8eb42d56 -> 
  custom:audio-encoder-webm-vorbis: bf7c407c2cedff20999df2af8eb42d56 -> 
========================================================================
Received Import Request.
  Time since last request: 693678.350675 seconds.
  path: Assets/Prefabs
  artifactKey: Guid(faca55e05683a419f978693c760af456) Importer(815301076,1909f56bfc062723c751e8b465ee728b)
Start importing Assets/Prefabs using Guid(faca55e05683a419f978693c760af456) Importer(815301076,1909f56bfc062723c751e8b465ee728b)  -> (artifact id: 'c26149360ca5502e19a19a2ceda31d4d') in 0.001009 seconds
Number of updated asset objects reloaded before import = 0
Number of asset objects unloaded after import = 0
========================================================================
Received Import Request.
  Time since last request: 0.000042 seconds.
  path: Assets/Prefabs/Managers
  artifactKey: Guid(fcb7c36cb7506400d9c9c44b9e8026b9) Importer(815301076,1909f56bfc062723c751e8b465ee728b)
Start importing Assets/Prefabs/Managers using Guid(fcb7c36cb7506400d9c9c44b9e8026b9) Importer(815301076,1909f56bfc062723c751e8b465ee728b)  -> (artifact id: '5e11c5230510f8e45c2f1fc68b0e426f') in 0.000243 seconds
Number of updated asset objects reloaded before import = 0
Number of asset objects unloaded after import = 0
========================================================================
Received Import Request.
  Time since last request: 0.000127 seconds.
  path: Assets/Prefabs/Tiles
  artifactKey: Guid(0af344589c2c1400591b3fbd15e24e9b) Importer(815301076,1909f56bfc062723c751e8b465ee728b)
Start importing Assets/Prefabs/Tiles using Guid(0af344589c2c1400591b3fbd15e24e9b) Importer(815301076,1909f56bfc062723c751e8b465ee728b)  -> (artifact id: '3c9a87c20344f848372f9fa831393cdc') in 0.000223 seconds
Number of updated asset objects reloaded before import = 0
Number of asset objects unloaded after import = 0
========================================================================
Received Import Request.
  Time since last request: 5.007136 seconds.
  path: Assets/Prefabs/Tiles/water.prefab
  artifactKey: Guid(81c1fe6450ee840baba6dd7893834904) Importer(815301076,1909f56bfc062723c751e8b465ee728b)
Start importing Assets/Prefabs/Tiles/water.prefab using Guid(81c1fe6450ee840baba6dd7893834904) Importer(815301076,1909f56bfc062723c751e8b465ee728b)  -> (artifact id: '5ceda06e74855e89d6cd9db6fe157149') in 0.496368 seconds
Number of updated asset objects reloaded before import = 0
Number of asset objects unloaded after import = 18
========================================================================
Received Import Request.
  Time since last request: 2.102008 seconds.
  path: Assets/Prefabs/Tiles/stone.prefab
  artifactKey: Guid(2667e99ce820844289b05c61282df149) Importer(815301076,1909f56bfc062723c751e8b465ee728b)
Start importing Assets/Prefabs/Tiles/stone.prefab using Guid(2667e99ce820844289b05c61282df149) Importer(815301076,1909f56bfc062723c751e8b465ee728b)  -> (artifact id: '37e54b38e401d93d3d3efb72121646bc') in 0.037594 seconds
Number of updated asset objects reloaded before import = 0
Number of asset objects unloaded after import = 18
========================================================================
Received Import Request.
  Time since last request: 0.142203 seconds.
  path: Assets/Prefabs/Tiles/sand.prefab
  artifactKey: Guid(49e38ade4871f41ca9a3119673eac203) Importer(815301076,1909f56bfc062723c751e8b465ee728b)
Start importing Assets/Prefabs/Tiles/sand.prefab using Guid(49e38ade4871f41ca9a3119673eac203) Importer(815301076,1909f56bfc062723c751e8b465ee728b)  -> (artifact id: '6724e22413015979e05601fe7aa6c325') in 0.005990 seconds
Number of updated asset objects reloaded before import = 0
Number of asset objects unloaded after import = 18
========================================================================
Received Import Request.
  Time since last request: 0.459263 seconds.
  path: Assets/Prefabs/Tiles/grass.prefab
  artifactKey: Guid(8344f8fd333a54ad497f62aa7c691213) Importer(815301076,1909f56bfc062723c751e8b465ee728b)
Start importing Assets/Prefabs/Tiles/grass.prefab using Guid(8344f8fd333a54ad497f62aa7c691213) Importer(815301076,1909f56bfc062723c751e8b465ee728b)  -> (artifact id: '74b1b091b1b9e666d119fcc865e2d8cc') in 0.005757 seconds
Number of updated asset objects reloaded before import = 0
Number of asset objects unloaded after import = 18
========================================================================
Received Import Request.
  Time since last request: 1.589596 seconds.
  path: Assets/Prefabs/Tiles/empty.prefab
  artifactKey: Guid(4101feedf079f4594ae34d0b629d65a8) Importer(815301076,1909f56bfc062723c751e8b465ee728b)
Start importing Assets/Prefabs/Tiles/empty.prefab using Guid(4101feedf079f4594ae34d0b629d65a8) Importer(815301076,1909f56bfc062723c751e8b465ee728b)  -> (artifact id: 'de4cc03e0e1d934df94e9e7fd63ee7ca') in 0.029007 seconds
Number of updated asset objects reloaded before import = 0
Number of asset objects unloaded after import = 19
========================================================================
Received Import Request.
  Time since last request: 0.176186 seconds.
  path: Assets/Prefabs/Tiles/dirt.prefab
  artifactKey: Guid(efae30b99b34f43e9b6f2ad16c64a794) Importer(815301076,1909f56bfc062723c751e8b465ee728b)
Start importing Assets/Prefabs/Tiles/dirt.prefab using Guid(efae30b99b34f43e9b6f2ad16c64a794) Importer(815301076,1909f56bfc062723c751e8b465ee728b)  -> (artifact id: '6a900d8c252baddb2517f7bcbec4798b') in 0.005224 seconds
Number of updated asset objects reloaded before import = 0
Number of asset objects unloaded after import = 18
========================================================================
Received Import Request.
  Time since last request: 1.373623 seconds.
  path: Assets/Prefabs/Tiles/building-wizard-tower.prefab
  artifactKey: Guid(a84498122acce45a9b8469b94f3e1283) Importer(815301076,1909f56bfc062723c751e8b465ee728b)
Start importing Assets/Prefabs/Tiles/building-wizard-tower.prefab using Guid(a84498122acce45a9b8469b94f3e1283) Importer(815301076,1909f56bfc062723c751e8b465ee728b)  -> (artifact id: '6aea7fbb8a3394d69acefb06f397e35c') in 0.009573 seconds
Number of updated asset objects reloaded before import = 0
Number of asset objects unloaded after import = 18
========================================================================
Received Import Request.
  Time since last request: 0.694943 seconds.
  path: Assets/Prefabs/Tiles/building-watermill.prefab
  artifactKey: Guid(5b5ef3fe50c7342969d7102e79dd9940) Importer(815301076,1909f56bfc062723c751e8b465ee728b)
Start importing Assets/Prefabs/Tiles/building-watermill.prefab using Guid(5b5ef3fe50c7342969d7102e79dd9940) Importer(815301076,1909f56bfc062723c751e8b465ee728b)  -> (artifact id: '3ced2c03bf92140813b9221cbc76941e') in 0.006967 seconds
Number of updated asset objects reloaded before import = 0
Number of asset objects unloaded after import = 27
========================================================================
Received Import Request.
  Time since last request: 0.507452 seconds.
  path: Assets/Prefabs/Tiles/building-walls.prefab
  artifactKey: Guid(87840a93acd2849a29981a86780ac0a6) Importer(815301076,1909f56bfc062723c751e8b465ee728b)
Start importing Assets/Prefabs/Tiles/building-walls.prefab using Guid(87840a93acd2849a29981a86780ac0a6) Importer(815301076,1909f56bfc062723c751e8b465ee728b)  -> (artifact id: '83fe5c3a0c65ab51353ec639350052a7') in 0.006035 seconds
Number of updated asset objects reloaded before import = 0
Number of asset objects unloaded after import = 18
========================================================================
Received Import Request.
  Time since last request: 0.538684 seconds.
  path: Assets/Prefabs/Tiles/building-wall.prefab
  artifactKey: Guid(088a3e08defe643c2bc503bc6c52149b) Importer(815301076,1909f56bfc062723c751e8b465ee728b)
Start importing Assets/Prefabs/Tiles/building-wall.prefab using Guid(088a3e08defe643c2bc503bc6c52149b) Importer(815301076,1909f56bfc062723c751e8b465ee728b)  -> (artifact id: '3749fcba701ef294338c64804ecaafc5') in 0.004908 seconds
Number of updated asset objects reloaded before import = 0
Number of asset objects unloaded after import = 18
========================================================================
Received Import Request.
  Time since last request: 0.212032 seconds.
  path: Assets/Prefabs/Tiles/building-village.prefab
  artifactKey: Guid(112be16e1410743b39be6a7d416832ce) Importer(815301076,1909f56bfc062723c751e8b465ee728b)
Start importing Assets/Prefabs/Tiles/building-village.prefab using Guid(112be16e1410743b39be6a7d416832ce) Importer(815301076,1909f56bfc062723c751e8b465ee728b)  -> (artifact id: 'e95d9a082263a684840169edfbb725cc') in 0.005038 seconds
Number of updated asset objects reloaded before import = 0
Number of asset objects unloaded after import = 18
========================================================================
Received Import Request.
  Time since last request: 0.205190 seconds.
  path: Assets/Prefabs/Tiles/building-tower.prefab
  artifactKey: Guid(41bde0ac5ee424c2ca91648f639f1615) Importer(815301076,1909f56bfc062723c751e8b465ee728b)
Start importing Assets/Prefabs/Tiles/building-tower.prefab using Guid(41bde0ac5ee424c2ca91648f639f1615) Importer(815301076,1909f56bfc062723c751e8b465ee728b)  -> (artifact id: '991f0dab4524680104aaaa050629086b') in 0.004859 seconds
Number of updated asset objects reloaded before import = 0
Number of asset objects unloaded after import = 18
========================================================================
Received Import Request.
  Time since last request: 0.209280 seconds.
  path: Assets/Prefabs/Tiles/building-smelter.prefab
  artifactKey: Guid(e66b0236d677e4d259a89f98c5ad9678) Importer(815301076,1909f56bfc062723c751e8b465ee728b)
Start importing Assets/Prefabs/Tiles/building-smelter.prefab using Guid(e66b0236d677e4d259a89f98c5ad9678) Importer(815301076,1909f56bfc062723c751e8b465ee728b)  -> (artifact id: '182812985cfaca643a5e0176326458ec') in 0.005002 seconds
Number of updated asset objects reloaded before import = 0
Number of asset objects unloaded after import = 18
========================================================================
Received Import Request.
  Time since last request: 0.196685 seconds.
  path: Assets/Prefabs/Tiles/building-sheep.prefab
  artifactKey: Guid(c2649e99810a84285bf7bd90df9942d2) Importer(815301076,1909f56bfc062723c751e8b465ee728b)
Start importing Assets/Prefabs/Tiles/building-sheep.prefab using Guid(c2649e99810a84285bf7bd90df9942d2) Importer(815301076,1909f56bfc062723c751e8b465ee728b)  -> (artifact id: 'd807daf39e0f5073220edb79140fd2fe') in 0.005482 seconds
Number of updated asset objects reloaded before import = 0
Number of asset objects unloaded after import = 18
========================================================================
Received Import Request.
  Time since last request: 0.204818 seconds.
  path: Assets/Prefabs/Tiles/building-port.prefab
  artifactKey: Guid(9119d33581d0b4944a7fca437ff63a14) Importer(815301076,1909f56bfc062723c751e8b465ee728b)
Start importing Assets/Prefabs/Tiles/building-port.prefab using Guid(9119d33581d0b4944a7fca437ff63a14) Importer(815301076,1909f56bfc062723c751e8b465ee728b)  -> (artifact id: 'b09cec0b342bfa364e18391714f0f0e9') in 0.005421 seconds
Number of updated asset objects reloaded before import = 0
Number of asset objects unloaded after import = 18
========================================================================
Received Import Request.
  Time since last request: 0.195257 seconds.
  path: Assets/Prefabs/Tiles/building-mine.prefab
  artifactKey: Guid(9dc79ebe6b7a84f54bfc3706252044ad) Importer(815301076,1909f56bfc062723c751e8b465ee728b)
Start importing Assets/Prefabs/Tiles/building-mine.prefab using Guid(9dc79ebe6b7a84f54bfc3706252044ad) Importer(815301076,1909f56bfc062723c751e8b465ee728b)  -> (artifact id: '925cbeb8f76af192b38ede75e9e8618e') in 0.004810 seconds
Number of updated asset objects reloaded before import = 0
Number of asset objects unloaded after import = 18
========================================================================
Received Import Request.
  Time since last request: 0.210435 seconds.
  path: Assets/Prefabs/Tiles/building-mill.prefab
  artifactKey: Guid(e7ed0ee1e888b4887b06b70e71c4ec8e) Importer(815301076,1909f56bfc062723c751e8b465ee728b)
Start importing Assets/Prefabs/Tiles/building-mill.prefab using Guid(e7ed0ee1e888b4887b06b70e71c4ec8e) Importer(815301076,1909f56bfc062723c751e8b465ee728b)  -> (artifact id: 'dc69475881e095272129c94912a1b071') in 0.005198 seconds
Number of updated asset objects reloaded before import = 0
Number of asset objects unloaded after import = 27
========================================================================
Received Import Request.
  Time since last request: 0.173581 seconds.
  path: Assets/Prefabs/Tiles/building-market.prefab
  artifactKey: Guid(78ffe07efb87b42318f85d5a6be720be) Importer(815301076,1909f56bfc062723c751e8b465ee728b)
Start importing Assets/Prefabs/Tiles/building-market.prefab using Guid(78ffe07efb87b42318f85d5a6be720be) Importer(815301076,1909f56bfc062723c751e8b465ee728b)  -> (artifact id: '1f91ed923d41a77bb93cd43dd45c69db') in 0.004711 seconds
Number of updated asset objects reloaded before import = 0
Number of asset objects unloaded after import = 18
========================================================================
Received Import Request.
  Time since last request: 0.183768 seconds.
  path: Assets/Prefabs/Tiles/building-house.prefab
  artifactKey: Guid(9386f057a8a084a3dad9a2b08f16b104) Importer(815301076,1909f56bfc062723c751e8b465ee728b)
Start importing Assets/Prefabs/Tiles/building-house.prefab using Guid(9386f057a8a084a3dad9a2b08f16b104) Importer(815301076,1909f56bfc062723c751e8b465ee728b)  -> (artifact id: '755a675920c408cecbb9636bda8bab8a') in 0.004554 seconds
Number of updated asset objects reloaded before import = 0
Number of asset objects unloaded after import = 18
========================================================================
Received Import Request.
  Time since last request: 0.170541 seconds.
  path: Assets/Prefabs/Tiles/building-farm.prefab
  artifactKey: Guid(13ecbfad51c7f471694f13c0a20085e2) Importer(815301076,1909f56bfc062723c751e8b465ee728b)
Start importing Assets/Prefabs/Tiles/building-farm.prefab using Guid(13ecbfad51c7f471694f13c0a20085e2) Importer(815301076,1909f56bfc062723c751e8b465ee728b)  -> (artifact id: 'ed61d56090159f12373066b699613b0d') in 0.005328 seconds
Number of updated asset objects reloaded before import = 0
Number of asset objects unloaded after import = 18
========================================================================
Received Import Request.
  Time since last request: 0.174590 seconds.
  path: Assets/Prefabs/Tiles/building-dock.prefab
  artifactKey: Guid(341e74b7435064a129084d3e460ca1bd) Importer(815301076,1909f56bfc062723c751e8b465ee728b)
Start importing Assets/Prefabs/Tiles/building-dock.prefab using Guid(341e74b7435064a129084d3e460ca1bd) Importer(815301076,1909f56bfc062723c751e8b465ee728b)  -> (artifact id: 'da8a29571e3eee12fe91a30b8b068441') in 0.005222 seconds
Number of updated asset objects reloaded before import = 0
Number of asset objects unloaded after import = 18
========================================================================
Received Import Request.
  Time since last request: 0.184255 seconds.
  path: Assets/Prefabs/Tiles/building-castle.prefab
  artifactKey: Guid(91684f4eb9b5748ef952f5c90a760b39) Importer(815301076,1909f56bfc062723c751e8b465ee728b)
Start importing Assets/Prefabs/Tiles/building-castle.prefab using Guid(91684f4eb9b5748ef952f5c90a760b39) Importer(815301076,1909f56bfc062723c751e8b465ee728b)  -> (artifact id: '379bf8d8a112fea9a092c1294cae6f43') in 0.005062 seconds
Number of updated asset objects reloaded before import = 0
Number of asset objects unloaded after import = 18
========================================================================
Received Import Request.
  Time since last request: 0.194632 seconds.
  path: Assets/Prefabs/Tiles/building-cabin.prefab
  artifactKey: Guid(7bf43b23c7f2e452d919185786ccf511) Importer(815301076,1909f56bfc062723c751e8b465ee728b)
Start importing Assets/Prefabs/Tiles/building-cabin.prefab using Guid(7bf43b23c7f2e452d919185786ccf511) Importer(815301076,1909f56bfc062723c751e8b465ee728b)  -> (artifact id: 'e2ce59cd170fd6d0415deb8588ad4941') in 0.005910 seconds
Number of updated asset objects reloaded before import = 0
Number of asset objects unloaded after import = 18
========================================================================
Received Import Request.
  Time since last request: 0.241986 seconds.
  path: Assets/Prefabs/Tiles/building-archery.prefab
  artifactKey: Guid(f042f443ca2cf4798b88ad8251a9a8ef) Importer(815301076,1909f56bfc062723c751e8b465ee728b)
Start importing Assets/Prefabs/Tiles/building-archery.prefab using Guid(f042f443ca2cf4798b88ad8251a9a8ef) Importer(815301076,1909f56bfc062723c751e8b465ee728b)  -> (artifact id: 'adbca002a640b3319dfc49c34cbb5521') in 0.005234 seconds
Number of updated asset objects reloaded before import = 0
Number of asset objects unloaded after import = 18
========================================================================
Received Import Request.
  Time since last request: 24.347652 seconds.
  path: Assets/Prefabs/Tiles/building-mine.prefab
  artifactKey: Guid(9dc79ebe6b7a84f54bfc3706252044ad) Importer(815301076,1909f56bfc062723c751e8b465ee728b)
Start importing Assets/Prefabs/Tiles/building-mine.prefab using Guid(9dc79ebe6b7a84f54bfc3706252044ad) Importer(815301076,1909f56bfc062723c751e8b465ee728b)  -> (artifact id: '1822ca59e31e98ea474f449ecc91a642') in 0.095169 seconds
Number of updated asset objects reloaded before import = 0
Number of asset objects unloaded after import = 19
========================================================================
Received Import Request.
  Time since last request: 99.081409 seconds.
  path: Assets/Prefabs/Tiles/building-mine.prefab
  artifactKey: Guid(9dc79ebe6b7a84f54bfc3706252044ad) Importer(815301076,1909f56bfc062723c751e8b465ee728b)
Start importing Assets/Prefabs/Tiles/building-mine.prefab using Guid(9dc79ebe6b7a84f54bfc3706252044ad) Importer(815301076,1909f56bfc062723c751e8b465ee728b)  -> (artifact id: '413628ca898f0cdce2990406271872e2') in 0.111296 seconds
Number of updated asset objects reloaded before import = 0
Number of asset objects unloaded after import = 19
========================================================================
Received Import Request.
  Time since last request: 45.761465 seconds.
  path: Assets/Prefabs/Tiles/building-mine.prefab
  artifactKey: Guid(9dc79ebe6b7a84f54bfc3706252044ad) Importer(815301076,1909f56bfc062723c751e8b465ee728b)
Start importing Assets/Prefabs/Tiles/building-mine.prefab using Guid(9dc79ebe6b7a84f54bfc3706252044ad) Importer(815301076,1909f56bfc062723c751e8b465ee728b)  -> (artifact id: 'aae439c112145cf570b07c99ead4d98f') in 0.101845 seconds
Number of updated asset objects reloaded before import = 0
Number of asset objects unloaded after import = 19
========================================================================
Received Import Request.
  Time since last request: 5.368441 seconds.
  path: Assets/Prefabs/Tiles/building-mine.prefab
  artifactKey: Guid(9dc79ebe6b7a84f54bfc3706252044ad) Importer(815301076,1909f56bfc062723c751e8b465ee728b)
Start importing Assets/Prefabs/Tiles/building-mine.prefab using Guid(9dc79ebe6b7a84f54bfc3706252044ad) Importer(815301076,1909f56bfc062723c751e8b465ee728b)  -> (artifact id: 'd6382971b67d96c42d9bacb70d38bec0') in 0.133407 seconds
Number of updated asset objects reloaded before import = 0
Number of asset objects unloaded after import = 19
========================================================================
Received Prepare
Begin MonoManager ReloadAssembly
Thread 0x2a0fc7000 may have been prematurely finalized
- Loaded All Assemblies, in  0.430 seconds
Refreshing native plugins compatible for Editor in 1.37 ms, found 2 plugins.
Native extension for WindowsStandalone target not found
Native extension for iOS target not found
Native extension for Android target not found
Native extension for OSXStandalone target not found
[Package Manager] Server::EnsureServerProcessIsRunning -- launch failed, reason: Unity was launched with the -noUpm command-line argument
[Package Manager] UpmClient::Send -- Unable to send message (not connected to UPM process).
[Package Manager] Cannot connect to Unity Package Manager local server
Mono: successfully reloaded assembly
- Finished resetting the current domain, in  0.987 seconds
Domain Reload Profiling: 1417ms
	BeginReloadAssembly (173ms)
		ExecutionOrderSort (0ms)
		DisableScriptedObjects (7ms)
		BackupInstance (0ms)
		ReleaseScriptingObjects (0ms)
		CreateAndSetChildDomain (107ms)
	RebuildCommonClasses (20ms)
	RebuildNativeTypeToScriptingClass (7ms)
	initialDomainReloadingComplete (22ms)
	LoadAllAssembliesAndSetupDomain (209ms)
		LoadAssemblies (203ms)
		RebuildTransferFunctionScriptingTraits (0ms)
		AnalyzeDomain (33ms)
			TypeCache.Refresh (10ms)
				TypeCache.ScanAssembly (2ms)
			ScanForSourceGeneratedMonoScriptInfo (14ms)
			ResolveRequiredComponents (9ms)
	FinalizeReload (987ms)
		ReleaseScriptCaches (0ms)
		RebuildScriptCaches (0ms)
		SetupLoadedEditorAssemblies (442ms)
			LogAssemblyErrors (0ms)
			InitializePlatformSupportModulesInManaged (20ms)
			SetLoadedEditorAssemblies (2ms)
			RefreshPlugins (0ms)
			BeforeProcessingInitializeOnLoad (50ms)
			ProcessInitializeOnLoadAttributes (334ms)
			ProcessInitializeOnLoadMethodAttributes (36ms)
			AfterProcessingInitializeOnLoad (1ms)
			EditorAssembliesLoaded (0ms)
		ExecutionOrderSort2 (0ms)
		AwakeInstancesAfterBackupRestoration (14ms)
Refreshing native plugins compatible for Editor in 1.45 ms, found 2 plugins.
Preloading 0 native plugins for Editor in 0.00 ms.
Unloading 5405 Unused Serialized files (Serialized files now loaded: 0)
Unloading 86 unused Assets / (485.7 KB). Loaded Objects now: 6264.
Memory consumption went from 236.0 MB to 235.5 MB.
Total: 12.710708 ms (FindLiveObjects: 0.166209 ms CreateObjectMapping: 0.055375 ms MarkObjects: 12.291417 ms  DeleteObjects: 0.197041 ms)

Prepare: number of updated asset objects reloaded= 0
AssetImportParameters requested are different than current active one (requested -> active):
  custom:scripting/monoscript/fileName/CellGroundTemplate.cs: 23fbc9fe88d5d29d8afe1941fe612534 -> 
  custom:container-demuxer-ogg: 62fdf1f143b41e24485cea50d1cbac27 -> 
  custom:video-decoder-ogg-theora: a1e56fd34408186e4bbccfd4996cb3dc -> 
  custom:CustomObjectIndexerAttribute: 62b5816608c3102f162a1797e29626cf -> 
  custom:scripting/monoscript/fileName/TilesTemplateCollection.cs: 1323639491948449d899f7c3d116358a -> 9b97b84b558d043388e687408423c9fa
  custom:container-demuxer-webm: 4f35f7cbe854078d1ac9338744f61a02 -> 
  custom:container-muxer-webm: aa71ff27fc2769a1b78a27578f13a17b -> 
  custom:scripting/monoscript/fileName/CellGroundTemplateCollection.cs: 3862488741336215d595b160b6ea7dd6 -> 
  custom:video-decoder-webm-vp8: 9c59270c3fd7afecdb556c50c9e8de78 -> 
  custom:SearchIndexIgnoredProperties: e643bd26f0fe6173181afceb89e7c659 -> 
  custom:AudioImporter_EditorPlatform: 3918e3fc78b5a79bad01e8451be0beb8 -> 
  custom:framework-osx-AVFoundation: e770b220cccbd017edd2c1fefb359320 -> 
  custom:scripting/monoscript/fileName/TileTemplate.cs: da25af36d628451bcf3c197eba2f7e2a -> 5d21bd9ae0ebd364cdee84e2580ef8dd
  custom:video-encoder-webm-vp8: eb34c28f22e8b96e1ab97ce403110664 -> 
  custom:scripting/monoscript/fileName/TileFactory.cs: ec394443d0a33a6c7d3ef14c340be7b9 -> f53edab2a63a3682e8af0038a4208fb8
  custom:audio-decoder-ogg-vorbis: bf7c407c2cedff20999df2af8eb42d56 -> 
  custom:audio-encoder-webm-vorbis: bf7c407c2cedff20999df2af8eb42d56 -> 
========================================================================
Received Import Request.
  Time since last request: 6.158462 seconds.
  path: Assets/Prefabs/Tiles/building-mine.prefab
  artifactKey: Guid(9dc79ebe6b7a84f54bfc3706252044ad) Importer(815301076,1909f56bfc062723c751e8b465ee728b)
Start importing Assets/Prefabs/Tiles/building-mine.prefab using Guid(9dc79ebe6b7a84f54bfc3706252044ad) Importer(815301076,1909f56bfc062723c751e8b465ee728b)  -> (artifact id: '856fcbed6168dfb79fe8d5799b0f17c6') in 0.147413 seconds
Number of updated asset objects reloaded before import = 0
Number of asset objects unloaded after import = 37
========================================================================
Received Import Request.
  Time since last request: 22.725073 seconds.
  path: Assets/Prefabs/Tiles/building-mine.prefab
  artifactKey: Guid(9dc79ebe6b7a84f54bfc3706252044ad) Importer(815301076,1909f56bfc062723c751e8b465ee728b)
Start importing Assets/Prefabs/Tiles/building-mine.prefab using Guid(9dc79ebe6b7a84f54bfc3706252044ad) Importer(815301076,1909f56bfc062723c751e8b465ee728b)  -> (artifact id: '4241f8d8863b9af83267967af7c5417c') in 0.110674 seconds
Number of updated asset objects reloaded before import = 0
Number of asset objects unloaded after import = 19
========================================================================
Received Import Request.
  Time since last request: 6.647046 seconds.
  path: Assets/Prefabs/Tiles/building-mine.prefab
  artifactKey: Guid(9dc79ebe6b7a84f54bfc3706252044ad) Importer(815301076,1909f56bfc062723c751e8b465ee728b)
Start importing Assets/Prefabs/Tiles/building-mine.prefab using Guid(9dc79ebe6b7a84f54bfc3706252044ad) Importer(815301076,1909f56bfc062723c751e8b465ee728b)  -> (artifact id: '1d96def980d8d2f3183b56f70b319f50') in 0.118416 seconds
Number of updated asset objects reloaded before import = 0
Number of asset objects unloaded after import = 19
========================================================================
Received Import Request.
  Time since last request: 34.458258 seconds.
  path: Assets/Prefabs/Tiles/building-mine.prefab
  artifactKey: Guid(9dc79ebe6b7a84f54bfc3706252044ad) Importer(815301076,1909f56bfc062723c751e8b465ee728b)
Start importing Assets/Prefabs/Tiles/building-mine.prefab using Guid(9dc79ebe6b7a84f54bfc3706252044ad) Importer(815301076,1909f56bfc062723c751e8b465ee728b)  -> (artifact id: '5f6eb97f20ab7c95d242e08be88720da') in 0.122709 seconds
Number of updated asset objects reloaded before import = 0
Number of asset objects unloaded after import = 19
========================================================================
Received Prepare
Begin MonoManager ReloadAssembly
Thread 0x28fd87000 may have been prematurely finalized
- Loaded All Assemblies, in  0.385 seconds
Refreshing native plugins compatible for Editor in 1.41 ms, found 2 plugins.
Native extension for WindowsStandalone target not found
Native extension for iOS target not found
Native extension for Android target not found
Native extension for OSXStandalone target not found
[Package Manager] Server::EnsureServerProcessIsRunning -- launch failed, reason: Unity was launched with the -noUpm command-line argument
[Package Manager] UpmClient::Send -- Unable to send message (not connected to UPM process).
[Package Manager] Cannot connect to Unity Package Manager local server
Mono: successfully reloaded assembly
- Finished resetting the current domain, in  1.083 seconds
Domain Reload Profiling: 1469ms
	BeginReloadAssembly (136ms)
		ExecutionOrderSort (0ms)
		DisableScriptedObjects (9ms)
		BackupInstance (0ms)
		ReleaseScriptingObjects (0ms)
		CreateAndSetChildDomain (72ms)
	RebuildCommonClasses (26ms)
	RebuildNativeTypeToScriptingClass (7ms)
	initialDomainReloadingComplete (17ms)
	LoadAllAssembliesAndSetupDomain (199ms)
		LoadAssemblies (195ms)
		RebuildTransferFunctionScriptingTraits (0ms)
		AnalyzeDomain (35ms)
			TypeCache.Refresh (10ms)
				TypeCache.ScanAssembly (2ms)
			ScanForSourceGeneratedMonoScriptInfo (17ms)
			ResolveRequiredComponents (8ms)
	FinalizeReload (1083ms)
		ReleaseScriptCaches (0ms)
		RebuildScriptCaches (0ms)
		SetupLoadedEditorAssemblies (495ms)
			LogAssemblyErrors (0ms)
			InitializePlatformSupportModulesInManaged (45ms)
			SetLoadedEditorAssemblies (3ms)
			RefreshPlugins (0ms)
			BeforeProcessingInitializeOnLoad (52ms)
			ProcessInitializeOnLoadAttributes (357ms)
			ProcessInitializeOnLoadMethodAttributes (37ms)
			AfterProcessingInitializeOnLoad (1ms)
			EditorAssembliesLoaded (0ms)
		ExecutionOrderSort2 (0ms)
		AwakeInstancesAfterBackupRestoration (15ms)
Refreshing native plugins compatible for Editor in 1.40 ms, found 2 plugins.
Preloading 0 native plugins for Editor in 0.00 ms.
Unloading 5404 Unused Serialized files (Serialized files now loaded: 0)
Unloading 60 unused Assets / (391.1 KB). Loaded Objects now: 6310.
Memory consumption went from 250.5 MB to 250.2 MB.
Total: 13.012583 ms (FindLiveObjects: 0.172917 ms CreateObjectMapping: 0.054208 ms MarkObjects: 12.622125 ms  DeleteObjects: 0.162625 ms)

Prepare: number of updated asset objects reloaded= 0
AssetImportParameters requested are different than current active one (requested -> active):
  custom:scripting/monoscript/fileName/CellGroundTemplate.cs: 23fbc9fe88d5d29d8afe1941fe612534 -> 
  custom:container-demuxer-ogg: 62fdf1f143b41e24485cea50d1cbac27 -> 
  custom:video-decoder-ogg-theora: a1e56fd34408186e4bbccfd4996cb3dc -> 
  custom:CustomObjectIndexerAttribute: 62b5816608c3102f162a1797e29626cf -> 
  custom:scripting/monoscript/fileName/TilesTemplateCollection.cs: 1323639491948449d899f7c3d116358a -> 9b97b84b558d043388e687408423c9fa
  custom:container-demuxer-webm: 4f35f7cbe854078d1ac9338744f61a02 -> 
  custom:container-muxer-webm: aa71ff27fc2769a1b78a27578f13a17b -> 
  custom:scripting/monoscript/fileName/CellGroundTemplateCollection.cs: 3862488741336215d595b160b6ea7dd6 -> 
  custom:video-decoder-webm-vp8: 9c59270c3fd7afecdb556c50c9e8de78 -> 
  custom:SearchIndexIgnoredProperties: e643bd26f0fe6173181afceb89e7c659 -> 
  custom:AudioImporter_EditorPlatform: 3918e3fc78b5a79bad01e8451be0beb8 -> 
  custom:framework-osx-AVFoundation: e770b220cccbd017edd2c1fefb359320 -> 
  custom:scripting/monoscript/fileName/TileTemplate.cs: da25af36d628451bcf3c197eba2f7e2a -> 5d21bd9ae0ebd364cdee84e2580ef8dd
  custom:video-encoder-webm-vp8: eb34c28f22e8b96e1ab97ce403110664 -> 
  custom:scripting/monoscript/fileName/TileFactory.cs: ec394443d0a33a6c7d3ef14c340be7b9 -> f53edab2a63a3682e8af0038a4208fb8
  custom:audio-decoder-ogg-vorbis: bf7c407c2cedff20999df2af8eb42d56 -> 
  custom:audio-encoder-webm-vorbis: bf7c407c2cedff20999df2af8eb42d56 -> 
========================================================================
Received Import Request.
  Time since last request: 8.641167 seconds.
  path: Assets/Prefabs/Tiles/building-mine.prefab
  artifactKey: Guid(9dc79ebe6b7a84f54bfc3706252044ad) Importer(815301076,1909f56bfc062723c751e8b465ee728b)
Start importing Assets/Prefabs/Tiles/building-mine.prefab using Guid(9dc79ebe6b7a84f54bfc3706252044ad) Importer(815301076,1909f56bfc062723c751e8b465ee728b)  -> (artifact id: 'fc7c71b450f269a23a2771ea103dcf51') in 0.183514 seconds
Number of updated asset objects reloaded before import = 0
Number of asset objects unloaded after import = 37
========================================================================
Received Prepare
Begin MonoManager ReloadAssembly
Thread 0x17f31f000 may have been prematurely finalized
- Loaded All Assemblies, in  0.373 seconds
Refreshing native plugins compatible for Editor in 1.42 ms, found 2 plugins.
Native extension for WindowsStandalone target not found
Native extension for iOS target not found
Native extension for Android target not found
Native extension for OSXStandalone target not found
[Package Manager] Server::EnsureServerProcessIsRunning -- launch failed, reason: Unity was launched with the -noUpm command-line argument
[Package Manager] UpmClient::Send -- Unable to send message (not connected to UPM process).
[Package Manager] Cannot connect to Unity Package Manager local server
Mono: successfully reloaded assembly
- Finished resetting the current domain, in  1.054 seconds
Domain Reload Profiling: 1428ms
	BeginReloadAssembly (114ms)
		ExecutionOrderSort (0ms)
		DisableScriptedObjects (12ms)
		BackupInstance (0ms)
		ReleaseScriptingObjects (0ms)
		CreateAndSetChildDomain (47ms)
	RebuildCommonClasses (24ms)
	RebuildNativeTypeToScriptingClass (8ms)
	initialDomainReloadingComplete (35ms)
	LoadAllAssembliesAndSetupDomain (193ms)
		LoadAssemblies (186ms)
		RebuildTransferFunctionScriptingTraits (0ms)
		AnalyzeDomain (34ms)
			TypeCache.Refresh (9ms)
				TypeCache.ScanAssembly (2ms)
			ScanForSourceGeneratedMonoScriptInfo (17ms)
			ResolveRequiredComponents (8ms)
	FinalizeReload (1055ms)
		ReleaseScriptCaches (0ms)
		RebuildScriptCaches (0ms)
		SetupLoadedEditorAssemblies (487ms)
			LogAssemblyErrors (0ms)
			InitializePlatformSupportModulesInManaged (17ms)
			SetLoadedEditorAssemblies (3ms)
			RefreshPlugins (0ms)
			BeforeProcessingInitializeOnLoad (51ms)
			ProcessInitializeOnLoadAttributes (379ms)
			ProcessInitializeOnLoadMethodAttributes (37ms)
			AfterProcessingInitializeOnLoad (1ms)
			EditorAssembliesLoaded (0ms)
		ExecutionOrderSort2 (0ms)
		AwakeInstancesAfterBackupRestoration (15ms)
Refreshing native plugins compatible for Editor in 3.20 ms, found 2 plugins.
Preloading 0 native plugins for Editor in 0.00 ms.
Unloading 5403 Unused Serialized files (Serialized files now loaded: 0)
Unloading 60 unused Assets / (392.2 KB). Loaded Objects now: 6350.
Memory consumption went from 264.9 MB to 264.5 MB.
Total: 14.261250 ms (FindLiveObjects: 0.191208 ms CreateObjectMapping: 0.056084 ms MarkObjects: 13.851291 ms  DeleteObjects: 0.162041 ms)

Prepare: number of updated asset objects reloaded= 0
AssetImportParameters requested are different than current active one (requested -> active):
  custom:scripting/monoscript/fileName/CellGroundTemplate.cs: 23fbc9fe88d5d29d8afe1941fe612534 -> 
  custom:container-demuxer-ogg: 62fdf1f143b41e24485cea50d1cbac27 -> 
  custom:video-decoder-ogg-theora: a1e56fd34408186e4bbccfd4996cb3dc -> 
  custom:CustomObjectIndexerAttribute: 62b5816608c3102f162a1797e29626cf -> 
  custom:scripting/monoscript/fileName/TilesTemplateCollection.cs: 1323639491948449d899f7c3d116358a -> 9b97b84b558d043388e687408423c9fa
  custom:container-demuxer-webm: 4f35f7cbe854078d1ac9338744f61a02 -> 
  custom:container-muxer-webm: aa71ff27fc2769a1b78a27578f13a17b -> 
  custom:scripting/monoscript/fileName/CellGroundTemplateCollection.cs: 3862488741336215d595b160b6ea7dd6 -> 
  custom:video-decoder-webm-vp8: 9c59270c3fd7afecdb556c50c9e8de78 -> 
  custom:SearchIndexIgnoredProperties: e643bd26f0fe6173181afceb89e7c659 -> 
  custom:AudioImporter_EditorPlatform: 3918e3fc78b5a79bad01e8451be0beb8 -> 
  custom:framework-osx-AVFoundation: e770b220cccbd017edd2c1fefb359320 -> 
  custom:scripting/monoscript/fileName/TileTemplate.cs: da25af36d628451bcf3c197eba2f7e2a -> 5d21bd9ae0ebd364cdee84e2580ef8dd
  custom:video-encoder-webm-vp8: eb34c28f22e8b96e1ab97ce403110664 -> 
  custom:scripting/monoscript/fileName/TileFactory.cs: ec394443d0a33a6c7d3ef14c340be7b9 -> f53edab2a63a3682e8af0038a4208fb8
  custom:audio-decoder-ogg-vorbis: bf7c407c2cedff20999df2af8eb42d56 -> 
  custom:audio-encoder-webm-vorbis: bf7c407c2cedff20999df2af8eb42d56 -> 
========================================================================
Received Import Request.
  Time since last request: 6.226520 seconds.
  path: Assets/Prefabs/Tiles/building-mine.prefab
  artifactKey: Guid(9dc79ebe6b7a84f54bfc3706252044ad) Importer(815301076,1909f56bfc062723c751e8b465ee728b)
Start importing Assets/Prefabs/Tiles/building-mine.prefab using Guid(9dc79ebe6b7a84f54bfc3706252044ad) Importer(815301076,1909f56bfc062723c751e8b465ee728b)  -> (artifact id: 'cdee324d11bacf7f77356d061e7939f4') in 0.167886 seconds
Number of updated asset objects reloaded before import = 0
Number of asset objects unloaded after import = 37
========================================================================
Received Prepare
Begin MonoManager ReloadAssembly
Thread 0x17f31f000 may have been prematurely finalized
- Loaded All Assemblies, in  0.365 seconds
Refreshing native plugins compatible for Editor in 1.65 ms, found 2 plugins.
Native extension for WindowsStandalone target not found
Native extension for iOS target not found
Native extension for Android target not found
Native extension for OSXStandalone target not found
[Package Manager] Server::EnsureServerProcessIsRunning -- launch failed, reason: Unity was launched with the -noUpm command-line argument
[Package Manager] UpmClient::Send -- Unable to send message (not connected to UPM process).
[Package Manager] Cannot connect to Unity Package Manager local server
Mono: successfully reloaded assembly
- Finished resetting the current domain, in  1.142 seconds
Domain Reload Profiling: 1507ms
	BeginReloadAssembly (132ms)
		ExecutionOrderSort (0ms)
		DisableScriptedObjects (17ms)
		BackupInstance (0ms)
		ReleaseScriptingObjects (0ms)
		CreateAndSetChildDomain (55ms)
	RebuildCommonClasses (23ms)
	RebuildNativeTypeToScriptingClass (8ms)
	initialDomainReloadingComplete (17ms)
	LoadAllAssembliesAndSetupDomain (186ms)
		LoadAssemblies (171ms)
		RebuildTransferFunctionScriptingTraits (0ms)
		AnalyzeDomain (40ms)
			TypeCache.Refresh (11ms)
				TypeCache.ScanAssembly (2ms)
			ScanForSourceGeneratedMonoScriptInfo (20ms)
			ResolveRequiredComponents (9ms)
	FinalizeReload (1142ms)
		ReleaseScriptCaches (0ms)
		RebuildScriptCaches (0ms)
		SetupLoadedEditorAssemblies (531ms)
			LogAssemblyErrors (0ms)
			InitializePlatformSupportModulesInManaged (22ms)
			SetLoadedEditorAssemblies (3ms)
			RefreshPlugins (0ms)
			BeforeProcessingInitializeOnLoad (54ms)
			ProcessInitializeOnLoadAttributes (377ms)
			ProcessInitializeOnLoadMethodAttributes (75ms)
			AfterProcessingInitializeOnLoad (1ms)
			EditorAssembliesLoaded (0ms)
		ExecutionOrderSort2 (0ms)
		AwakeInstancesAfterBackupRestoration (16ms)
Refreshing native plugins compatible for Editor in 1.49 ms, found 2 plugins.
Preloading 0 native plugins for Editor in 0.00 ms.
Unloading 5403 Unused Serialized files (Serialized files now loaded: 0)
Unloading 60 unused Assets / (391.7 KB). Loaded Objects now: 6390.
Memory consumption went from 279.7 MB to 279.3 MB.
Total: 12.764125 ms (FindLiveObjects: 0.176209 ms CreateObjectMapping: 0.055375 ms MarkObjects: 12.389375 ms  DeleteObjects: 0.142541 ms)

Prepare: number of updated asset objects reloaded= 0
AssetImportParameters requested are different than current active one (requested -> active):
  custom:scripting/monoscript/fileName/CellGroundTemplate.cs: 23fbc9fe88d5d29d8afe1941fe612534 -> 
  custom:container-demuxer-ogg: 62fdf1f143b41e24485cea50d1cbac27 -> 
  custom:video-decoder-ogg-theora: a1e56fd34408186e4bbccfd4996cb3dc -> 
  custom:CustomObjectIndexerAttribute: 62b5816608c3102f162a1797e29626cf -> 
  custom:scripting/monoscript/fileName/TilesTemplateCollection.cs: 1323639491948449d899f7c3d116358a -> 9b97b84b558d043388e687408423c9fa
  custom:container-demuxer-webm: 4f35f7cbe854078d1ac9338744f61a02 -> 
  custom:container-muxer-webm: aa71ff27fc2769a1b78a27578f13a17b -> 
  custom:scripting/monoscript/fileName/CellGroundTemplateCollection.cs: 3862488741336215d595b160b6ea7dd6 -> 
  custom:video-decoder-webm-vp8: 9c59270c3fd7afecdb556c50c9e8de78 -> 
  custom:SearchIndexIgnoredProperties: e643bd26f0fe6173181afceb89e7c659 -> 
  custom:AudioImporter_EditorPlatform: 3918e3fc78b5a79bad01e8451be0beb8 -> 
  custom:framework-osx-AVFoundation: e770b220cccbd017edd2c1fefb359320 -> 
  custom:scripting/monoscript/fileName/TileTemplate.cs: da25af36d628451bcf3c197eba2f7e2a -> 5d21bd9ae0ebd364cdee84e2580ef8dd
  custom:video-encoder-webm-vp8: eb34c28f22e8b96e1ab97ce403110664 -> 
  custom:scripting/monoscript/fileName/TileFactory.cs: ec394443d0a33a6c7d3ef14c340be7b9 -> f53edab2a63a3682e8af0038a4208fb8
  custom:audio-decoder-ogg-vorbis: bf7c407c2cedff20999df2af8eb42d56 -> 
  custom:audio-encoder-webm-vorbis: bf7c407c2cedff20999df2af8eb42d56 -> 
========================================================================
Received Prepare
Begin MonoManager ReloadAssembly
Thread 0x17f31f000 may have been prematurely finalized
- Loaded All Assemblies, in  0.511 seconds
Refreshing native plugins compatible for Editor in 2.81 ms, found 2 plugins.
Native extension for WindowsStandalone target not found
Native extension for iOS target not found
Native extension for Android target not found
Native extension for OSXStandalone target not found
[Package Manager] Server::EnsureServerProcessIsRunning -- launch failed, reason: Unity was launched with the -noUpm command-line argument
[Package Manager] UpmClient::Send -- Unable to send message (not connected to UPM process).
[Package Manager] Cannot connect to Unity Package Manager local server
Mono: successfully reloaded assembly
- Finished resetting the current domain, in  1.108 seconds
Domain Reload Profiling: 1620ms
	BeginReloadAssembly (202ms)
		ExecutionOrderSort (0ms)
		DisableScriptedObjects (5ms)
		BackupInstance (0ms)
		ReleaseScriptingObjects (0ms)
		CreateAndSetChildDomain (131ms)
	RebuildCommonClasses (24ms)
	RebuildNativeTypeToScriptingClass (9ms)
	initialDomainReloadingComplete (32ms)
	LoadAllAssembliesAndSetupDomain (244ms)
		LoadAssemblies (238ms)
		RebuildTransferFunctionScriptingTraits (0ms)
		AnalyzeDomain (44ms)
			TypeCache.Refresh (13ms)
				TypeCache.ScanAssembly (2ms)
			ScanForSourceGeneratedMonoScriptInfo (19ms)
			ResolveRequiredComponents (11ms)
	FinalizeReload (1108ms)
		ReleaseScriptCaches (0ms)
		RebuildScriptCaches (0ms)
		SetupLoadedEditorAssemblies (481ms)
			LogAssemblyErrors (0ms)
			InitializePlatformSupportModulesInManaged (18ms)
			SetLoadedEditorAssemblies (3ms)
			RefreshPlugins (0ms)
			BeforeProcessingInitializeOnLoad (53ms)
			ProcessInitializeOnLoadAttributes (373ms)
			ProcessInitializeOnLoadMethodAttributes (34ms)
			AfterProcessingInitializeOnLoad (1ms)
			EditorAssembliesLoaded (0ms)
		ExecutionOrderSort2 (0ms)
		AwakeInstancesAfterBackupRestoration (15ms)
Refreshing native plugins compatible for Editor in 1.45 ms, found 2 plugins.
Preloading 0 native plugins for Editor in 0.00 ms.
Unloading 5403 Unused Serialized files (Serialized files now loaded: 0)
Unloading 59 unused Assets / (391.3 KB). Loaded Objects now: 6394.
Memory consumption went from 291.3 MB to 290.9 MB.
Total: 12.728500 ms (FindLiveObjects: 0.182667 ms CreateObjectMapping: 0.055791 ms MarkObjects: 12.354125 ms  DeleteObjects: 0.135542 ms)

Prepare: number of updated asset objects reloaded= 0
AssetImportParameters requested are different than current active one (requested -> active):
  custom:scripting/monoscript/fileName/CellGroundTemplate.cs: 23fbc9fe88d5d29d8afe1941fe612534 -> 
  custom:container-demuxer-ogg: 62fdf1f143b41e24485cea50d1cbac27 -> 
  custom:video-decoder-ogg-theora: a1e56fd34408186e4bbccfd4996cb3dc -> 
  custom:CustomObjectIndexerAttribute: 62b5816608c3102f162a1797e29626cf -> 
  custom:scripting/monoscript/fileName/TilesTemplateCollection.cs: 1323639491948449d899f7c3d116358a -> 9b97b84b558d043388e687408423c9fa
  custom:container-demuxer-webm: 4f35f7cbe854078d1ac9338744f61a02 -> 
  custom:container-muxer-webm: aa71ff27fc2769a1b78a27578f13a17b -> 
  custom:scripting/monoscript/fileName/CellGroundTemplateCollection.cs: 3862488741336215d595b160b6ea7dd6 -> 
  custom:video-decoder-webm-vp8: 9c59270c3fd7afecdb556c50c9e8de78 -> 
  custom:SearchIndexIgnoredProperties: e643bd26f0fe6173181afceb89e7c659 -> 
  custom:AudioImporter_EditorPlatform: 3918e3fc78b5a79bad01e8451be0beb8 -> 
  custom:framework-osx-AVFoundation: e770b220cccbd017edd2c1fefb359320 -> 
  custom:scripting/monoscript/fileName/TileTemplate.cs: da25af36d628451bcf3c197eba2f7e2a -> 5d21bd9ae0ebd364cdee84e2580ef8dd
  custom:video-encoder-webm-vp8: eb34c28f22e8b96e1ab97ce403110664 -> 
  custom:scripting/monoscript/fileName/TileFactory.cs: ec394443d0a33a6c7d3ef14c340be7b9 -> f53edab2a63a3682e8af0038a4208fb8
  custom:audio-decoder-ogg-vorbis: bf7c407c2cedff20999df2af8eb42d56 -> 
  custom:audio-encoder-webm-vorbis: bf7c407c2cedff20999df2af8eb42d56 -> 
========================================================================
Received Prepare
Begin MonoManager ReloadAssembly
Thread 0x17f31f000 may have been prematurely finalized
- Loaded All Assemblies, in  0.449 seconds
Refreshing native plugins compatible for Editor in 1.60 ms, found 2 plugins.
Native extension for WindowsStandalone target not found
Native extension for iOS target not found
Native extension for Android target not found
Native extension for OSXStandalone target not found
[Package Manager] Server::EnsureServerProcessIsRunning -- launch failed, reason: Unity was launched with the -noUpm command-line argument
[Package Manager] UpmClient::Send -- Unable to send message (not connected to UPM process).
[Package Manager] Cannot connect to Unity Package Manager local server
Mono: successfully reloaded assembly
- Finished resetting the current domain, in  1.075 seconds
Domain Reload Profiling: 1524ms
	BeginReloadAssembly (221ms)
		ExecutionOrderSort (0ms)
		DisableScriptedObjects (5ms)
		BackupInstance (0ms)
		ReleaseScriptingObjects (1ms)
		CreateAndSetChildDomain (132ms)
	RebuildCommonClasses (21ms)
	RebuildNativeTypeToScriptingClass (7ms)
	initialDomainReloadingComplete (14ms)
	LoadAllAssembliesAndSetupDomain (186ms)
		LoadAssemblies (175ms)
		RebuildTransferFunctionScriptingTraits (0ms)
		AnalyzeDomain (42ms)
			TypeCache.Refresh (12ms)
				TypeCache.ScanAssembly (3ms)
			ScanForSourceGeneratedMonoScriptInfo (21ms)
			ResolveRequiredComponents (9ms)
	FinalizeReload (1075ms)
		ReleaseScriptCaches (0ms)
		RebuildScriptCaches (0ms)
		SetupLoadedEditorAssemblies (496ms)
			LogAssemblyErrors (0ms)
			InitializePlatformSupportModulesInManaged (17ms)
			SetLoadedEditorAssemblies (3ms)
			RefreshPlugins (0ms)
			BeforeProcessingInitializeOnLoad (51ms)
			ProcessInitializeOnLoadAttributes (389ms)
			ProcessInitializeOnLoadMethodAttributes (36ms)
			AfterProcessingInitializeOnLoad (1ms)
			EditorAssembliesLoaded (0ms)
		ExecutionOrderSort2 (0ms)
		AwakeInstancesAfterBackupRestoration (15ms)
Refreshing native plugins compatible for Editor in 1.45 ms, found 2 plugins.
Preloading 0 native plugins for Editor in 0.00 ms.
Unloading 5403 Unused Serialized files (Serialized files now loaded: 0)
Unloading 59 unused Assets / (390.3 KB). Loaded Objects now: 6398.
Memory consumption went from 303.0 MB to 302.6 MB.
Total: 12.867916 ms (FindLiveObjects: 0.171542 ms CreateObjectMapping: 0.052333 ms MarkObjects: 12.502875 ms  DeleteObjects: 0.140625 ms)

Prepare: number of updated asset objects reloaded= 0
AssetImportParameters requested are different than current active one (requested -> active):
  custom:scripting/monoscript/fileName/CellGroundTemplate.cs: 23fbc9fe88d5d29d8afe1941fe612534 -> 
  custom:container-demuxer-ogg: 62fdf1f143b41e24485cea50d1cbac27 -> 
  custom:video-decoder-ogg-theora: a1e56fd34408186e4bbccfd4996cb3dc -> 
  custom:CustomObjectIndexerAttribute: 62b5816608c3102f162a1797e29626cf -> 
  custom:scripting/monoscript/fileName/TilesTemplateCollection.cs: 1323639491948449d899f7c3d116358a -> 9b97b84b558d043388e687408423c9fa
  custom:container-demuxer-webm: 4f35f7cbe854078d1ac9338744f61a02 -> 
  custom:container-muxer-webm: aa71ff27fc2769a1b78a27578f13a17b -> 
  custom:scripting/monoscript/fileName/CellGroundTemplateCollection.cs: 3862488741336215d595b160b6ea7dd6 -> 
  custom:video-decoder-webm-vp8: 9c59270c3fd7afecdb556c50c9e8de78 -> 
  custom:SearchIndexIgnoredProperties: e643bd26f0fe6173181afceb89e7c659 -> 
  custom:AudioImporter_EditorPlatform: 3918e3fc78b5a79bad01e8451be0beb8 -> 
  custom:framework-osx-AVFoundation: e770b220cccbd017edd2c1fefb359320 -> 
  custom:scripting/monoscript/fileName/TileTemplate.cs: da25af36d628451bcf3c197eba2f7e2a -> 5d21bd9ae0ebd364cdee84e2580ef8dd
  custom:video-encoder-webm-vp8: eb34c28f22e8b96e1ab97ce403110664 -> 
  custom:scripting/monoscript/fileName/TileFactory.cs: ec394443d0a33a6c7d3ef14c340be7b9 -> f53edab2a63a3682e8af0038a4208fb8
  custom:audio-decoder-ogg-vorbis: bf7c407c2cedff20999df2af8eb42d56 -> 
  custom:audio-encoder-webm-vorbis: bf7c407c2cedff20999df2af8eb42d56 -> 
========================================================================
Received Prepare
Begin MonoManager ReloadAssembly
Thread 0x28fe57000 may have been prematurely finalized
- Loaded All Assemblies, in  0.339 seconds
Refreshing native plugins compatible for Editor in 1.44 ms, found 2 plugins.
Native extension for WindowsStandalone target not found
Native extension for iOS target not found
Native extension for Android target not found
Native extension for OSXStandalone target not found
[Package Manager] Server::EnsureServerProcessIsRunning -- launch failed, reason: Unity was launched with the -noUpm command-line argument
[Package Manager] UpmClient::Send -- Unable to send message (not connected to UPM process).
[Package Manager] Cannot connect to Unity Package Manager local server
Mono: successfully reloaded assembly
- Finished resetting the current domain, in  1.038 seconds
Domain Reload Profiling: 1377ms
	BeginReloadAssembly (133ms)
		ExecutionOrderSort (0ms)
		DisableScriptedObjects (5ms)
		BackupInstance (0ms)
		ReleaseScriptingObjects (0ms)
		CreateAndSetChildDomain (65ms)
	RebuildCommonClasses (21ms)
	RebuildNativeTypeToScriptingClass (7ms)
	initialDomainReloadingComplete (16ms)
	LoadAllAssembliesAndSetupDomain (164ms)
		LoadAssemblies (157ms)
		RebuildTransferFunctionScriptingTraits (0ms)
		AnalyzeDomain (33ms)
			TypeCache.Refresh (9ms)
				TypeCache.ScanAssembly (2ms)
			ScanForSourceGeneratedMonoScriptInfo (16ms)
			ResolveRequiredComponents (8ms)
	FinalizeReload (1038ms)
		ReleaseScriptCaches (0ms)
		RebuildScriptCaches (0ms)
		SetupLoadedEditorAssemblies (443ms)
			LogAssemblyErrors (0ms)
			InitializePlatformSupportModulesInManaged (17ms)
			SetLoadedEditorAssemblies (2ms)
			RefreshPlugins (0ms)
			BeforeProcessingInitializeOnLoad (51ms)
			ProcessInitializeOnLoadAttributes (337ms)
			ProcessInitializeOnLoadMethodAttributes (35ms)
			AfterProcessingInitializeOnLoad (1ms)
			EditorAssembliesLoaded (0ms)
		ExecutionOrderSort2 (0ms)
		AwakeInstancesAfterBackupRestoration (15ms)
Refreshing native plugins compatible for Editor in 1.45 ms, found 2 plugins.
Preloading 0 native plugins for Editor in 0.00 ms.
Unloading 5403 Unused Serialized files (Serialized files now loaded: 0)
Unloading 59 unused Assets / (390.3 KB). Loaded Objects now: 6402.
Memory consumption went from 314.7 MB to 314.3 MB.
Total: 12.474667 ms (FindLiveObjects: 0.173500 ms CreateObjectMapping: 0.062166 ms MarkObjects: 12.104667 ms  DeleteObjects: 0.133833 ms)

Prepare: number of updated asset objects reloaded= 0
AssetImportParameters requested are different than current active one (requested -> active):
  custom:scripting/monoscript/fileName/CellGroundTemplate.cs: 23fbc9fe88d5d29d8afe1941fe612534 -> 
  custom:container-demuxer-ogg: 62fdf1f143b41e24485cea50d1cbac27 -> 
  custom:video-decoder-ogg-theora: a1e56fd34408186e4bbccfd4996cb3dc -> 
  custom:CustomObjectIndexerAttribute: 62b5816608c3102f162a1797e29626cf -> 
  custom:scripting/monoscript/fileName/TilesTemplateCollection.cs: 1323639491948449d899f7c3d116358a -> 9b97b84b558d043388e687408423c9fa
  custom:container-demuxer-webm: 4f35f7cbe854078d1ac9338744f61a02 -> 
  custom:container-muxer-webm: aa71ff27fc2769a1b78a27578f13a17b -> 
  custom:scripting/monoscript/fileName/CellGroundTemplateCollection.cs: 3862488741336215d595b160b6ea7dd6 -> 
  custom:video-decoder-webm-vp8: 9c59270c3fd7afecdb556c50c9e8de78 -> 
  custom:SearchIndexIgnoredProperties: e643bd26f0fe6173181afceb89e7c659 -> 
  custom:AudioImporter_EditorPlatform: 3918e3fc78b5a79bad01e8451be0beb8 -> 
  custom:framework-osx-AVFoundation: e770b220cccbd017edd2c1fefb359320 -> 
  custom:scripting/monoscript/fileName/TileTemplate.cs: da25af36d628451bcf3c197eba2f7e2a -> 5d21bd9ae0ebd364cdee84e2580ef8dd
  custom:video-encoder-webm-vp8: eb34c28f22e8b96e1ab97ce403110664 -> 
  custom:scripting/monoscript/fileName/TileFactory.cs: ec394443d0a33a6c7d3ef14c340be7b9 -> f53edab2a63a3682e8af0038a4208fb8
  custom:audio-decoder-ogg-vorbis: bf7c407c2cedff20999df2af8eb42d56 -> 
  custom:audio-encoder-webm-vorbis: bf7c407c2cedff20999df2af8eb42d56 -> 
========================================================================
Received Prepare
Begin MonoManager ReloadAssembly
Thread 0x28fe43000 may have been prematurely finalized
- Loaded All Assemblies, in  0.484 seconds
Refreshing native plugins compatible for Editor in 1.51 ms, found 2 plugins.
Native extension for WindowsStandalone target not found
Native extension for iOS target not found
Native extension for Android target not found
Native extension for OSXStandalone target not found
[Package Manager] Server::EnsureServerProcessIsRunning -- launch failed, reason: Unity was launched with the -noUpm command-line argument
[Package Manager] UpmClient::Send -- Unable to send message (not connected to UPM process).
[Package Manager] Cannot connect to Unity Package Manager local server
Mono: successfully reloaded assembly
- Finished resetting the current domain, in  1.021 seconds
Domain Reload Profiling: 1506ms
	BeginReloadAssembly (223ms)
		ExecutionOrderSort (0ms)
		DisableScriptedObjects (5ms)
		BackupInstance (0ms)
		ReleaseScriptingObjects (0ms)
		CreateAndSetChildDomain (152ms)
	RebuildCommonClasses (20ms)
	RebuildNativeTypeToScriptingClass (7ms)
	initialDomainReloadingComplete (17ms)
	LoadAllAssembliesAndSetupDomain (217ms)
		LoadAssemblies (206ms)
		RebuildTransferFunctionScriptingTraits (0ms)
		AnalyzeDomain (51ms)
			TypeCache.Refresh (12ms)
				TypeCache.ScanAssembly (2ms)
			ScanForSourceGeneratedMonoScriptInfo (28ms)
			ResolveRequiredComponents (10ms)
	FinalizeReload (1021ms)
		ReleaseScriptCaches (0ms)
		RebuildScriptCaches (0ms)
		SetupLoadedEditorAssemblies (454ms)
			LogAssemblyErrors (0ms)
			InitializePlatformSupportModulesInManaged (23ms)
			SetLoadedEditorAssemblies (3ms)
			RefreshPlugins (0ms)
			BeforeProcessingInitializeOnLoad (53ms)
			ProcessInitializeOnLoadAttributes (340ms)
			ProcessInitializeOnLoadMethodAttributes (35ms)
			AfterProcessingInitializeOnLoad (1ms)
			EditorAssembliesLoaded (0ms)
		ExecutionOrderSort2 (0ms)
		AwakeInstancesAfterBackupRestoration (15ms)
Refreshing native plugins compatible for Editor in 1.73 ms, found 2 plugins.
Preloading 0 native plugins for Editor in 0.00 ms.
Unloading 5403 Unused Serialized files (Serialized files now loaded: 0)
Unloading 59 unused Assets / (390.9 KB). Loaded Objects now: 6406.
Memory consumption went from 326.4 MB to 326.0 MB.
Total: 13.173542 ms (FindLiveObjects: 0.186792 ms CreateObjectMapping: 0.055541 ms MarkObjects: 12.790375 ms  DeleteObjects: 0.140208 ms)

Prepare: number of updated asset objects reloaded= 0
AssetImportParameters requested are different than current active one (requested -> active):
  custom:scripting/monoscript/fileName/CellGroundTemplate.cs: 23fbc9fe88d5d29d8afe1941fe612534 -> 
  custom:container-demuxer-ogg: 62fdf1f143b41e24485cea50d1cbac27 -> 
  custom:video-decoder-ogg-theora: a1e56fd34408186e4bbccfd4996cb3dc -> 
  custom:CustomObjectIndexerAttribute: 62b5816608c3102f162a1797e29626cf -> 
  custom:scripting/monoscript/fileName/TilesTemplateCollection.cs: 1323639491948449d899f7c3d116358a -> 9b97b84b558d043388e687408423c9fa
  custom:container-demuxer-webm: 4f35f7cbe854078d1ac9338744f61a02 -> 
  custom:container-muxer-webm: aa71ff27fc2769a1b78a27578f13a17b -> 
  custom:scripting/monoscript/fileName/CellGroundTemplateCollection.cs: 3862488741336215d595b160b6ea7dd6 -> 
  custom:video-decoder-webm-vp8: 9c59270c3fd7afecdb556c50c9e8de78 -> 
  custom:SearchIndexIgnoredProperties: e643bd26f0fe6173181afceb89e7c659 -> 
  custom:AudioImporter_EditorPlatform: 3918e3fc78b5a79bad01e8451be0beb8 -> 
  custom:framework-osx-AVFoundation: e770b220cccbd017edd2c1fefb359320 -> 
  custom:scripting/monoscript/fileName/TileTemplate.cs: da25af36d628451bcf3c197eba2f7e2a -> 5d21bd9ae0ebd364cdee84e2580ef8dd
  custom:video-encoder-webm-vp8: eb34c28f22e8b96e1ab97ce403110664 -> 
  custom:scripting/monoscript/fileName/TileFactory.cs: ec394443d0a33a6c7d3ef14c340be7b9 -> f53edab2a63a3682e8af0038a4208fb8
  custom:audio-decoder-ogg-vorbis: bf7c407c2cedff20999df2af8eb42d56 -> 
  custom:audio-encoder-webm-vorbis: bf7c407c2cedff20999df2af8eb42d56 -> 
========================================================================
Received Prepare
Begin MonoManager ReloadAssembly
Thread 0x28fe43000 may have been prematurely finalized
- Loaded All Assemblies, in  0.389 seconds
Refreshing native plugins compatible for Editor in 1.54 ms, found 2 plugins.
Native extension for WindowsStandalone target not found
Native extension for iOS target not found
Native extension for Android target not found
Native extension for OSXStandalone target not found
[Package Manager] Server::EnsureServerProcessIsRunning -- launch failed, reason: Unity was launched with the -noUpm command-line argument
[Package Manager] UpmClient::Send -- Unable to send message (not connected to UPM process).
[Package Manager] Cannot connect to Unity Package Manager local server
Mono: successfully reloaded assembly
- Finished resetting the current domain, in  1.121 seconds
Domain Reload Profiling: 1511ms
	BeginReloadAssembly (150ms)
		ExecutionOrderSort (0ms)
		DisableScriptedObjects (10ms)
		BackupInstance (0ms)
		ReleaseScriptingObjects (0ms)
		CreateAndSetChildDomain (78ms)
	RebuildCommonClasses (21ms)
	RebuildNativeTypeToScriptingClass (7ms)
	initialDomainReloadingComplete (13ms)
	LoadAllAssembliesAndSetupDomain (198ms)
		LoadAssemblies (180ms)
		RebuildTransferFunctionScriptingTraits (0ms)
		AnalyzeDomain (46ms)
			TypeCache.Refresh (11ms)
				TypeCache.ScanAssembly (2ms)
			ScanForSourceGeneratedMonoScriptInfo (22ms)
			ResolveRequiredComponents (12ms)
	FinalizeReload (1121ms)
		ReleaseScriptCaches (0ms)
		RebuildScriptCaches (0ms)
		SetupLoadedEditorAssemblies (507ms)
			LogAssemblyErrors (0ms)
			InitializePlatformSupportModulesInManaged (17ms)
			SetLoadedEditorAssemblies (2ms)
			RefreshPlugins (0ms)
			BeforeProcessingInitializeOnLoad (54ms)
			ProcessInitializeOnLoadAttributes (395ms)
			ProcessInitializeOnLoadMethodAttributes (39ms)
			AfterProcessingInitializeOnLoad (1ms)
			EditorAssembliesLoaded (0ms)
		ExecutionOrderSort2 (0ms)
		AwakeInstancesAfterBackupRestoration (16ms)
Refreshing native plugins compatible for Editor in 1.50 ms, found 2 plugins.
Preloading 0 native plugins for Editor in 0.00 ms.
Unloading 5404 Unused Serialized files (Serialized files now loaded: 0)
Unloading 59 unused Assets / (391.5 KB). Loaded Objects now: 6411.
Memory consumption went from 338.1 MB to 337.7 MB.
Total: 13.481834 ms (FindLiveObjects: 0.186541 ms CreateObjectMapping: 0.055709 ms MarkObjects: 13.063166 ms  DeleteObjects: 0.175708 ms)

Prepare: number of updated asset objects reloaded= 0
AssetImportParameters requested are different than current active one (requested -> active):
  custom:scripting/monoscript/fileName/CellGroundTemplate.cs: 23fbc9fe88d5d29d8afe1941fe612534 -> 
  custom:container-demuxer-ogg: 62fdf1f143b41e24485cea50d1cbac27 -> 
  custom:video-decoder-ogg-theora: a1e56fd34408186e4bbccfd4996cb3dc -> 
  custom:CustomObjectIndexerAttribute: 62b5816608c3102f162a1797e29626cf -> 
  custom:scripting/monoscript/fileName/TilesTemplateCollection.cs: 1323639491948449d899f7c3d116358a -> 9b97b84b558d043388e687408423c9fa
  custom:container-demuxer-webm: 4f35f7cbe854078d1ac9338744f61a02 -> 
  custom:container-muxer-webm: aa71ff27fc2769a1b78a27578f13a17b -> 
  custom:scripting/monoscript/fileName/CellGroundTemplateCollection.cs: 3862488741336215d595b160b6ea7dd6 -> 
  custom:video-decoder-webm-vp8: 9c59270c3fd7afecdb556c50c9e8de78 -> 
  custom:SearchIndexIgnoredProperties: e643bd26f0fe6173181afceb89e7c659 -> 
  custom:AudioImporter_EditorPlatform: 3918e3fc78b5a79bad01e8451be0beb8 -> 
  custom:framework-osx-AVFoundation: e770b220cccbd017edd2c1fefb359320 -> 
  custom:scripting/monoscript/fileName/TileTemplate.cs: da25af36d628451bcf3c197eba2f7e2a -> 5d21bd9ae0ebd364cdee84e2580ef8dd
  custom:video-encoder-webm-vp8: eb34c28f22e8b96e1ab97ce403110664 -> 
  custom:scripting/monoscript/fileName/TileFactory.cs: ec394443d0a33a6c7d3ef14c340be7b9 -> f53edab2a63a3682e8af0038a4208fb8
  custom:audio-decoder-ogg-vorbis: bf7c407c2cedff20999df2af8eb42d56 -> 
  custom:audio-encoder-webm-vorbis: bf7c407c2cedff20999df2af8eb42d56 -> 
========================================================================
Received Prepare
Begin MonoManager ReloadAssembly
Thread 0x28fe43000 may have been prematurely finalized
- Loaded All Assemblies, in  0.461 seconds
Refreshing native plugins compatible for Editor in 1.69 ms, found 2 plugins.
Native extension for WindowsStandalone target not found
Native extension for iOS target not found
Native extension for Android target not found
Native extension for OSXStandalone target not found
[Package Manager] Server::EnsureServerProcessIsRunning -- launch failed, reason: Unity was launched with the -noUpm command-line argument
[Package Manager] UpmClient::Send -- Unable to send message (not connected to UPM process).
[Package Manager] Cannot connect to Unity Package Manager local server
Mono: successfully reloaded assembly
- Finished resetting the current domain, in  1.070 seconds
Domain Reload Profiling: 1532ms
	BeginReloadAssembly (196ms)
		ExecutionOrderSort (0ms)
		DisableScriptedObjects (22ms)
		BackupInstance (0ms)
		ReleaseScriptingObjects (0ms)
		CreateAndSetChildDomain (87ms)
	RebuildCommonClasses (22ms)
	RebuildNativeTypeToScriptingClass (7ms)
	initialDomainReloadingComplete (15ms)
	LoadAllAssembliesAndSetupDomain (221ms)
		LoadAssemblies (198ms)
		RebuildTransferFunctionScriptingTraits (0ms)
		AnalyzeDomain (54ms)
			TypeCache.Refresh (14ms)
				TypeCache.ScanAssembly (2ms)
			ScanForSourceGeneratedMonoScriptInfo (30ms)
			ResolveRequiredComponents (10ms)
	FinalizeReload (1071ms)
		ReleaseScriptCaches (0ms)
		RebuildScriptCaches (0ms)
		SetupLoadedEditorAssemblies (508ms)
			LogAssemblyErrors (0ms)
			InitializePlatformSupportModulesInManaged (18ms)
			SetLoadedEditorAssemblies (2ms)
			RefreshPlugins (0ms)
			BeforeProcessingInitializeOnLoad (51ms)
			ProcessInitializeOnLoadAttributes (392ms)
			ProcessInitializeOnLoadMethodAttributes (44ms)
			AfterProcessingInitializeOnLoad (1ms)
			EditorAssembliesLoaded (0ms)
		ExecutionOrderSort2 (0ms)
		AwakeInstancesAfterBackupRestoration (21ms)
Refreshing native plugins compatible for Editor in 1.82 ms, found 2 plugins.
Preloading 0 native plugins for Editor in 0.00 ms.
Unloading 5404 Unused Serialized files (Serialized files now loaded: 0)
Unloading 59 unused Assets / (390.0 KB). Loaded Objects now: 6415.
Memory consumption went from 349.7 MB to 349.3 MB.
Total: 13.725250 ms (FindLiveObjects: 0.184084 ms CreateObjectMapping: 0.053916 ms MarkObjects: 13.336917 ms  DeleteObjects: 0.149750 ms)

Prepare: number of updated asset objects reloaded= 0
AssetImportParameters requested are different than current active one (requested -> active):
  custom:scripting/monoscript/fileName/CellGroundTemplate.cs: 23fbc9fe88d5d29d8afe1941fe612534 -> 
  custom:container-demuxer-ogg: 62fdf1f143b41e24485cea50d1cbac27 -> 
  custom:video-decoder-ogg-theora: a1e56fd34408186e4bbccfd4996cb3dc -> 
  custom:CustomObjectIndexerAttribute: 62b5816608c3102f162a1797e29626cf -> 
  custom:scripting/monoscript/fileName/TilesTemplateCollection.cs: 1323639491948449d899f7c3d116358a -> 9b97b84b558d043388e687408423c9fa
  custom:container-demuxer-webm: 4f35f7cbe854078d1ac9338744f61a02 -> 
  custom:container-muxer-webm: aa71ff27fc2769a1b78a27578f13a17b -> 
  custom:scripting/monoscript/fileName/CellGroundTemplateCollection.cs: 3862488741336215d595b160b6ea7dd6 -> 
  custom:video-decoder-webm-vp8: 9c59270c3fd7afecdb556c50c9e8de78 -> 
  custom:SearchIndexIgnoredProperties: e643bd26f0fe6173181afceb89e7c659 -> 
  custom:AudioImporter_EditorPlatform: 3918e3fc78b5a79bad01e8451be0beb8 -> 
  custom:framework-osx-AVFoundation: e770b220cccbd017edd2c1fefb359320 -> 
  custom:scripting/monoscript/fileName/TileTemplate.cs: da25af36d628451bcf3c197eba2f7e2a -> 5d21bd9ae0ebd364cdee84e2580ef8dd
  custom:video-encoder-webm-vp8: eb34c28f22e8b96e1ab97ce403110664 -> 
  custom:scripting/monoscript/fileName/TileFactory.cs: ec394443d0a33a6c7d3ef14c340be7b9 -> f53edab2a63a3682e8af0038a4208fb8
  custom:audio-decoder-ogg-vorbis: bf7c407c2cedff20999df2af8eb42d56 -> 
  custom:audio-encoder-webm-vorbis: bf7c407c2cedff20999df2af8eb42d56 -> 
========================================================================
Received Prepare
Begin MonoManager ReloadAssembly
Thread 0x28fe43000 may have been prematurely finalized
- Loaded All Assemblies, in  0.470 seconds
Refreshing native plugins compatible for Editor in 1.46 ms, found 2 plugins.
Native extension for WindowsStandalone target not found
Native extension for iOS target not found
Native extension for Android target not found
Native extension for OSXStandalone target not found
[Package Manager] Server::EnsureServerProcessIsRunning -- launch failed, reason: Unity was launched with the -noUpm command-line argument
[Package Manager] UpmClient::Send -- Unable to send message (not connected to UPM process).
[Package Manager] Cannot connect to Unity Package Manager local server
Mono: successfully reloaded assembly
- Finished resetting the current domain, in  0.984 seconds
Domain Reload Profiling: 1454ms
	BeginReloadAssembly (212ms)
		ExecutionOrderSort (0ms)
		DisableScriptedObjects (5ms)
		BackupInstance (0ms)
		ReleaseScriptingObjects (0ms)
		CreateAndSetChildDomain (153ms)
	RebuildCommonClasses (22ms)
	RebuildNativeTypeToScriptingClass (8ms)
	initialDomainReloadingComplete (30ms)
	LoadAllAssembliesAndSetupDomain (198ms)
		LoadAssemblies (191ms)
		RebuildTransferFunctionScriptingTraits (0ms)
		AnalyzeDomain (33ms)
			TypeCache.Refresh (9ms)
				TypeCache.ScanAssembly (2ms)
			ScanForSourceGeneratedMonoScriptInfo (16ms)
			ResolveRequiredComponents (8ms)
	FinalizeReload (985ms)
		ReleaseScriptCaches (0ms)
		RebuildScriptCaches (0ms)
		SetupLoadedEditorAssemblies (455ms)
			LogAssemblyErrors (0ms)
			InitializePlatformSupportModulesInManaged (20ms)
			SetLoadedEditorAssemblies (2ms)
			RefreshPlugins (0ms)
			BeforeProcessingInitializeOnLoad (51ms)
			ProcessInitializeOnLoadAttributes (346ms)
			ProcessInitializeOnLoadMethodAttributes (35ms)
			AfterProcessingInitializeOnLoad (1ms)
			EditorAssembliesLoaded (0ms)
		ExecutionOrderSort2 (0ms)
		AwakeInstancesAfterBackupRestoration (15ms)
Refreshing native plugins compatible for Editor in 1.47 ms, found 2 plugins.
Preloading 0 native plugins for Editor in 0.00 ms.
Unloading 5404 Unused Serialized files (Serialized files now loaded: 0)
Unloading 59 unused Assets / (390.0 KB). Loaded Objects now: 6419.
Memory consumption went from 361.4 MB to 361.0 MB.
Total: 13.443875 ms (FindLiveObjects: 0.177125 ms CreateObjectMapping: 0.056792 ms MarkObjects: 13.067791 ms  DeleteObjects: 0.141750 ms)

Prepare: number of updated asset objects reloaded= 0
AssetImportParameters requested are different than current active one (requested -> active):
  custom:scripting/monoscript/fileName/CellGroundTemplate.cs: 23fbc9fe88d5d29d8afe1941fe612534 -> 
  custom:container-demuxer-ogg: 62fdf1f143b41e24485cea50d1cbac27 -> 
  custom:video-decoder-ogg-theora: a1e56fd34408186e4bbccfd4996cb3dc -> 
  custom:CustomObjectIndexerAttribute: 62b5816608c3102f162a1797e29626cf -> 
  custom:scripting/monoscript/fileName/TilesTemplateCollection.cs: 1323639491948449d899f7c3d116358a -> 9b97b84b558d043388e687408423c9fa
  custom:container-demuxer-webm: 4f35f7cbe854078d1ac9338744f61a02 -> 
  custom:container-muxer-webm: aa71ff27fc2769a1b78a27578f13a17b -> 
  custom:scripting/monoscript/fileName/CellGroundTemplateCollection.cs: 3862488741336215d595b160b6ea7dd6 -> 
  custom:video-decoder-webm-vp8: 9c59270c3fd7afecdb556c50c9e8de78 -> 
  custom:SearchIndexIgnoredProperties: e643bd26f0fe6173181afceb89e7c659 -> 
  custom:AudioImporter_EditorPlatform: 3918e3fc78b5a79bad01e8451be0beb8 -> 
  custom:framework-osx-AVFoundation: e770b220cccbd017edd2c1fefb359320 -> 
  custom:scripting/monoscript/fileName/TileTemplate.cs: da25af36d628451bcf3c197eba2f7e2a -> 5d21bd9ae0ebd364cdee84e2580ef8dd
  custom:video-encoder-webm-vp8: eb34c28f22e8b96e1ab97ce403110664 -> 
  custom:scripting/monoscript/fileName/TileFactory.cs: ec394443d0a33a6c7d3ef14c340be7b9 -> f53edab2a63a3682e8af0038a4208fb8
  custom:audio-decoder-ogg-vorbis: bf7c407c2cedff20999df2af8eb42d56 -> 
  custom:audio-encoder-webm-vorbis: bf7c407c2cedff20999df2af8eb42d56 -> 
========================================================================
Received Prepare
Begin MonoManager ReloadAssembly
Thread 0x28fe43000 may have been prematurely finalized
- Loaded All Assemblies, in  0.431 seconds
Refreshing native plugins compatible for Editor in 1.44 ms, found 2 plugins.
Native extension for WindowsStandalone target not found
Native extension for iOS target not found
Native extension for Android target not found
Native extension for OSXStandalone target not found
[Package Manager] Server::EnsureServerProcessIsRunning -- launch failed, reason: Unity was launched with the -noUpm command-line argument
[Package Manager] UpmClient::Send -- Unable to send message (not connected to UPM process).
[Package Manager] Cannot connect to Unity Package Manager local server
Mono: successfully reloaded assembly
- Finished resetting the current domain, in  1.062 seconds
Domain Reload Profiling: 1493ms
	BeginReloadAssembly (179ms)
		ExecutionOrderSort (0ms)
		DisableScriptedObjects (5ms)
		BackupInstance (0ms)
		ReleaseScriptingObjects (0ms)
		CreateAndSetChildDomain (91ms)
	RebuildCommonClasses (22ms)
	RebuildNativeTypeToScriptingClass (7ms)
	initialDomainReloadingComplete (14ms)
	LoadAllAssembliesAndSetupDomain (209ms)
		LoadAssemblies (233ms)
		RebuildTransferFunctionScriptingTraits (0ms)
		AnalyzeDomain (33ms)
			TypeCache.Refresh (9ms)
				TypeCache.ScanAssembly (2ms)
			ScanForSourceGeneratedMonoScriptInfo (16ms)
			ResolveRequiredComponents (8ms)
	FinalizeReload (1062ms)
		ReleaseScriptCaches (0ms)
		RebuildScriptCaches (0ms)
		SetupLoadedEditorAssemblies (498ms)
			LogAssemblyErrors (0ms)
			InitializePlatformSupportModulesInManaged (50ms)
			SetLoadedEditorAssemblies (3ms)
			RefreshPlugins (0ms)
			BeforeProcessingInitializeOnLoad (53ms)
			ProcessInitializeOnLoadAttributes (356ms)
			ProcessInitializeOnLoadMethodAttributes (37ms)
			AfterProcessingInitializeOnLoad (1ms)
			EditorAssembliesLoaded (0ms)
		ExecutionOrderSort2 (0ms)
		AwakeInstancesAfterBackupRestoration (15ms)
Refreshing native plugins compatible for Editor in 1.53 ms, found 2 plugins.
Preloading 0 native plugins for Editor in 0.00 ms.
Unloading 5404 Unused Serialized files (Serialized files now loaded: 0)
Unloading 59 unused Assets / (389.9 KB). Loaded Objects now: 6423.
Memory consumption went from 373.1 MB to 372.7 MB.
Total: 13.532625 ms (FindLiveObjects: 0.175875 ms CreateObjectMapping: 0.055500 ms MarkObjects: 13.143209 ms  DeleteObjects: 0.157250 ms)

Prepare: number of updated asset objects reloaded= 0
AssetImportParameters requested are different than current active one (requested -> active):
  custom:scripting/monoscript/fileName/CellGroundTemplate.cs: 23fbc9fe88d5d29d8afe1941fe612534 -> 
  custom:container-demuxer-ogg: 62fdf1f143b41e24485cea50d1cbac27 -> 
  custom:video-decoder-ogg-theora: a1e56fd34408186e4bbccfd4996cb3dc -> 
  custom:CustomObjectIndexerAttribute: 62b5816608c3102f162a1797e29626cf -> 
  custom:scripting/monoscript/fileName/TilesTemplateCollection.cs: 1323639491948449d899f7c3d116358a -> 9b97b84b558d043388e687408423c9fa
  custom:container-demuxer-webm: 4f35f7cbe854078d1ac9338744f61a02 -> 
  custom:container-muxer-webm: aa71ff27fc2769a1b78a27578f13a17b -> 
  custom:scripting/monoscript/fileName/CellGroundTemplateCollection.cs: 3862488741336215d595b160b6ea7dd6 -> 
  custom:video-decoder-webm-vp8: 9c59270c3fd7afecdb556c50c9e8de78 -> 
  custom:SearchIndexIgnoredProperties: e643bd26f0fe6173181afceb89e7c659 -> 
  custom:AudioImporter_EditorPlatform: 3918e3fc78b5a79bad01e8451be0beb8 -> 
  custom:framework-osx-AVFoundation: e770b220cccbd017edd2c1fefb359320 -> 
  custom:scripting/monoscript/fileName/TileTemplate.cs: da25af36d628451bcf3c197eba2f7e2a -> 5d21bd9ae0ebd364cdee84e2580ef8dd
  custom:video-encoder-webm-vp8: eb34c28f22e8b96e1ab97ce403110664 -> 
  custom:scripting/monoscript/fileName/TileFactory.cs: ec394443d0a33a6c7d3ef14c340be7b9 -> f53edab2a63a3682e8af0038a4208fb8
  custom:audio-decoder-ogg-vorbis: bf7c407c2cedff20999df2af8eb42d56 -> 
  custom:audio-encoder-webm-vorbis: bf7c407c2cedff20999df2af8eb42d56 -> 
========================================================================
Received Prepare
Begin MonoManager ReloadAssembly
Thread 0x28fe43000 may have been prematurely finalized
- Loaded All Assemblies, in  0.405 seconds
Refreshing native plugins compatible for Editor in 3.48 ms, found 2 plugins.
Native extension for WindowsStandalone target not found
Native extension for iOS target not found
Native extension for Android target not found
Native extension for OSXStandalone target not found
[Package Manager] Server::EnsureServerProcessIsRunning -- launch failed, reason: Unity was launched with the -noUpm command-line argument
[Package Manager] UpmClient::Send -- Unable to send message (not connected to UPM process).
[Package Manager] Cannot connect to Unity Package Manager local server
Mono: successfully reloaded assembly
- Finished resetting the current domain, in  1.033 seconds
Domain Reload Profiling: 1438ms
	BeginReloadAssembly (163ms)
		ExecutionOrderSort (0ms)
		DisableScriptedObjects (5ms)
		BackupInstance (0ms)
		ReleaseScriptingObjects (0ms)
		CreateAndSetChildDomain (87ms)
	RebuildCommonClasses (20ms)
	RebuildNativeTypeToScriptingClass (7ms)
	initialDomainReloadingComplete (15ms)
	LoadAllAssembliesAndSetupDomain (200ms)
		LoadAssemblies (194ms)
		RebuildTransferFunctionScriptingTraits (0ms)
		AnalyzeDomain (43ms)
			TypeCache.Refresh (12ms)
				TypeCache.ScanAssembly (2ms)
			ScanForSourceGeneratedMonoScriptInfo (20ms)
			ResolveRequiredComponents (9ms)
	FinalizeReload (1033ms)
		ReleaseScriptCaches (0ms)
		RebuildScriptCaches (0ms)
		SetupLoadedEditorAssemblies (456ms)
			LogAssemblyErrors (0ms)
			InitializePlatformSupportModulesInManaged (18ms)
			SetLoadedEditorAssemblies (2ms)
			RefreshPlugins (0ms)
			BeforeProcessingInitializeOnLoad (52ms)
			ProcessInitializeOnLoadAttributes (348ms)
			ProcessInitializeOnLoadMethodAttributes (36ms)
			AfterProcessingInitializeOnLoad (1ms)
			EditorAssembliesLoaded (0ms)
		ExecutionOrderSort2 (0ms)
		AwakeInstancesAfterBackupRestoration (15ms)
Refreshing native plugins compatible for Editor in 1.52 ms, found 2 plugins.
Preloading 0 native plugins for Editor in 0.00 ms.
Unloading 5404 Unused Serialized files (Serialized files now loaded: 0)
Unloading 59 unused Assets / (390.3 KB). Loaded Objects now: 6427.
Memory consumption went from 384.7 MB to 384.4 MB.
Total: 12.833500 ms (FindLiveObjects: 0.178333 ms CreateObjectMapping: 0.058333 ms MarkObjects: 12.453792 ms  DeleteObjects: 0.142334 ms)

Prepare: number of updated asset objects reloaded= 0
AssetImportParameters requested are different than current active one (requested -> active):
  custom:scripting/monoscript/fileName/CellGroundTemplate.cs: 23fbc9fe88d5d29d8afe1941fe612534 -> 
  custom:container-demuxer-ogg: 62fdf1f143b41e24485cea50d1cbac27 -> 
  custom:video-decoder-ogg-theora: a1e56fd34408186e4bbccfd4996cb3dc -> 
  custom:CustomObjectIndexerAttribute: 62b5816608c3102f162a1797e29626cf -> 
  custom:scripting/monoscript/fileName/TilesTemplateCollection.cs: 1323639491948449d899f7c3d116358a -> 9b97b84b558d043388e687408423c9fa
  custom:container-demuxer-webm: 4f35f7cbe854078d1ac9338744f61a02 -> 
  custom:container-muxer-webm: aa71ff27fc2769a1b78a27578f13a17b -> 
  custom:scripting/monoscript/fileName/CellGroundTemplateCollection.cs: 3862488741336215d595b160b6ea7dd6 -> 
  custom:video-decoder-webm-vp8: 9c59270c3fd7afecdb556c50c9e8de78 -> 
  custom:SearchIndexIgnoredProperties: e643bd26f0fe6173181afceb89e7c659 -> 
  custom:AudioImporter_EditorPlatform: 3918e3fc78b5a79bad01e8451be0beb8 -> 
  custom:framework-osx-AVFoundation: e770b220cccbd017edd2c1fefb359320 -> 
  custom:scripting/monoscript/fileName/TileTemplate.cs: da25af36d628451bcf3c197eba2f7e2a -> 5d21bd9ae0ebd364cdee84e2580ef8dd
  custom:video-encoder-webm-vp8: eb34c28f22e8b96e1ab97ce403110664 -> 
  custom:scripting/monoscript/fileName/TileFactory.cs: ec394443d0a33a6c7d3ef14c340be7b9 -> f53edab2a63a3682e8af0038a4208fb8
  custom:audio-decoder-ogg-vorbis: bf7c407c2cedff20999df2af8eb42d56 -> 
  custom:audio-encoder-webm-vorbis: bf7c407c2cedff20999df2af8eb42d56 -> 
========================================================================
Received Prepare
Begin MonoManager ReloadAssembly
Thread 0x28fe43000 may have been prematurely finalized
- Loaded All Assemblies, in  0.402 seconds
Refreshing native plugins compatible for Editor in 1.44 ms, found 2 plugins.
Native extension for WindowsStandalone target not found
Native extension for iOS target not found
Native extension for Android target not found
Native extension for OSXStandalone target not found
[Package Manager] Server::EnsureServerProcessIsRunning -- launch failed, reason: Unity was launched with the -noUpm command-line argument
[Package Manager] UpmClient::Send -- Unable to send message (not connected to UPM process).
[Package Manager] Cannot connect to Unity Package Manager local server
Mono: successfully reloaded assembly
- Finished resetting the current domain, in  1.100 seconds
Domain Reload Profiling: 1502ms
	BeginReloadAssembly (157ms)
		ExecutionOrderSort (0ms)
		DisableScriptedObjects (5ms)
		BackupInstance (0ms)
		ReleaseScriptingObjects (0ms)
		CreateAndSetChildDomain (57ms)
	RebuildCommonClasses (22ms)
	RebuildNativeTypeToScriptingClass (8ms)
	initialDomainReloadingComplete (21ms)
	LoadAllAssembliesAndSetupDomain (193ms)
		LoadAssemblies (224ms)
		RebuildTransferFunctionScriptingTraits (0ms)
		AnalyzeDomain (40ms)
			TypeCache.Refresh (10ms)
				TypeCache.ScanAssembly (2ms)
			ScanForSourceGeneratedMonoScriptInfo (20ms)
			ResolveRequiredComponents (9ms)
	FinalizeReload (1101ms)
		ReleaseScriptCaches (0ms)
		RebuildScriptCaches (0ms)
		SetupLoadedEditorAssemblies (517ms)
			LogAssemblyErrors (0ms)
			InitializePlatformSupportModulesInManaged (35ms)
			SetLoadedEditorAssemblies (3ms)
			RefreshPlugins (0ms)
			BeforeProcessingInitializeOnLoad (55ms)
			ProcessInitializeOnLoadAttributes (385ms)
			ProcessInitializeOnLoadMethodAttributes (37ms)
			AfterProcessingInitializeOnLoad (1ms)
			EditorAssembliesLoaded (0ms)
		ExecutionOrderSort2 (0ms)
		AwakeInstancesAfterBackupRestoration (16ms)
Refreshing native plugins compatible for Editor in 1.64 ms, found 2 plugins.
Preloading 0 native plugins for Editor in 0.00 ms.
Unloading 5404 Unused Serialized files (Serialized files now loaded: 0)
Unloading 59 unused Assets / (390.0 KB). Loaded Objects now: 6431.
Memory consumption went from 396.4 MB to 396.1 MB.
Total: 12.785959 ms (FindLiveObjects: 0.173500 ms CreateObjectMapping: 0.056750 ms MarkObjects: 12.417208 ms  DeleteObjects: 0.137834 ms)

Prepare: number of updated asset objects reloaded= 0
AssetImportParameters requested are different than current active one (requested -> active):
  custom:scripting/monoscript/fileName/CellGroundTemplate.cs: 23fbc9fe88d5d29d8afe1941fe612534 -> 
  custom:container-demuxer-ogg: 62fdf1f143b41e24485cea50d1cbac27 -> 
  custom:video-decoder-ogg-theora: a1e56fd34408186e4bbccfd4996cb3dc -> 
  custom:CustomObjectIndexerAttribute: 62b5816608c3102f162a1797e29626cf -> 
  custom:scripting/monoscript/fileName/TilesTemplateCollection.cs: 1323639491948449d899f7c3d116358a -> 9b97b84b558d043388e687408423c9fa
  custom:container-demuxer-webm: 4f35f7cbe854078d1ac9338744f61a02 -> 
  custom:container-muxer-webm: aa71ff27fc2769a1b78a27578f13a17b -> 
  custom:scripting/monoscript/fileName/CellGroundTemplateCollection.cs: 3862488741336215d595b160b6ea7dd6 -> 
  custom:video-decoder-webm-vp8: 9c59270c3fd7afecdb556c50c9e8de78 -> 
  custom:SearchIndexIgnoredProperties: e643bd26f0fe6173181afceb89e7c659 -> 
  custom:AudioImporter_EditorPlatform: 3918e3fc78b5a79bad01e8451be0beb8 -> 
  custom:framework-osx-AVFoundation: e770b220cccbd017edd2c1fefb359320 -> 
  custom:scripting/monoscript/fileName/TileTemplate.cs: da25af36d628451bcf3c197eba2f7e2a -> 5d21bd9ae0ebd364cdee84e2580ef8dd
  custom:video-encoder-webm-vp8: eb34c28f22e8b96e1ab97ce403110664 -> 
  custom:scripting/monoscript/fileName/TileFactory.cs: ec394443d0a33a6c7d3ef14c340be7b9 -> f53edab2a63a3682e8af0038a4208fb8
  custom:audio-decoder-ogg-vorbis: bf7c407c2cedff20999df2af8eb42d56 -> 
  custom:audio-encoder-webm-vorbis: bf7c407c2cedff20999df2af8eb42d56 -> 
========================================================================
Received Prepare
Begin MonoManager ReloadAssembly
Thread 0x28fe43000 may have been prematurely finalized
- Loaded All Assemblies, in  0.406 seconds
Refreshing native plugins compatible for Editor in 1.39 ms, found 2 plugins.
Native extension for WindowsStandalone target not found
Native extension for iOS target not found
Native extension for Android target not found
Native extension for OSXStandalone target not found
[Package Manager] Server::EnsureServerProcessIsRunning -- launch failed, reason: Unity was launched with the -noUpm command-line argument
[Package Manager] UpmClient::Send -- Unable to send message (not connected to UPM process).
[Package Manager] Cannot connect to Unity Package Manager local server
Mono: successfully reloaded assembly
- Finished resetting the current domain, in  0.993 seconds
Domain Reload Profiling: 1399ms
	BeginReloadAssembly (164ms)
		ExecutionOrderSort (0ms)
		DisableScriptedObjects (6ms)
		BackupInstance (0ms)
		ReleaseScriptingObjects (0ms)
		CreateAndSetChildDomain (67ms)
	RebuildCommonClasses (22ms)
	RebuildNativeTypeToScriptingClass (7ms)
	initialDomainReloadingComplete (18ms)
	LoadAllAssembliesAndSetupDomain (194ms)
		LoadAssemblies (227ms)
		RebuildTransferFunctionScriptingTraits (0ms)
		AnalyzeDomain (33ms)
			TypeCache.Refresh (10ms)
				TypeCache.ScanAssembly (2ms)
			ScanForSourceGeneratedMonoScriptInfo (15ms)
			ResolveRequiredComponents (7ms)
	FinalizeReload (994ms)
		ReleaseScriptCaches (0ms)
		RebuildScriptCaches (0ms)
		SetupLoadedEditorAssemblies (444ms)
			LogAssemblyErrors (0ms)
			InitializePlatformSupportModulesInManaged (17ms)
			SetLoadedEditorAssemblies (2ms)
			RefreshPlugins (0ms)
			BeforeProcessingInitializeOnLoad (51ms)
			ProcessInitializeOnLoadAttributes (337ms)
			ProcessInitializeOnLoadMethodAttributes (35ms)
			AfterProcessingInitializeOnLoad (1ms)
			EditorAssembliesLoaded (0ms)
		ExecutionOrderSort2 (0ms)
		AwakeInstancesAfterBackupRestoration (15ms)
Refreshing native plugins compatible for Editor in 1.46 ms, found 2 plugins.
Preloading 0 native plugins for Editor in 0.00 ms.
Unloading 5404 Unused Serialized files (Serialized files now loaded: 0)
Unloading 59 unused Assets / (390.4 KB). Loaded Objects now: 6435.
Memory consumption went from 408.0 MB to 407.7 MB.
Total: 12.510083 ms (FindLiveObjects: 0.179458 ms CreateObjectMapping: 0.055958 ms MarkObjects: 12.146750 ms  DeleteObjects: 0.127167 ms)

Prepare: number of updated asset objects reloaded= 0
AssetImportParameters requested are different than current active one (requested -> active):
  custom:scripting/monoscript/fileName/CellGroundTemplate.cs: 23fbc9fe88d5d29d8afe1941fe612534 -> 
  custom:container-demuxer-ogg: 62fdf1f143b41e24485cea50d1cbac27 -> 
  custom:video-decoder-ogg-theora: a1e56fd34408186e4bbccfd4996cb3dc -> 
  custom:CustomObjectIndexerAttribute: 62b5816608c3102f162a1797e29626cf -> 
  custom:scripting/monoscript/fileName/TilesTemplateCollection.cs: 1323639491948449d899f7c3d116358a -> 9b97b84b558d043388e687408423c9fa
  custom:container-demuxer-webm: 4f35f7cbe854078d1ac9338744f61a02 -> 
  custom:container-muxer-webm: aa71ff27fc2769a1b78a27578f13a17b -> 
  custom:scripting/monoscript/fileName/CellGroundTemplateCollection.cs: 3862488741336215d595b160b6ea7dd6 -> 
  custom:video-decoder-webm-vp8: 9c59270c3fd7afecdb556c50c9e8de78 -> 
  custom:SearchIndexIgnoredProperties: e643bd26f0fe6173181afceb89e7c659 -> 
  custom:AudioImporter_EditorPlatform: 3918e3fc78b5a79bad01e8451be0beb8 -> 
  custom:framework-osx-AVFoundation: e770b220cccbd017edd2c1fefb359320 -> 
  custom:scripting/monoscript/fileName/TileTemplate.cs: da25af36d628451bcf3c197eba2f7e2a -> 5d21bd9ae0ebd364cdee84e2580ef8dd
  custom:video-encoder-webm-vp8: eb34c28f22e8b96e1ab97ce403110664 -> 
  custom:scripting/monoscript/fileName/TileFactory.cs: ec394443d0a33a6c7d3ef14c340be7b9 -> f53edab2a63a3682e8af0038a4208fb8
  custom:audio-decoder-ogg-vorbis: bf7c407c2cedff20999df2af8eb42d56 -> 
  custom:audio-encoder-webm-vorbis: bf7c407c2cedff20999df2af8eb42d56 -> 
========================================================================
Received Prepare
Begin MonoManager ReloadAssembly
Thread 0x28fe43000 may have been prematurely finalized
- Loaded All Assemblies, in  0.410 seconds
Refreshing native plugins compatible for Editor in 1.48 ms, found 2 plugins.
Native extension for WindowsStandalone target not found
Native extension for iOS target not found
Native extension for Android target not found
Native extension for OSXStandalone target not found
[Package Manager] Server::EnsureServerProcessIsRunning -- launch failed, reason: Unity was launched with the -noUpm command-line argument
[Package Manager] UpmClient::Send -- Unable to send message (not connected to UPM process).
[Package Manager] Cannot connect to Unity Package Manager local server
Mono: successfully reloaded assembly
- Finished resetting the current domain, in  1.084 seconds
Domain Reload Profiling: 1494ms
	BeginReloadAssembly (145ms)
		ExecutionOrderSort (0ms)
		DisableScriptedObjects (7ms)
		BackupInstance (0ms)
		ReleaseScriptingObjects (0ms)
		CreateAndSetChildDomain (50ms)
	RebuildCommonClasses (24ms)
	RebuildNativeTypeToScriptingClass (7ms)
	initialDomainReloadingComplete (20ms)
	LoadAllAssembliesAndSetupDomain (214ms)
		LoadAssemblies (225ms)
		RebuildTransferFunctionScriptingTraits (0ms)
		AnalyzeDomain (46ms)
			TypeCache.Refresh (13ms)
				TypeCache.ScanAssembly (3ms)
			ScanForSourceGeneratedMonoScriptInfo (23ms)
			ResolveRequiredComponents (10ms)
	FinalizeReload (1085ms)
		ReleaseScriptCaches (0ms)
		RebuildScriptCaches (0ms)
		SetupLoadedEditorAssemblies (458ms)
			LogAssemblyErrors (0ms)
			InitializePlatformSupportModulesInManaged (18ms)
			SetLoadedEditorAssemblies (3ms)
			RefreshPlugins (0ms)
			BeforeProcessingInitializeOnLoad (54ms)
			ProcessInitializeOnLoadAttributes (344ms)
			ProcessInitializeOnLoadMethodAttributes (38ms)
			AfterProcessingInitializeOnLoad (1ms)
			EditorAssembliesLoaded (0ms)
		ExecutionOrderSort2 (0ms)
		AwakeInstancesAfterBackupRestoration (15ms)
Refreshing native plugins compatible for Editor in 1.37 ms, found 2 plugins.
Preloading 0 native plugins for Editor in 0.00 ms.
Unloading 5404 Unused Serialized files (Serialized files now loaded: 0)
Unloading 59 unused Assets / (389.9 KB). Loaded Objects now: 6439.
Memory consumption went from 419.8 MB to 419.4 MB.
Total: 12.637917 ms (FindLiveObjects: 0.177208 ms CreateObjectMapping: 0.062958 ms MarkObjects: 12.267042 ms  DeleteObjects: 0.129708 ms)

Prepare: number of updated asset objects reloaded= 0
AssetImportParameters requested are different than current active one (requested -> active):
  custom:scripting/monoscript/fileName/CellGroundTemplate.cs: 23fbc9fe88d5d29d8afe1941fe612534 -> 
  custom:container-demuxer-ogg: 62fdf1f143b41e24485cea50d1cbac27 -> 
  custom:video-decoder-ogg-theora: a1e56fd34408186e4bbccfd4996cb3dc -> 
  custom:CustomObjectIndexerAttribute: 62b5816608c3102f162a1797e29626cf -> 
  custom:scripting/monoscript/fileName/TilesTemplateCollection.cs: 1323639491948449d899f7c3d116358a -> 9b97b84b558d043388e687408423c9fa
  custom:container-demuxer-webm: 4f35f7cbe854078d1ac9338744f61a02 -> 
  custom:container-muxer-webm: aa71ff27fc2769a1b78a27578f13a17b -> 
  custom:scripting/monoscript/fileName/CellGroundTemplateCollection.cs: 3862488741336215d595b160b6ea7dd6 -> 
  custom:video-decoder-webm-vp8: 9c59270c3fd7afecdb556c50c9e8de78 -> 
  custom:SearchIndexIgnoredProperties: e643bd26f0fe6173181afceb89e7c659 -> 
  custom:AudioImporter_EditorPlatform: 3918e3fc78b5a79bad01e8451be0beb8 -> 
  custom:framework-osx-AVFoundation: e770b220cccbd017edd2c1fefb359320 -> 
  custom:scripting/monoscript/fileName/TileTemplate.cs: da25af36d628451bcf3c197eba2f7e2a -> 5d21bd9ae0ebd364cdee84e2580ef8dd
  custom:video-encoder-webm-vp8: eb34c28f22e8b96e1ab97ce403110664 -> 
  custom:scripting/monoscript/fileName/TileFactory.cs: ec394443d0a33a6c7d3ef14c340be7b9 -> f53edab2a63a3682e8af0038a4208fb8
  custom:audio-decoder-ogg-vorbis: bf7c407c2cedff20999df2af8eb42d56 -> 
  custom:audio-encoder-webm-vorbis: bf7c407c2cedff20999df2af8eb42d56 -> 
========================================================================
Received Prepare
Begin MonoManager ReloadAssembly
Thread 0x28fe43000 may have been prematurely finalized
- Loaded All Assemblies, in  0.523 seconds
Refreshing native plugins compatible for Editor in 1.77 ms, found 2 plugins.
Native extension for WindowsStandalone target not found
Native extension for iOS target not found
Native extension for Android target not found
Native extension for OSXStandalone target not found
[Package Manager] Server::EnsureServerProcessIsRunning -- launch failed, reason: Unity was launched with the -noUpm command-line argument
[Package Manager] UpmClient::Send -- Unable to send message (not connected to UPM process).
[Package Manager] Cannot connect to Unity Package Manager local server
Mono: successfully reloaded assembly
- Finished resetting the current domain, in  1.038 seconds
Domain Reload Profiling: 1561ms
	BeginReloadAssembly (233ms)
		ExecutionOrderSort (0ms)
		DisableScriptedObjects (16ms)
		BackupInstance (0ms)
		ReleaseScriptingObjects (1ms)
		CreateAndSetChildDomain (140ms)
	RebuildCommonClasses (20ms)
	RebuildNativeTypeToScriptingClass (7ms)
	initialDomainReloadingComplete (16ms)
	LoadAllAssembliesAndSetupDomain (248ms)
		LoadAssemblies (194ms)
		RebuildTransferFunctionScriptingTraits (0ms)
		AnalyzeDomain (80ms)
			TypeCache.Refresh (37ms)
				TypeCache.ScanAssembly (4ms)
			ScanForSourceGeneratedMonoScriptInfo (34ms)
			ResolveRequiredComponents (9ms)
	FinalizeReload (1038ms)
		ReleaseScriptCaches (0ms)
		RebuildScriptCaches (0ms)
		SetupLoadedEditorAssemblies (463ms)
			LogAssemblyErrors (0ms)
			InitializePlatformSupportModulesInManaged (17ms)
			SetLoadedEditorAssemblies (3ms)
			RefreshPlugins (0ms)
			BeforeProcessingInitializeOnLoad (55ms)
			ProcessInitializeOnLoadAttributes (352ms)
			ProcessInitializeOnLoadMethodAttributes (35ms)
			AfterProcessingInitializeOnLoad (1ms)
			EditorAssembliesLoaded (0ms)
		ExecutionOrderSort2 (0ms)
		AwakeInstancesAfterBackupRestoration (15ms)
Refreshing native plugins compatible for Editor in 1.51 ms, found 2 plugins.
Preloading 0 native plugins for Editor in 0.00 ms.
Unloading 5404 Unused Serialized files (Serialized files now loaded: 0)
Unloading 59 unused Assets / (391.3 KB). Loaded Objects now: 6443.
Memory consumption went from 431.4 MB to 431.1 MB.
Total: 13.591041 ms (FindLiveObjects: 0.191167 ms CreateObjectMapping: 0.055083 ms MarkObjects: 13.191375 ms  DeleteObjects: 0.152875 ms)

Prepare: number of updated asset objects reloaded= 0
AssetImportParameters requested are different than current active one (requested -> active):
  custom:scripting/monoscript/fileName/CellGroundTemplate.cs: 23fbc9fe88d5d29d8afe1941fe612534 -> 
  custom:container-demuxer-ogg: 62fdf1f143b41e24485cea50d1cbac27 -> 
  custom:video-decoder-ogg-theora: a1e56fd34408186e4bbccfd4996cb3dc -> 
  custom:CustomObjectIndexerAttribute: 62b5816608c3102f162a1797e29626cf -> 
  custom:scripting/monoscript/fileName/TilesTemplateCollection.cs: 1323639491948449d899f7c3d116358a -> 9b97b84b558d043388e687408423c9fa
  custom:container-demuxer-webm: 4f35f7cbe854078d1ac9338744f61a02 -> 
  custom:container-muxer-webm: aa71ff27fc2769a1b78a27578f13a17b -> 
  custom:scripting/monoscript/fileName/CellGroundTemplateCollection.cs: 3862488741336215d595b160b6ea7dd6 -> 
  custom:video-decoder-webm-vp8: 9c59270c3fd7afecdb556c50c9e8de78 -> 
  custom:SearchIndexIgnoredProperties: e643bd26f0fe6173181afceb89e7c659 -> 
  custom:AudioImporter_EditorPlatform: 3918e3fc78b5a79bad01e8451be0beb8 -> 
  custom:framework-osx-AVFoundation: e770b220cccbd017edd2c1fefb359320 -> 
  custom:scripting/monoscript/fileName/TileTemplate.cs: da25af36d628451bcf3c197eba2f7e2a -> 5d21bd9ae0ebd364cdee84e2580ef8dd
  custom:video-encoder-webm-vp8: eb34c28f22e8b96e1ab97ce403110664 -> 
  custom:scripting/monoscript/fileName/TileFactory.cs: ec394443d0a33a6c7d3ef14c340be7b9 -> f53edab2a63a3682e8af0038a4208fb8
  custom:audio-decoder-ogg-vorbis: bf7c407c2cedff20999df2af8eb42d56 -> 
  custom:audio-encoder-webm-vorbis: bf7c407c2cedff20999df2af8eb42d56 -> 
========================================================================
Received Prepare
Begin MonoManager ReloadAssembly
Thread 0x28fe43000 may have been prematurely finalized
- Loaded All Assemblies, in  0.357 seconds
Refreshing native plugins compatible for Editor in 2.46 ms, found 2 plugins.
Native extension for WindowsStandalone target not found
Native extension for iOS target not found
Native extension for Android target not found
Native extension for OSXStandalone target not found
[Package Manager] Server::EnsureServerProcessIsRunning -- launch failed, reason: Unity was launched with the -noUpm command-line argument
[Package Manager] UpmClient::Send -- Unable to send message (not connected to UPM process).
[Package Manager] Cannot connect to Unity Package Manager local server
Mono: successfully reloaded assembly
- Finished resetting the current domain, in  1.067 seconds
Domain Reload Profiling: 1424ms
	BeginReloadAssembly (107ms)
		ExecutionOrderSort (0ms)
		DisableScriptedObjects (5ms)
		BackupInstance (0ms)
		ReleaseScriptingObjects (0ms)
		CreateAndSetChildDomain (48ms)
	RebuildCommonClasses (19ms)
	RebuildNativeTypeToScriptingClass (7ms)
	initialDomainReloadingComplete (13ms)
	LoadAllAssembliesAndSetupDomain (211ms)
		LoadAssemblies (217ms)
		RebuildTransferFunctionScriptingTraits (0ms)
		AnalyzeDomain (19ms)
			TypeCache.Refresh (8ms)
				TypeCache.ScanAssembly (0ms)
			ScanForSourceGeneratedMonoScriptInfo (0ms)
			ResolveRequiredComponents (10ms)
	FinalizeReload (1067ms)
		ReleaseScriptCaches (0ms)
		RebuildScriptCaches (0ms)
		SetupLoadedEditorAssemblies (477ms)
			LogAssemblyErrors (0ms)
			InitializePlatformSupportModulesInManaged (18ms)
			SetLoadedEditorAssemblies (3ms)
			RefreshPlugins (0ms)
			BeforeProcessingInitializeOnLoad (53ms)
			ProcessInitializeOnLoadAttributes (364ms)
			ProcessInitializeOnLoadMethodAttributes (38ms)
			AfterProcessingInitializeOnLoad (1ms)
			EditorAssembliesLoaded (0ms)
		ExecutionOrderSort2 (0ms)
		AwakeInstancesAfterBackupRestoration (16ms)
Refreshing native plugins compatible for Editor in 1.68 ms, found 2 plugins.
Preloading 0 native plugins for Editor in 0.00 ms.
Unloading 5404 Unused Serialized files (Serialized files now loaded: 0)
Unloading 59 unused Assets / (391.4 KB). Loaded Objects now: 6447.
Memory consumption went from 443.1 MB to 442.7 MB.
Total: 14.279083 ms (FindLiveObjects: 0.199791 ms CreateObjectMapping: 0.061459 ms MarkObjects: 13.854041 ms  DeleteObjects: 0.163417 ms)

Prepare: number of updated asset objects reloaded= 0
AssetImportParameters requested are different than current active one (requested -> active):
  custom:scripting/monoscript/fileName/CellGroundTemplate.cs: 23fbc9fe88d5d29d8afe1941fe612534 -> 
  custom:container-demuxer-ogg: 62fdf1f143b41e24485cea50d1cbac27 -> 
  custom:video-decoder-ogg-theora: a1e56fd34408186e4bbccfd4996cb3dc -> 
  custom:CustomObjectIndexerAttribute: 62b5816608c3102f162a1797e29626cf -> 
  custom:scripting/monoscript/fileName/TilesTemplateCollection.cs: 1323639491948449d899f7c3d116358a -> 9b97b84b558d043388e687408423c9fa
  custom:container-demuxer-webm: 4f35f7cbe854078d1ac9338744f61a02 -> 
  custom:container-muxer-webm: aa71ff27fc2769a1b78a27578f13a17b -> 
  custom:scripting/monoscript/fileName/CellGroundTemplateCollection.cs: 3862488741336215d595b160b6ea7dd6 -> 
  custom:video-decoder-webm-vp8: 9c59270c3fd7afecdb556c50c9e8de78 -> 
  custom:SearchIndexIgnoredProperties: e643bd26f0fe6173181afceb89e7c659 -> 
  custom:AudioImporter_EditorPlatform: 3918e3fc78b5a79bad01e8451be0beb8 -> 
  custom:framework-osx-AVFoundation: e770b220cccbd017edd2c1fefb359320 -> 
  custom:scripting/monoscript/fileName/TileTemplate.cs: da25af36d628451bcf3c197eba2f7e2a -> 5d21bd9ae0ebd364cdee84e2580ef8dd
  custom:video-encoder-webm-vp8: eb34c28f22e8b96e1ab97ce403110664 -> 
  custom:scripting/monoscript/fileName/TileFactory.cs: ec394443d0a33a6c7d3ef14c340be7b9 -> f53edab2a63a3682e8af0038a4208fb8
  custom:audio-decoder-ogg-vorbis: bf7c407c2cedff20999df2af8eb42d56 -> 
  custom:audio-encoder-webm-vorbis: bf7c407c2cedff20999df2af8eb42d56 -> 
========================================================================
Received Prepare
Begin MonoManager ReloadAssembly
Thread 0x28fe43000 may have been prematurely finalized
- Loaded All Assemblies, in  0.338 seconds
Refreshing native plugins compatible for Editor in 1.44 ms, found 2 plugins.
Native extension for WindowsStandalone target not found
Native extension for iOS target not found
Native extension for Android target not found
Native extension for OSXStandalone target not found
[Package Manager] Server::EnsureServerProcessIsRunning -- launch failed, reason: Unity was launched with the -noUpm command-line argument
[Package Manager] UpmClient::Send -- Unable to send message (not connected to UPM process).
[Package Manager] Cannot connect to Unity Package Manager local server
Mono: successfully reloaded assembly
- Finished resetting the current domain, in  1.151 seconds
Domain Reload Profiling: 1489ms
	BeginReloadAssembly (105ms)
		ExecutionOrderSort (0ms)
		DisableScriptedObjects (5ms)
		BackupInstance (0ms)
		ReleaseScriptingObjects (0ms)
		CreateAndSetChildDomain (47ms)
	RebuildCommonClasses (23ms)
	RebuildNativeTypeToScriptingClass (7ms)
	initialDomainReloadingComplete (14ms)
	LoadAllAssembliesAndSetupDomain (189ms)
		LoadAssemblies (184ms)
		RebuildTransferFunctionScriptingTraits (0ms)
		AnalyzeDomain (32ms)
			TypeCache.Refresh (9ms)
				TypeCache.ScanAssembly (2ms)
			ScanForSourceGeneratedMonoScriptInfo (15ms)
			ResolveRequiredComponents (7ms)
	FinalizeReload (1151ms)
		ReleaseScriptCaches (0ms)
		RebuildScriptCaches (0ms)
		SetupLoadedEditorAssemblies (508ms)
			LogAssemblyErrors (0ms)
			InitializePlatformSupportModulesInManaged (21ms)
			SetLoadedEditorAssemblies (4ms)
			RefreshPlugins (0ms)
			BeforeProcessingInitializeOnLoad (57ms)
			ProcessInitializeOnLoadAttributes (389ms)
			ProcessInitializeOnLoadMethodAttributes (36ms)
			AfterProcessingInitializeOnLoad (1ms)
			EditorAssembliesLoaded (0ms)
		ExecutionOrderSort2 (0ms)
		AwakeInstancesAfterBackupRestoration (15ms)
Refreshing native plugins compatible for Editor in 1.49 ms, found 2 plugins.
Preloading 0 native plugins for Editor in 0.00 ms.
Unloading 5404 Unused Serialized files (Serialized files now loaded: 0)
Unloading 59 unused Assets / (391.6 KB). Loaded Objects now: 6451.
Memory consumption went from 454.7 MB to 454.4 MB.
Total: 13.167500 ms (FindLiveObjects: 0.170375 ms CreateObjectMapping: 0.057667 ms MarkObjects: 12.815958 ms  DeleteObjects: 0.123083 ms)

Prepare: number of updated asset objects reloaded= 0
AssetImportParameters requested are different than current active one (requested -> active):
  custom:scripting/monoscript/fileName/CellGroundTemplate.cs: 23fbc9fe88d5d29d8afe1941fe612534 -> 
  custom:container-demuxer-ogg: 62fdf1f143b41e24485cea50d1cbac27 -> 
  custom:video-decoder-ogg-theora: a1e56fd34408186e4bbccfd4996cb3dc -> 
  custom:CustomObjectIndexerAttribute: 62b5816608c3102f162a1797e29626cf -> 
  custom:scripting/monoscript/fileName/TilesTemplateCollection.cs: 1323639491948449d899f7c3d116358a -> 9b97b84b558d043388e687408423c9fa
  custom:container-demuxer-webm: 4f35f7cbe854078d1ac9338744f61a02 -> 
  custom:container-muxer-webm: aa71ff27fc2769a1b78a27578f13a17b -> 
  custom:scripting/monoscript/fileName/CellGroundTemplateCollection.cs: 3862488741336215d595b160b6ea7dd6 -> 
  custom:video-decoder-webm-vp8: 9c59270c3fd7afecdb556c50c9e8de78 -> 
  custom:SearchIndexIgnoredProperties: e643bd26f0fe6173181afceb89e7c659 -> 
  custom:AudioImporter_EditorPlatform: 3918e3fc78b5a79bad01e8451be0beb8 -> 
  custom:framework-osx-AVFoundation: e770b220cccbd017edd2c1fefb359320 -> 
  custom:scripting/monoscript/fileName/TileTemplate.cs: da25af36d628451bcf3c197eba2f7e2a -> 5d21bd9ae0ebd364cdee84e2580ef8dd
  custom:video-encoder-webm-vp8: eb34c28f22e8b96e1ab97ce403110664 -> 
  custom:scripting/monoscript/fileName/TileFactory.cs: ec394443d0a33a6c7d3ef14c340be7b9 -> f53edab2a63a3682e8af0038a4208fb8
  custom:audio-decoder-ogg-vorbis: bf7c407c2cedff20999df2af8eb42d56 -> 
  custom:audio-encoder-webm-vorbis: bf7c407c2cedff20999df2af8eb42d56 -> 
========================================================================
Received Prepare
Begin MonoManager ReloadAssembly
Thread 0x28fd87000 may have been prematurely finalized
- Loaded All Assemblies, in  0.241 seconds
Refreshing native plugins compatible for Editor in 1.43 ms, found 2 plugins.
Native extension for WindowsStandalone target not found
Native extension for iOS target not found
Native extension for Android target not found
Native extension for OSXStandalone target not found
[Package Manager] Server::EnsureServerProcessIsRunning -- launch failed, reason: Unity was launched with the -noUpm command-line argument
[Package Manager] UpmClient::Send -- Unable to send message (not connected to UPM process).
[Package Manager] Cannot connect to Unity Package Manager local server
Mono: successfully reloaded assembly
- Finished resetting the current domain, in  1.049 seconds
Domain Reload Profiling: 1291ms
	BeginReloadAssembly (90ms)
		ExecutionOrderSort (0ms)
		DisableScriptedObjects (4ms)
		BackupInstance (0ms)
		ReleaseScriptingObjects (0ms)
		CreateAndSetChildDomain (38ms)
	RebuildCommonClasses (19ms)
	RebuildNativeTypeToScriptingClass (7ms)
	initialDomainReloadingComplete (13ms)
	LoadAllAssembliesAndSetupDomain (112ms)
		LoadAssemblies (124ms)
		RebuildTransferFunctionScriptingTraits (0ms)
		AnalyzeDomain (12ms)
			TypeCache.Refresh (4ms)
				TypeCache.ScanAssembly (0ms)
			ScanForSourceGeneratedMonoScriptInfo (0ms)
			ResolveRequiredComponents (7ms)
	FinalizeReload (1050ms)
		ReleaseScriptCaches (0ms)
		RebuildScriptCaches (0ms)
		SetupLoadedEditorAssemblies (518ms)
			LogAssemblyErrors (0ms)
			InitializePlatformSupportModulesInManaged (16ms)
			SetLoadedEditorAssemblies (2ms)
			RefreshPlugins (0ms)
			BeforeProcessingInitializeOnLoad (51ms)
			ProcessInitializeOnLoadAttributes (399ms)
			ProcessInitializeOnLoadMethodAttributes (44ms)
			AfterProcessingInitializeOnLoad (5ms)
			EditorAssembliesLoaded (0ms)
		ExecutionOrderSort2 (0ms)
		AwakeInstancesAfterBackupRestoration (21ms)
Refreshing native plugins compatible for Editor in 1.68 ms, found 2 plugins.
Preloading 0 native plugins for Editor in 0.00 ms.
Unloading 5404 Unused Serialized files (Serialized files now loaded: 0)
Unloading 59 unused Assets / (390.4 KB). Loaded Objects now: 6455.
Memory consumption went from 466.3 MB to 465.9 MB.
Total: 14.540875 ms (FindLiveObjects: 0.212291 ms CreateObjectMapping: 0.056000 ms MarkObjects: 14.132542 ms  DeleteObjects: 0.139208 ms)

Prepare: number of updated asset objects reloaded= 0
AssetImportParameters requested are different than current active one (requested -> active):
  custom:scripting/monoscript/fileName/CellGroundTemplate.cs: 23fbc9fe88d5d29d8afe1941fe612534 -> 
  custom:container-demuxer-ogg: 62fdf1f143b41e24485cea50d1cbac27 -> 
  custom:video-decoder-ogg-theora: a1e56fd34408186e4bbccfd4996cb3dc -> 
  custom:CustomObjectIndexerAttribute: 62b5816608c3102f162a1797e29626cf -> 
  custom:scripting/monoscript/fileName/TilesTemplateCollection.cs: 1323639491948449d899f7c3d116358a -> 9b97b84b558d043388e687408423c9fa
  custom:container-demuxer-webm: 4f35f7cbe854078d1ac9338744f61a02 -> 
  custom:container-muxer-webm: aa71ff27fc2769a1b78a27578f13a17b -> 
  custom:scripting/monoscript/fileName/CellGroundTemplateCollection.cs: 3862488741336215d595b160b6ea7dd6 -> 
  custom:video-decoder-webm-vp8: 9c59270c3fd7afecdb556c50c9e8de78 -> 
  custom:SearchIndexIgnoredProperties: e643bd26f0fe6173181afceb89e7c659 -> 
  custom:AudioImporter_EditorPlatform: 3918e3fc78b5a79bad01e8451be0beb8 -> 
  custom:framework-osx-AVFoundation: e770b220cccbd017edd2c1fefb359320 -> 
  custom:scripting/monoscript/fileName/TileTemplate.cs: da25af36d628451bcf3c197eba2f7e2a -> 5d21bd9ae0ebd364cdee84e2580ef8dd
  custom:video-encoder-webm-vp8: eb34c28f22e8b96e1ab97ce403110664 -> 
  custom:scripting/monoscript/fileName/TileFactory.cs: ec394443d0a33a6c7d3ef14c340be7b9 -> f53edab2a63a3682e8af0038a4208fb8
  custom:audio-decoder-ogg-vorbis: bf7c407c2cedff20999df2af8eb42d56 -> 
  custom:audio-encoder-webm-vorbis: bf7c407c2cedff20999df2af8eb42d56 -> 
========================================================================
Received Import Request.
  Time since last request: 1502.157104 seconds.
  path: Assets/Prefabs/Tiles/building-archery.prefab
  artifactKey: Guid(f042f443ca2cf4798b88ad8251a9a8ef) Importer(815301076,1909f56bfc062723c751e8b465ee728b)
Start importing Assets/Prefabs/Tiles/building-archery.prefab using Guid(f042f443ca2cf4798b88ad8251a9a8ef) Importer(815301076,1909f56bfc062723c751e8b465ee728b)  -> (artifact id: '4b744e8a5cd2a751816ffc187b145960') in 0.248340 seconds
Number of updated asset objects reloaded before import = 0
Number of asset objects unloaded after import = 37
========================================================================
Received Prepare
Begin MonoManager ReloadAssembly
Thread 0x28fd87000 may have been prematurely finalized
- Loaded All Assemblies, in  0.421 seconds
Refreshing native plugins compatible for Editor in 2.18 ms, found 2 plugins.
Native extension for WindowsStandalone target not found
Native extension for iOS target not found
Native extension for Android target not found
Native extension for OSXStandalone target not found
[Package Manager] Server::EnsureServerProcessIsRunning -- launch failed, reason: Unity was launched with the -noUpm command-line argument
[Package Manager] UpmClient::Send -- Unable to send message (not connected to UPM process).
[Package Manager] Cannot connect to Unity Package Manager local server
Mono: successfully reloaded assembly
- Finished resetting the current domain, in  1.098 seconds
Domain Reload Profiling: 1519ms
	BeginReloadAssembly (119ms)
		ExecutionOrderSort (0ms)
		DisableScriptedObjects (10ms)
		BackupInstance (0ms)
		ReleaseScriptingObjects (0ms)
		CreateAndSetChildDomain (54ms)
	RebuildCommonClasses (22ms)
	RebuildNativeTypeToScriptingClass (8ms)
	initialDomainReloadingComplete (32ms)
	LoadAllAssembliesAndSetupDomain (241ms)
		LoadAssemblies (216ms)
		RebuildTransferFunctionScriptingTraits (0ms)
		AnalyzeDomain (52ms)
			TypeCache.Refresh (20ms)
				TypeCache.ScanAssembly (2ms)
			ScanForSourceGeneratedMonoScriptInfo (23ms)
			ResolveRequiredComponents (9ms)
	FinalizeReload (1099ms)
		ReleaseScriptCaches (0ms)
		RebuildScriptCaches (0ms)
		SetupLoadedEditorAssemblies (513ms)
			LogAssemblyErrors (0ms)
			InitializePlatformSupportModulesInManaged (47ms)
			SetLoadedEditorAssemblies (3ms)
			RefreshPlugins (0ms)
			BeforeProcessingInitializeOnLoad (51ms)
			ProcessInitializeOnLoadAttributes (377ms)
			ProcessInitializeOnLoadMethodAttributes (35ms)
			AfterProcessingInitializeOnLoad (1ms)
			EditorAssembliesLoaded (0ms)
		ExecutionOrderSort2 (0ms)
		AwakeInstancesAfterBackupRestoration (17ms)
Refreshing native plugins compatible for Editor in 1.44 ms, found 2 plugins.
Preloading 0 native plugins for Editor in 0.00 ms.
Unloading 5404 Unused Serialized files (Serialized files now loaded: 0)
Unloading 60 unused Assets / (391.2 KB). Loaded Objects now: 6495.
Memory consumption went from 481.2 MB to 480.9 MB.
Total: 12.506375 ms (FindLiveObjects: 0.170833 ms CreateObjectMapping: 0.068333 ms MarkObjects: 12.129125 ms  DeleteObjects: 0.137709 ms)

Prepare: number of updated asset objects reloaded= 0
AssetImportParameters requested are different than current active one (requested -> active):
  custom:scripting/monoscript/fileName/CellGroundTemplate.cs: 23fbc9fe88d5d29d8afe1941fe612534 -> 
  custom:container-demuxer-ogg: 62fdf1f143b41e24485cea50d1cbac27 -> 
  custom:video-decoder-ogg-theora: a1e56fd34408186e4bbccfd4996cb3dc -> 
  custom:CustomObjectIndexerAttribute: 62b5816608c3102f162a1797e29626cf -> 
  custom:scripting/monoscript/fileName/TilesTemplateCollection.cs: 1323639491948449d899f7c3d116358a -> 9b97b84b558d043388e687408423c9fa
  custom:container-demuxer-webm: 4f35f7cbe854078d1ac9338744f61a02 -> 
  custom:container-muxer-webm: aa71ff27fc2769a1b78a27578f13a17b -> 
  custom:scripting/monoscript/fileName/CellGroundTemplateCollection.cs: 3862488741336215d595b160b6ea7dd6 -> 
  custom:video-decoder-webm-vp8: 9c59270c3fd7afecdb556c50c9e8de78 -> 
  custom:SearchIndexIgnoredProperties: e643bd26f0fe6173181afceb89e7c659 -> 
  custom:AudioImporter_EditorPlatform: 3918e3fc78b5a79bad01e8451be0beb8 -> 
  custom:framework-osx-AVFoundation: e770b220cccbd017edd2c1fefb359320 -> 
  custom:scripting/monoscript/fileName/TileTemplate.cs: da25af36d628451bcf3c197eba2f7e2a -> 5d21bd9ae0ebd364cdee84e2580ef8dd
  custom:video-encoder-webm-vp8: eb34c28f22e8b96e1ab97ce403110664 -> 
  custom:scripting/monoscript/fileName/TileFactory.cs: ec394443d0a33a6c7d3ef14c340be7b9 -> f53edab2a63a3682e8af0038a4208fb8
  custom:audio-decoder-ogg-vorbis: bf7c407c2cedff20999df2af8eb42d56 -> 
  custom:audio-encoder-webm-vorbis: bf7c407c2cedff20999df2af8eb42d56 -> 
========================================================================
Received Prepare
Begin MonoManager ReloadAssembly
Thread 0x28fd87000 may have been prematurely finalized
- Loaded All Assemblies, in  0.356 seconds
Refreshing native plugins compatible for Editor in 1.41 ms, found 2 plugins.
Native extension for WindowsStandalone target not found
Native extension for iOS target not found
Native extension for Android target not found
Native extension for OSXStandalone target not found
[Package Manager] Server::EnsureServerProcessIsRunning -- launch failed, reason: Unity was launched with the -noUpm command-line argument
[Package Manager] UpmClient::Send -- Unable to send message (not connected to UPM process).
[Package Manager] Cannot connect to Unity Package Manager local server
Mono: successfully reloaded assembly
- Finished resetting the current domain, in  1.156 seconds
Domain Reload Profiling: 1513ms
	BeginReloadAssembly (108ms)
		ExecutionOrderSort (0ms)
		DisableScriptedObjects (5ms)
		BackupInstance (0ms)
		ReleaseScriptingObjects (0ms)
		CreateAndSetChildDomain (48ms)
	RebuildCommonClasses (25ms)
	RebuildNativeTypeToScriptingClass (8ms)
	initialDomainReloadingComplete (31ms)
	LoadAllAssembliesAndSetupDomain (185ms)
		LoadAssemblies (173ms)
		RebuildTransferFunctionScriptingTraits (0ms)
		AnalyzeDomain (38ms)
			TypeCache.Refresh (10ms)
				TypeCache.ScanAssembly (2ms)
			ScanForSourceGeneratedMonoScriptInfo (19ms)
			ResolveRequiredComponents (10ms)
	FinalizeReload (1156ms)
		ReleaseScriptCaches (0ms)
		RebuildScriptCaches (0ms)
		SetupLoadedEditorAssemblies (498ms)
			LogAssemblyErrors (0ms)
			InitializePlatformSupportModulesInManaged (25ms)
			SetLoadedEditorAssemblies (3ms)
			RefreshPlugins (0ms)
			BeforeProcessingInitializeOnLoad (58ms)
			ProcessInitializeOnLoadAttributes (376ms)
			ProcessInitializeOnLoadMethodAttributes (36ms)
			AfterProcessingInitializeOnLoad (1ms)
			EditorAssembliesLoaded (0ms)
		ExecutionOrderSort2 (0ms)
		AwakeInstancesAfterBackupRestoration (16ms)
Refreshing native plugins compatible for Editor in 1.40 ms, found 2 plugins.
Preloading 0 native plugins for Editor in 0.00 ms.
Unloading 5404 Unused Serialized files (Serialized files now loaded: 0)
Unloading 59 unused Assets / (390.7 KB). Loaded Objects now: 6499.
Memory consumption went from 492.8 MB to 492.5 MB.
Total: 12.663250 ms (FindLiveObjects: 0.174417 ms CreateObjectMapping: 0.064625 ms MarkObjects: 12.286125 ms  DeleteObjects: 0.137625 ms)

Prepare: number of updated asset objects reloaded= 0
AssetImportParameters requested are different than current active one (requested -> active):
  custom:scripting/monoscript/fileName/CellGroundTemplate.cs: 23fbc9fe88d5d29d8afe1941fe612534 -> 
  custom:container-demuxer-ogg: 62fdf1f143b41e24485cea50d1cbac27 -> 
  custom:video-decoder-ogg-theora: a1e56fd34408186e4bbccfd4996cb3dc -> 
  custom:CustomObjectIndexerAttribute: 62b5816608c3102f162a1797e29626cf -> 
  custom:scripting/monoscript/fileName/TilesTemplateCollection.cs: 1323639491948449d899f7c3d116358a -> 9b97b84b558d043388e687408423c9fa
  custom:container-demuxer-webm: 4f35f7cbe854078d1ac9338744f61a02 -> 
  custom:container-muxer-webm: aa71ff27fc2769a1b78a27578f13a17b -> 
  custom:scripting/monoscript/fileName/CellGroundTemplateCollection.cs: 3862488741336215d595b160b6ea7dd6 -> 
  custom:video-decoder-webm-vp8: 9c59270c3fd7afecdb556c50c9e8de78 -> 
  custom:SearchIndexIgnoredProperties: e643bd26f0fe6173181afceb89e7c659 -> 
  custom:AudioImporter_EditorPlatform: 3918e3fc78b5a79bad01e8451be0beb8 -> 
  custom:framework-osx-AVFoundation: e770b220cccbd017edd2c1fefb359320 -> 
  custom:scripting/monoscript/fileName/TileTemplate.cs: da25af36d628451bcf3c197eba2f7e2a -> 5d21bd9ae0ebd364cdee84e2580ef8dd
  custom:video-encoder-webm-vp8: eb34c28f22e8b96e1ab97ce403110664 -> 
  custom:scripting/monoscript/fileName/TileFactory.cs: ec394443d0a33a6c7d3ef14c340be7b9 -> f53edab2a63a3682e8af0038a4208fb8
  custom:audio-decoder-ogg-vorbis: bf7c407c2cedff20999df2af8eb42d56 -> 
  custom:audio-encoder-webm-vorbis: bf7c407c2cedff20999df2af8eb42d56 -> 
========================================================================
Received Prepare
Begin MonoManager ReloadAssembly
Thread 0x28fe57000 may have been prematurely finalized
- Loaded All Assemblies, in  0.304 seconds
Refreshing native plugins compatible for Editor in 1.43 ms, found 2 plugins.
Native extension for WindowsStandalone target not found
Native extension for iOS target not found
Native extension for Android target not found
Native extension for OSXStandalone target not found
[Package Manager] Server::EnsureServerProcessIsRunning -- launch failed, reason: Unity was launched with the -noUpm command-line argument
[Package Manager] UpmClient::Send -- Unable to send message (not connected to UPM process).
[Package Manager] Cannot connect to Unity Package Manager local server
Mono: successfully reloaded assembly
- Finished resetting the current domain, in  1.133 seconds
Domain Reload Profiling: 1438ms
	BeginReloadAssembly (94ms)
		ExecutionOrderSort (0ms)
		DisableScriptedObjects (4ms)
		BackupInstance (0ms)
		ReleaseScriptingObjects (0ms)
		CreateAndSetChildDomain (40ms)
	RebuildCommonClasses (20ms)
	RebuildNativeTypeToScriptingClass (7ms)
	initialDomainReloadingComplete (13ms)
	LoadAllAssembliesAndSetupDomain (171ms)
		LoadAssemblies (182ms)
		RebuildTransferFunctionScriptingTraits (0ms)
		AnalyzeDomain (15ms)
			TypeCache.Refresh (6ms)
				TypeCache.ScanAssembly (0ms)
			ScanForSourceGeneratedMonoScriptInfo (0ms)
			ResolveRequiredComponents (8ms)
	FinalizeReload (1133ms)
		ReleaseScriptCaches (0ms)
		RebuildScriptCaches (0ms)
		SetupLoadedEditorAssemblies (547ms)
			LogAssemblyErrors (0ms)
			InitializePlatformSupportModulesInManaged (25ms)
			SetLoadedEditorAssemblies (3ms)
			RefreshPlugins (0ms)
			BeforeProcessingInitializeOnLoad (59ms)
			ProcessInitializeOnLoadAttributes (414ms)
			ProcessInitializeOnLoadMethodAttributes (46ms)
			AfterProcessingInitializeOnLoad (1ms)
			EditorAssembliesLoaded (0ms)
		ExecutionOrderSort2 (0ms)
		AwakeInstancesAfterBackupRestoration (19ms)
Refreshing native plugins compatible for Editor in 1.55 ms, found 2 plugins.
Preloading 0 native plugins for Editor in 0.00 ms.
Unloading 5404 Unused Serialized files (Serialized files now loaded: 0)
Unloading 59 unused Assets / (391.4 KB). Loaded Objects now: 6503.
Memory consumption went from 504.5 MB to 504.1 MB.
Total: 14.733209 ms (FindLiveObjects: 0.191417 ms CreateObjectMapping: 0.055250 ms MarkObjects: 14.313917 ms  DeleteObjects: 0.171583 ms)

Prepare: number of updated asset objects reloaded= 0
AssetImportParameters requested are different than current active one (requested -> active):
  custom:scripting/monoscript/fileName/CellGroundTemplate.cs: 23fbc9fe88d5d29d8afe1941fe612534 -> 
  custom:container-demuxer-ogg: 62fdf1f143b41e24485cea50d1cbac27 -> 
  custom:video-decoder-ogg-theora: a1e56fd34408186e4bbccfd4996cb3dc -> 
  custom:CustomObjectIndexerAttribute: 62b5816608c3102f162a1797e29626cf -> 
  custom:scripting/monoscript/fileName/TilesTemplateCollection.cs: 1323639491948449d899f7c3d116358a -> 9b97b84b558d043388e687408423c9fa
  custom:container-demuxer-webm: 4f35f7cbe854078d1ac9338744f61a02 -> 
  custom:container-muxer-webm: aa71ff27fc2769a1b78a27578f13a17b -> 
  custom:scripting/monoscript/fileName/CellGroundTemplateCollection.cs: 3862488741336215d595b160b6ea7dd6 -> 
  custom:video-decoder-webm-vp8: 9c59270c3fd7afecdb556c50c9e8de78 -> 
  custom:SearchIndexIgnoredProperties: e643bd26f0fe6173181afceb89e7c659 -> 
  custom:AudioImporter_EditorPlatform: 3918e3fc78b5a79bad01e8451be0beb8 -> 
  custom:framework-osx-AVFoundation: e770b220cccbd017edd2c1fefb359320 -> 
  custom:scripting/monoscript/fileName/TileTemplate.cs: da25af36d628451bcf3c197eba2f7e2a -> 5d21bd9ae0ebd364cdee84e2580ef8dd
  custom:video-encoder-webm-vp8: eb34c28f22e8b96e1ab97ce403110664 -> 
  custom:scripting/monoscript/fileName/TileFactory.cs: ec394443d0a33a6c7d3ef14c340be7b9 -> f53edab2a63a3682e8af0038a4208fb8
  custom:audio-decoder-ogg-vorbis: bf7c407c2cedff20999df2af8eb42d56 -> 
  custom:audio-encoder-webm-vorbis: bf7c407c2cedff20999df2af8eb42d56 -> 
========================================================================
Received Prepare
Begin MonoManager ReloadAssembly
Thread 0x28fd87000 may have been prematurely finalized
- Loaded All Assemblies, in  0.355 seconds
Refreshing native plugins compatible for Editor in 2.21 ms, found 2 plugins.
Native extension for WindowsStandalone target not found
Native extension for iOS target not found
Native extension for Android target not found
Native extension for OSXStandalone target not found
[Package Manager] Server::EnsureServerProcessIsRunning -- launch failed, reason: Unity was launched with the -noUpm command-line argument
[Package Manager] UpmClient::Send -- Unable to send message (not connected to UPM process).
[Package Manager] Cannot connect to Unity Package Manager local server
Mono: successfully reloaded assembly
- Finished resetting the current domain, in  1.023 seconds
Domain Reload Profiling: 1378ms
	BeginReloadAssembly (114ms)
		ExecutionOrderSort (0ms)
		DisableScriptedObjects (8ms)
		BackupInstance (0ms)
		ReleaseScriptingObjects (0ms)
		CreateAndSetChildDomain (52ms)
	RebuildCommonClasses (23ms)
	RebuildNativeTypeToScriptingClass (8ms)
	initialDomainReloadingComplete (21ms)
	LoadAllAssembliesAndSetupDomain (189ms)
		LoadAssemblies (167ms)
		RebuildTransferFunctionScriptingTraits (0ms)
		AnalyzeDomain (49ms)
			TypeCache.Refresh (11ms)
				TypeCache.ScanAssembly (2ms)
			ScanForSourceGeneratedMonoScriptInfo (26ms)
			ResolveRequiredComponents (11ms)
	FinalizeReload (1023ms)
		ReleaseScriptCaches (0ms)
		RebuildScriptCaches (0ms)
		SetupLoadedEditorAssemblies (450ms)
			LogAssemblyErrors (0ms)
			InitializePlatformSupportModulesInManaged (17ms)
			SetLoadedEditorAssemblies (3ms)
			RefreshPlugins (0ms)
			BeforeProcessingInitializeOnLoad (51ms)
			ProcessInitializeOnLoadAttributes (343ms)
			ProcessInitializeOnLoadMethodAttributes (36ms)
			AfterProcessingInitializeOnLoad (1ms)
			EditorAssembliesLoaded (0ms)
		ExecutionOrderSort2 (0ms)
		AwakeInstancesAfterBackupRestoration (16ms)
Refreshing native plugins compatible for Editor in 1.46 ms, found 2 plugins.
Preloading 0 native plugins for Editor in 0.00 ms.
Unloading 5404 Unused Serialized files (Serialized files now loaded: 0)
Unloading 59 unused Assets / (391.5 KB). Loaded Objects now: 6507.
Memory consumption went from 0.50 GB to 0.50 GB.
Total: 12.752625 ms (FindLiveObjects: 0.184833 ms CreateObjectMapping: 0.054375 ms MarkObjects: 12.377625 ms  DeleteObjects: 0.135291 ms)

Prepare: number of updated asset objects reloaded= 0
AssetImportParameters requested are different than current active one (requested -> active):
  custom:scripting/monoscript/fileName/CellGroundTemplate.cs: 23fbc9fe88d5d29d8afe1941fe612534 -> 
  custom:container-demuxer-ogg: 62fdf1f143b41e24485cea50d1cbac27 -> 
  custom:video-decoder-ogg-theora: a1e56fd34408186e4bbccfd4996cb3dc -> 
  custom:CustomObjectIndexerAttribute: 62b5816608c3102f162a1797e29626cf -> 
  custom:scripting/monoscript/fileName/TilesTemplateCollection.cs: 1323639491948449d899f7c3d116358a -> 9b97b84b558d043388e687408423c9fa
  custom:container-demuxer-webm: 4f35f7cbe854078d1ac9338744f61a02 -> 
  custom:container-muxer-webm: aa71ff27fc2769a1b78a27578f13a17b -> 
  custom:scripting/monoscript/fileName/CellGroundTemplateCollection.cs: 3862488741336215d595b160b6ea7dd6 -> 
  custom:video-decoder-webm-vp8: 9c59270c3fd7afecdb556c50c9e8de78 -> 
  custom:SearchIndexIgnoredProperties: e643bd26f0fe6173181afceb89e7c659 -> 
  custom:AudioImporter_EditorPlatform: 3918e3fc78b5a79bad01e8451be0beb8 -> 
  custom:framework-osx-AVFoundation: e770b220cccbd017edd2c1fefb359320 -> 
  custom:scripting/monoscript/fileName/TileTemplate.cs: da25af36d628451bcf3c197eba2f7e2a -> 5d21bd9ae0ebd364cdee84e2580ef8dd
  custom:video-encoder-webm-vp8: eb34c28f22e8b96e1ab97ce403110664 -> 
  custom:scripting/monoscript/fileName/TileFactory.cs: ec394443d0a33a6c7d3ef14c340be7b9 -> f53edab2a63a3682e8af0038a4208fb8
  custom:audio-decoder-ogg-vorbis: bf7c407c2cedff20999df2af8eb42d56 -> 
  custom:audio-encoder-webm-vorbis: bf7c407c2cedff20999df2af8eb42d56 -> 
========================================================================
Received Prepare
Begin MonoManager ReloadAssembly
Thread 0x28fd87000 may have been prematurely finalized
- Loaded All Assemblies, in  0.236 seconds
Refreshing native plugins compatible for Editor in 1.46 ms, found 2 plugins.
Native extension for WindowsStandalone target not found
Native extension for iOS target not found
Native extension for Android target not found
Native extension for OSXStandalone target not found
[Package Manager] Server::EnsureServerProcessIsRunning -- launch failed, reason: Unity was launched with the -noUpm command-line argument
[Package Manager] UpmClient::Send -- Unable to send message (not connected to UPM process).
[Package Manager] Cannot connect to Unity Package Manager local server
Mono: successfully reloaded assembly
- Finished resetting the current domain, in  0.672 seconds
Domain Reload Profiling: 909ms
	BeginReloadAssembly (88ms)
		ExecutionOrderSort (0ms)
		DisableScriptedObjects (4ms)
		BackupInstance (0ms)
		ReleaseScriptingObjects (0ms)
		CreateAndSetChildDomain (37ms)
	RebuildCommonClasses (20ms)
	RebuildNativeTypeToScriptingClass (7ms)
	initialDomainReloadingComplete (12ms)
	LoadAllAssembliesAndSetupDomain (110ms)
		LoadAssemblies (121ms)
		RebuildTransferFunctionScriptingTraits (0ms)
		AnalyzeDomain (13ms)
			TypeCache.Refresh (5ms)
				TypeCache.ScanAssembly (0ms)
			ScanForSourceGeneratedMonoScriptInfo (0ms)
			ResolveRequiredComponents (8ms)
	FinalizeReload (672ms)
		ReleaseScriptCaches (0ms)
		RebuildScriptCaches (0ms)
		SetupLoadedEditorAssemblies (459ms)
			LogAssemblyErrors (0ms)
			InitializePlatformSupportModulesInManaged (16ms)
			SetLoadedEditorAssemblies (2ms)
			RefreshPlugins (0ms)
			BeforeProcessingInitializeOnLoad (50ms)
			ProcessInitializeOnLoadAttributes (352ms)
			ProcessInitializeOnLoadMethodAttributes (37ms)
			AfterProcessingInitializeOnLoad (1ms)
			EditorAssembliesLoaded (0ms)
		ExecutionOrderSort2 (0ms)
		AwakeInstancesAfterBackupRestoration (17ms)
Refreshing native plugins compatible for Editor in 1.59 ms, found 2 plugins.
Preloading 0 native plugins for Editor in 0.00 ms.
Unloading 5404 Unused Serialized files (Serialized files now loaded: 0)
Unloading 59 unused Assets / (391.7 KB). Loaded Objects now: 6511.
Memory consumption went from 0.51 GB to 0.51 GB.
Total: 14.314584 ms (FindLiveObjects: 0.279541 ms CreateObjectMapping: 0.074334 ms MarkObjects: 13.815375 ms  DeleteObjects: 0.145000 ms)

Prepare: number of updated asset objects reloaded= 0
AssetImportParameters requested are different than current active one (requested -> active):
  custom:scripting/monoscript/fileName/CellGroundTemplate.cs: 23fbc9fe88d5d29d8afe1941fe612534 -> 
  custom:container-demuxer-ogg: 62fdf1f143b41e24485cea50d1cbac27 -> 
  custom:video-decoder-ogg-theora: a1e56fd34408186e4bbccfd4996cb3dc -> 
  custom:CustomObjectIndexerAttribute: 62b5816608c3102f162a1797e29626cf -> 
  custom:scripting/monoscript/fileName/TilesTemplateCollection.cs: 1323639491948449d899f7c3d116358a -> 9b97b84b558d043388e687408423c9fa
  custom:container-demuxer-webm: 4f35f7cbe854078d1ac9338744f61a02 -> 
  custom:container-muxer-webm: aa71ff27fc2769a1b78a27578f13a17b -> 
  custom:scripting/monoscript/fileName/CellGroundTemplateCollection.cs: 3862488741336215d595b160b6ea7dd6 -> 
  custom:video-decoder-webm-vp8: 9c59270c3fd7afecdb556c50c9e8de78 -> 
  custom:SearchIndexIgnoredProperties: e643bd26f0fe6173181afceb89e7c659 -> 
  custom:AudioImporter_EditorPlatform: 3918e3fc78b5a79bad01e8451be0beb8 -> 
  custom:framework-osx-AVFoundation: e770b220cccbd017edd2c1fefb359320 -> 
  custom:scripting/monoscript/fileName/TileTemplate.cs: da25af36d628451bcf3c197eba2f7e2a -> 5d21bd9ae0ebd364cdee84e2580ef8dd
  custom:video-encoder-webm-vp8: eb34c28f22e8b96e1ab97ce403110664 -> 
  custom:scripting/monoscript/fileName/TileFactory.cs: ec394443d0a33a6c7d3ef14c340be7b9 -> f53edab2a63a3682e8af0038a4208fb8
  custom:audio-decoder-ogg-vorbis: bf7c407c2cedff20999df2af8eb42d56 -> 
  custom:audio-encoder-webm-vorbis: bf7c407c2cedff20999df2af8eb42d56 -> 
========================================================================
Received Import Request.
  Time since last request: 396.845176 seconds.
  path: Assets/Prefabs/Tiles/building-archery.prefab
  artifactKey: Guid(f042f443ca2cf4798b88ad8251a9a8ef) Importer(815301076,1909f56bfc062723c751e8b465ee728b)
Start importing Assets/Prefabs/Tiles/building-archery.prefab using Guid(f042f443ca2cf4798b88ad8251a9a8ef) Importer(815301076,1909f56bfc062723c751e8b465ee728b)  -> (artifact id: '4dd2698d7e11668f074e0b16fd7075a1') in 0.362327 seconds
Number of updated asset objects reloaded before import = 0
Number of asset objects unloaded after import = 37
========================================================================
Received Prepare
Begin MonoManager ReloadAssembly
Thread 0x28fd87000 may have been prematurely finalized
- Loaded All Assemblies, in  0.406 seconds
Refreshing native plugins compatible for Editor in 1.37 ms, found 2 plugins.
Native extension for WindowsStandalone target not found
Native extension for iOS target not found
Native extension for Android target not found
Native extension for OSXStandalone target not found
[Package Manager] Server::EnsureServerProcessIsRunning -- launch failed, reason: Unity was launched with the -noUpm command-line argument
[Package Manager] UpmClient::Send -- Unable to send message (not connected to UPM process).
[Package Manager] Cannot connect to Unity Package Manager local server
Mono: successfully reloaded assembly
- Finished resetting the current domain, in  0.998 seconds
Domain Reload Profiling: 1404ms
	BeginReloadAssembly (168ms)
		ExecutionOrderSort (0ms)
		DisableScriptedObjects (9ms)
		BackupInstance (0ms)
		ReleaseScriptingObjects (0ms)
		CreateAndSetChildDomain (67ms)
	RebuildCommonClasses (23ms)
	RebuildNativeTypeToScriptingClass (7ms)
	initialDomainReloadingComplete (14ms)
	LoadAllAssembliesAndSetupDomain (195ms)
		LoadAssemblies (224ms)
		RebuildTransferFunctionScriptingTraits (0ms)
		AnalyzeDomain (34ms)
			TypeCache.Refresh (9ms)
				TypeCache.ScanAssembly (2ms)
			ScanForSourceGeneratedMonoScriptInfo (17ms)
			ResolveRequiredComponents (7ms)
	FinalizeReload (998ms)
		ReleaseScriptCaches (0ms)
		RebuildScriptCaches (0ms)
		SetupLoadedEditorAssemblies (456ms)
			LogAssemblyErrors (0ms)
			InitializePlatformSupportModulesInManaged (19ms)
			SetLoadedEditorAssemblies (3ms)
			RefreshPlugins (0ms)
			BeforeProcessingInitializeOnLoad (54ms)
			ProcessInitializeOnLoadAttributes (344ms)
			ProcessInitializeOnLoadMethodAttributes (36ms)
			AfterProcessingInitializeOnLoad (1ms)
			EditorAssembliesLoaded (0ms)
		ExecutionOrderSort2 (0ms)
		AwakeInstancesAfterBackupRestoration (16ms)
Refreshing native plugins compatible for Editor in 1.55 ms, found 2 plugins.
Preloading 0 native plugins for Editor in 0.00 ms.
Unloading 5404 Unused Serialized files (Serialized files now loaded: 0)
Unloading 60 unused Assets / (392.4 KB). Loaded Objects now: 6551.
Memory consumption went from 0.53 GB to 0.53 GB.
Total: 12.808583 ms (FindLiveObjects: 0.174250 ms CreateObjectMapping: 0.058666 ms MarkObjects: 12.434292 ms  DeleteObjects: 0.140875 ms)

Prepare: number of updated asset objects reloaded= 0
AssetImportParameters requested are different than current active one (requested -> active):
  custom:scripting/monoscript/fileName/CellGroundTemplate.cs: 23fbc9fe88d5d29d8afe1941fe612534 -> 
  custom:container-demuxer-ogg: 62fdf1f143b41e24485cea50d1cbac27 -> 
  custom:video-decoder-ogg-theora: a1e56fd34408186e4bbccfd4996cb3dc -> 
  custom:CustomObjectIndexerAttribute: 62b5816608c3102f162a1797e29626cf -> 
  custom:scripting/monoscript/fileName/TilesTemplateCollection.cs: 1323639491948449d899f7c3d116358a -> 9b97b84b558d043388e687408423c9fa
  custom:container-demuxer-webm: 4f35f7cbe854078d1ac9338744f61a02 -> 
  custom:container-muxer-webm: aa71ff27fc2769a1b78a27578f13a17b -> 
  custom:scripting/monoscript/fileName/CellGroundTemplateCollection.cs: 3862488741336215d595b160b6ea7dd6 -> 
  custom:video-decoder-webm-vp8: 9c59270c3fd7afecdb556c50c9e8de78 -> 
  custom:SearchIndexIgnoredProperties: e643bd26f0fe6173181afceb89e7c659 -> 
  custom:AudioImporter_EditorPlatform: 3918e3fc78b5a79bad01e8451be0beb8 -> 
  custom:framework-osx-AVFoundation: e770b220cccbd017edd2c1fefb359320 -> 
  custom:scripting/monoscript/fileName/TileTemplate.cs: da25af36d628451bcf3c197eba2f7e2a -> 5d21bd9ae0ebd364cdee84e2580ef8dd
  custom:video-encoder-webm-vp8: eb34c28f22e8b96e1ab97ce403110664 -> 
  custom:scripting/monoscript/fileName/TileFactory.cs: ec394443d0a33a6c7d3ef14c340be7b9 -> f53edab2a63a3682e8af0038a4208fb8
  custom:audio-decoder-ogg-vorbis: bf7c407c2cedff20999df2af8eb42d56 -> 
  custom:audio-encoder-webm-vorbis: bf7c407c2cedff20999df2af8eb42d56 -> 
========================================================================
Received Prepare
Begin MonoManager ReloadAssembly
Thread 0x28fd87000 may have been prematurely finalized
- Loaded All Assemblies, in  0.414 seconds
Refreshing native plugins compatible for Editor in 1.46 ms, found 2 plugins.
Native extension for WindowsStandalone target not found
Native extension for iOS target not found
Native extension for Android target not found
Native extension for OSXStandalone target not found
[Package Manager] Server::EnsureServerProcessIsRunning -- launch failed, reason: Unity was launched with the -noUpm command-line argument
[Package Manager] UpmClient::Send -- Unable to send message (not connected to UPM process).
[Package Manager] Cannot connect to Unity Package Manager local server
Mono: successfully reloaded assembly
- Finished resetting the current domain, in  1.043 seconds
Domain Reload Profiling: 1457ms
	BeginReloadAssembly (133ms)
		ExecutionOrderSort (0ms)
		DisableScriptedObjects (5ms)
		BackupInstance (0ms)
		ReleaseScriptingObjects (0ms)
		CreateAndSetChildDomain (71ms)
	RebuildCommonClasses (23ms)
	RebuildNativeTypeToScriptingClass (7ms)
	initialDomainReloadingComplete (28ms)
	LoadAllAssembliesAndSetupDomain (222ms)
		LoadAssemblies (210ms)
		RebuildTransferFunctionScriptingTraits (0ms)
		AnalyzeDomain (42ms)
			TypeCache.Refresh (17ms)
				TypeCache.ScanAssembly (2ms)
			ScanForSourceGeneratedMonoScriptInfo (17ms)
			ResolveRequiredComponents (8ms)
	FinalizeReload (1043ms)
		ReleaseScriptCaches (0ms)
		RebuildScriptCaches (0ms)
		SetupLoadedEditorAssemblies (476ms)
			LogAssemblyErrors (0ms)
			InitializePlatformSupportModulesInManaged (44ms)
			SetLoadedEditorAssemblies (3ms)
			RefreshPlugins (0ms)
			BeforeProcessingInitializeOnLoad (51ms)
			ProcessInitializeOnLoadAttributes (343ms)
			ProcessInitializeOnLoadMethodAttributes (35ms)
			AfterProcessingInitializeOnLoad (1ms)
			EditorAssembliesLoaded (0ms)
		ExecutionOrderSort2 (0ms)
		AwakeInstancesAfterBackupRestoration (17ms)
Refreshing native plugins compatible for Editor in 1.43 ms, found 2 plugins.
Preloading 0 native plugins for Editor in 0.00 ms.
Unloading 5404 Unused Serialized files (Serialized files now loaded: 0)
Unloading 59 unused Assets / (391.6 KB). Loaded Objects now: 6555.
Memory consumption went from 0.54 GB to 0.54 GB.
Total: 12.610750 ms (FindLiveObjects: 0.188291 ms CreateObjectMapping: 0.070042 ms MarkObjects: 12.214917 ms  DeleteObjects: 0.137125 ms)

Prepare: number of updated asset objects reloaded= 0
AssetImportParameters requested are different than current active one (requested -> active):
  custom:scripting/monoscript/fileName/CellGroundTemplate.cs: 23fbc9fe88d5d29d8afe1941fe612534 -> 
  custom:container-demuxer-ogg: 62fdf1f143b41e24485cea50d1cbac27 -> 
  custom:video-decoder-ogg-theora: a1e56fd34408186e4bbccfd4996cb3dc -> 
  custom:CustomObjectIndexerAttribute: 62b5816608c3102f162a1797e29626cf -> 
  custom:scripting/monoscript/fileName/TilesTemplateCollection.cs: 1323639491948449d899f7c3d116358a -> 9b97b84b558d043388e687408423c9fa
  custom:container-demuxer-webm: 4f35f7cbe854078d1ac9338744f61a02 -> 
  custom:container-muxer-webm: aa71ff27fc2769a1b78a27578f13a17b -> 
  custom:scripting/monoscript/fileName/CellGroundTemplateCollection.cs: 3862488741336215d595b160b6ea7dd6 -> 
  custom:video-decoder-webm-vp8: 9c59270c3fd7afecdb556c50c9e8de78 -> 
  custom:SearchIndexIgnoredProperties: e643bd26f0fe6173181afceb89e7c659 -> 
  custom:AudioImporter_EditorPlatform: 3918e3fc78b5a79bad01e8451be0beb8 -> 
  custom:framework-osx-AVFoundation: e770b220cccbd017edd2c1fefb359320 -> 
  custom:scripting/monoscript/fileName/TileTemplate.cs: da25af36d628451bcf3c197eba2f7e2a -> 5d21bd9ae0ebd364cdee84e2580ef8dd
  custom:video-encoder-webm-vp8: eb34c28f22e8b96e1ab97ce403110664 -> 
  custom:scripting/monoscript/fileName/TileFactory.cs: ec394443d0a33a6c7d3ef14c340be7b9 -> f53edab2a63a3682e8af0038a4208fb8
  custom:audio-decoder-ogg-vorbis: bf7c407c2cedff20999df2af8eb42d56 -> 
  custom:audio-encoder-webm-vorbis: bf7c407c2cedff20999df2af8eb42d56 -> 
========================================================================
Received Prepare
Begin MonoManager ReloadAssembly
Thread 0x17f31f000 may have been prematurely finalized
- Loaded All Assemblies, in  0.863 seconds
Refreshing native plugins compatible for Editor in 1.99 ms, found 2 plugins.
Native extension for WindowsStandalone target not found
Native extension for iOS target not found
Native extension for Android target not found
Native extension for OSXStandalone target not found
[Package Manager] Server::EnsureServerProcessIsRunning -- launch failed, reason: Unity was launched with the -noUpm command-line argument
[Package Manager] UpmClient::Send -- Unable to send message (not connected to UPM process).
[Package Manager] Cannot connect to Unity Package Manager local server
Mono: successfully reloaded assembly
- Finished resetting the current domain, in  1.321 seconds
Domain Reload Profiling: 2187ms
	BeginReloadAssembly (336ms)
		ExecutionOrderSort (0ms)
		DisableScriptedObjects (10ms)
		BackupInstance (0ms)
		ReleaseScriptingObjects (1ms)
		CreateAndSetChildDomain (252ms)
	RebuildCommonClasses (35ms)
	RebuildNativeTypeToScriptingClass (8ms)
	initialDomainReloadingComplete (20ms)
	LoadAllAssembliesAndSetupDomain (467ms)
		LoadAssemblies (437ms)
		RebuildTransferFunctionScriptingTraits (0ms)
		AnalyzeDomain (66ms)
			TypeCache.Refresh (26ms)
				TypeCache.ScanAssembly (4ms)
			ScanForSourceGeneratedMonoScriptInfo (27ms)
			ResolveRequiredComponents (12ms)
	FinalizeReload (1321ms)
		ReleaseScriptCaches (0ms)
		RebuildScriptCaches (0ms)
		SetupLoadedEditorAssemblies (490ms)
			LogAssemblyErrors (0ms)
			InitializePlatformSupportModulesInManaged (22ms)
			SetLoadedEditorAssemblies (3ms)
			RefreshPlugins (0ms)
			BeforeProcessingInitializeOnLoad (56ms)
			ProcessInitializeOnLoadAttributes (371ms)
			ProcessInitializeOnLoadMethodAttributes (37ms)
			AfterProcessingInitializeOnLoad (1ms)
			EditorAssembliesLoaded (0ms)
		ExecutionOrderSort2 (0ms)
		AwakeInstancesAfterBackupRestoration (16ms)
Refreshing native plugins compatible for Editor in 1.55 ms, found 2 plugins.
Preloading 0 native plugins for Editor in 0.00 ms.
Unloading 5404 Unused Serialized files (Serialized files now loaded: 0)
Unloading 59 unused Assets / (390.3 KB). Loaded Objects now: 6559.
Memory consumption went from 0.55 GB to 0.55 GB.
Total: 13.322458 ms (FindLiveObjects: 0.196375 ms CreateObjectMapping: 0.058083 ms MarkObjects: 12.915500 ms  DeleteObjects: 0.151875 ms)

Prepare: number of updated asset objects reloaded= 0
AssetImportParameters requested are different than current active one (requested -> active):
  custom:scripting/monoscript/fileName/CellGroundTemplate.cs: 23fbc9fe88d5d29d8afe1941fe612534 -> 
  custom:container-demuxer-ogg: 62fdf1f143b41e24485cea50d1cbac27 -> 
  custom:video-decoder-ogg-theora: a1e56fd34408186e4bbccfd4996cb3dc -> 
  custom:CustomObjectIndexerAttribute: 62b5816608c3102f162a1797e29626cf -> 
  custom:scripting/monoscript/fileName/TilesTemplateCollection.cs: 1323639491948449d899f7c3d116358a -> 9b97b84b558d043388e687408423c9fa
  custom:container-demuxer-webm: 4f35f7cbe854078d1ac9338744f61a02 -> 
  custom:container-muxer-webm: aa71ff27fc2769a1b78a27578f13a17b -> 
  custom:scripting/monoscript/fileName/CellGroundTemplateCollection.cs: 3862488741336215d595b160b6ea7dd6 -> 
  custom:video-decoder-webm-vp8: 9c59270c3fd7afecdb556c50c9e8de78 -> 
  custom:SearchIndexIgnoredProperties: e643bd26f0fe6173181afceb89e7c659 -> 
  custom:AudioImporter_EditorPlatform: 3918e3fc78b5a79bad01e8451be0beb8 -> 
  custom:framework-osx-AVFoundation: e770b220cccbd017edd2c1fefb359320 -> 
  custom:scripting/monoscript/fileName/TileTemplate.cs: da25af36d628451bcf3c197eba2f7e2a -> 5d21bd9ae0ebd364cdee84e2580ef8dd
  custom:video-encoder-webm-vp8: eb34c28f22e8b96e1ab97ce403110664 -> 
  custom:scripting/monoscript/fileName/TileFactory.cs: ec394443d0a33a6c7d3ef14c340be7b9 -> f53edab2a63a3682e8af0038a4208fb8
  custom:audio-decoder-ogg-vorbis: bf7c407c2cedff20999df2af8eb42d56 -> 
  custom:audio-encoder-webm-vorbis: bf7c407c2cedff20999df2af8eb42d56 -> 
========================================================================
Received Import Request.
  Time since last request: 173.447697 seconds.
  path: Assets/Prefabs/Tiles/building-archery.prefab
  artifactKey: Guid(f042f443ca2cf4798b88ad8251a9a8ef) Importer(815301076,1909f56bfc062723c751e8b465ee728b)
Start importing Assets/Prefabs/Tiles/building-archery.prefab using Guid(f042f443ca2cf4798b88ad8251a9a8ef) Importer(815301076,1909f56bfc062723c751e8b465ee728b)  -> (artifact id: '6ce99cc0990055bba779c9cd7516cea2') in 0.250506 seconds
Number of updated asset objects reloaded before import = 0
Number of asset objects unloaded after import = 37
========================================================================
Received Prepare
Begin MonoManager ReloadAssembly
Thread 0x28fe13000 may have been prematurely finalized
- Loaded All Assemblies, in  0.404 seconds
Refreshing native plugins compatible for Editor in 2.70 ms, found 2 plugins.
Native extension for WindowsStandalone target not found
Native extension for iOS target not found
Native extension for Android target not found
Native extension for OSXStandalone target not found
[Package Manager] Server::EnsureServerProcessIsRunning -- launch failed, reason: Unity was launched with the -noUpm command-line argument
[Package Manager] UpmClient::Send -- Unable to send message (not connected to UPM process).
[Package Manager] Cannot connect to Unity Package Manager local server
Mono: successfully reloaded assembly
- Finished resetting the current domain, in  1.189 seconds
Domain Reload Profiling: 1593ms
	BeginReloadAssembly (126ms)
		ExecutionOrderSort (0ms)
		DisableScriptedObjects (9ms)
		BackupInstance (0ms)
		ReleaseScriptingObjects (0ms)
		CreateAndSetChildDomain (59ms)
	RebuildCommonClasses (21ms)
	RebuildNativeTypeToScriptingClass (7ms)
	initialDomainReloadingComplete (15ms)
	LoadAllAssembliesAndSetupDomain (234ms)
		LoadAssemblies (217ms)
		RebuildTransferFunctionScriptingTraits (0ms)
		AnalyzeDomain (45ms)
			TypeCache.Refresh (10ms)
				TypeCache.ScanAssembly (2ms)
			ScanForSourceGeneratedMonoScriptInfo (23ms)
			ResolveRequiredComponents (11ms)
	FinalizeReload (1189ms)
		ReleaseScriptCaches (0ms)
		RebuildScriptCaches (0ms)
		SetupLoadedEditorAssemblies (524ms)
			LogAssemblyErrors (0ms)
			InitializePlatformSupportModulesInManaged (20ms)
			SetLoadedEditorAssemblies (3ms)
			RefreshPlugins (0ms)
			BeforeProcessingInitializeOnLoad (56ms)
			ProcessInitializeOnLoadAttributes (404ms)
			ProcessInitializeOnLoadMethodAttributes (41ms)
			AfterProcessingInitializeOnLoad (1ms)
			EditorAssembliesLoaded (0ms)
		ExecutionOrderSort2 (0ms)
		AwakeInstancesAfterBackupRestoration (18ms)
Refreshing native plugins compatible for Editor in 1.52 ms, found 2 plugins.
Preloading 0 native plugins for Editor in 0.00 ms.
Unloading 5405 Unused Serialized files (Serialized files now loaded: 0)
Unloading 60 unused Assets / (391.4 KB). Loaded Objects now: 6600.
Memory consumption went from 0.57 GB to 0.57 GB.
Total: 14.304250 ms (FindLiveObjects: 0.220208 ms CreateObjectMapping: 0.059208 ms MarkObjects: 13.749084 ms  DeleteObjects: 0.275041 ms)

Prepare: number of updated asset objects reloaded= 0
AssetImportParameters requested are different than current active one (requested -> active):
  custom:scripting/monoscript/fileName/CellGroundTemplate.cs: 23fbc9fe88d5d29d8afe1941fe612534 -> 
  custom:container-demuxer-ogg: 62fdf1f143b41e24485cea50d1cbac27 -> 
  custom:video-decoder-ogg-theora: a1e56fd34408186e4bbccfd4996cb3dc -> 
  custom:CustomObjectIndexerAttribute: 62b5816608c3102f162a1797e29626cf -> 
  custom:scripting/monoscript/fileName/TilesTemplateCollection.cs: 1323639491948449d899f7c3d116358a -> 9b97b84b558d043388e687408423c9fa
  custom:container-demuxer-webm: 4f35f7cbe854078d1ac9338744f61a02 -> 
  custom:container-muxer-webm: aa71ff27fc2769a1b78a27578f13a17b -> 
  custom:scripting/monoscript/fileName/CellGroundTemplateCollection.cs: 3862488741336215d595b160b6ea7dd6 -> 
  custom:video-decoder-webm-vp8: 9c59270c3fd7afecdb556c50c9e8de78 -> 
  custom:SearchIndexIgnoredProperties: e643bd26f0fe6173181afceb89e7c659 -> 
  custom:AudioImporter_EditorPlatform: 3918e3fc78b5a79bad01e8451be0beb8 -> 
  custom:framework-osx-AVFoundation: e770b220cccbd017edd2c1fefb359320 -> 
  custom:scripting/monoscript/fileName/TileTemplate.cs: da25af36d628451bcf3c197eba2f7e2a -> 5d21bd9ae0ebd364cdee84e2580ef8dd
  custom:video-encoder-webm-vp8: eb34c28f22e8b96e1ab97ce403110664 -> 
  custom:scripting/monoscript/fileName/TileFactory.cs: ec394443d0a33a6c7d3ef14c340be7b9 -> f53edab2a63a3682e8af0038a4208fb8
  custom:audio-decoder-ogg-vorbis: bf7c407c2cedff20999df2af8eb42d56 -> 
  custom:audio-encoder-webm-vorbis: bf7c407c2cedff20999df2af8eb42d56 -> 
========================================================================
Received Import Request.
  Time since last request: 7.279139 seconds.
  path: Assets/Prefabs/Tiles/water.prefab
  artifactKey: Guid(81c1fe6450ee840baba6dd7893834904) Importer(815301076,1909f56bfc062723c751e8b465ee728b)
Start importing Assets/Prefabs/Tiles/water.prefab using Guid(81c1fe6450ee840baba6dd7893834904) Importer(815301076,1909f56bfc062723c751e8b465ee728b)  -> (artifact id: '20215fd90bc03ae7f1fa20b8a867d4d2') in 0.190345 seconds
Number of updated asset objects reloaded before import = 0
Number of asset objects unloaded after import = 37
========================================================================
Received Import Request.
  Time since last request: 0.000423 seconds.
  path: Assets/Prefabs/Tiles/building-mine.prefab
  artifactKey: Guid(9dc79ebe6b7a84f54bfc3706252044ad) Importer(815301076,1909f56bfc062723c751e8b465ee728b)
Start importing Assets/Prefabs/Tiles/building-mine.prefab using Guid(9dc79ebe6b7a84f54bfc3706252044ad) Importer(815301076,1909f56bfc062723c751e8b465ee728b)  -> (artifact id: 'e80ff5e9aee62a77010de6d72b652d24') in 0.010476 seconds
Number of updated asset objects reloaded before import = 0
Number of asset objects unloaded after import = 19
========================================================================
Received Import Request.
  Time since last request: 9.108205 seconds.
  path: Assets/Prefabs/Tiles/building-mine.prefab
  artifactKey: Guid(9dc79ebe6b7a84f54bfc3706252044ad) Importer(815301076,1909f56bfc062723c751e8b465ee728b)
Start importing Assets/Prefabs/Tiles/building-mine.prefab using Guid(9dc79ebe6b7a84f54bfc3706252044ad) Importer(815301076,1909f56bfc062723c751e8b465ee728b)  -> (artifact id: '6854b4ec3690d1101e1dc507ef803172') in 0.019176 seconds
Number of updated asset objects reloaded before import = 0
Number of asset objects unloaded after import = 20
========================================================================
Received Prepare
Begin MonoManager ReloadAssembly
Thread 0x28fe0f000 may have been prematurely finalized
- Loaded All Assemblies, in  0.486 seconds
Refreshing native plugins compatible for Editor in 3.90 ms, found 2 plugins.
Native extension for WindowsStandalone target not found
Native extension for iOS target not found
Native extension for Android target not found
Native extension for OSXStandalone target not found
[Package Manager] Server::EnsureServerProcessIsRunning -- launch failed, reason: Unity was launched with the -noUpm command-line argument
[Package Manager] UpmClient::Send -- Unable to send message (not connected to UPM process).
[Package Manager] Cannot connect to Unity Package Manager local server
Mono: successfully reloaded assembly
- Finished resetting the current domain, in  1.182 seconds
Domain Reload Profiling: 1669ms
	BeginReloadAssembly (128ms)
		ExecutionOrderSort (0ms)
		DisableScriptedObjects (14ms)
		BackupInstance (0ms)
		ReleaseScriptingObjects (0ms)
		CreateAndSetChildDomain (59ms)
	RebuildCommonClasses (22ms)
	RebuildNativeTypeToScriptingClass (8ms)
	initialDomainReloadingComplete (38ms)
	LoadAllAssembliesAndSetupDomain (291ms)
		LoadAssemblies (256ms)
		RebuildTransferFunctionScriptingTraits (0ms)
		AnalyzeDomain (63ms)
			TypeCache.Refresh (16ms)
				TypeCache.ScanAssembly (2ms)
			ScanForSourceGeneratedMonoScriptInfo (32ms)
			ResolveRequiredComponents (14ms)
	FinalizeReload (1183ms)
		ReleaseScriptCaches (0ms)
		RebuildScriptCaches (0ms)
		SetupLoadedEditorAssemblies (479ms)
			LogAssemblyErrors (0ms)
			InitializePlatformSupportModulesInManaged (19ms)
			SetLoadedEditorAssemblies (3ms)
			RefreshPlugins (0ms)
			BeforeProcessingInitializeOnLoad (54ms)
			ProcessInitializeOnLoadAttributes (368ms)
			ProcessInitializeOnLoadMethodAttributes (36ms)
			AfterProcessingInitializeOnLoad (1ms)
			EditorAssembliesLoaded (0ms)
		ExecutionOrderSort2 (0ms)
		AwakeInstancesAfterBackupRestoration (17ms)
Refreshing native plugins compatible for Editor in 1.50 ms, found 2 plugins.
Preloading 0 native plugins for Editor in 0.00 ms.
Unloading 5405 Unused Serialized files (Serialized files now loaded: 0)
Unloading 60 unused Assets / (392.3 KB). Loaded Objects now: 6640.
Memory consumption went from 0.58 GB to 0.58 GB.
Total: 12.802875 ms (FindLiveObjects: 0.178833 ms CreateObjectMapping: 0.057375 ms MarkObjects: 12.426000 ms  DeleteObjects: 0.139833 ms)

Prepare: number of updated asset objects reloaded= 0
AssetImportParameters requested are different than current active one (requested -> active):
  custom:scripting/monoscript/fileName/CellGroundTemplate.cs: 23fbc9fe88d5d29d8afe1941fe612534 -> 
  custom:container-demuxer-ogg: 62fdf1f143b41e24485cea50d1cbac27 -> 
  custom:video-decoder-ogg-theora: a1e56fd34408186e4bbccfd4996cb3dc -> 
  custom:CustomObjectIndexerAttribute: 62b5816608c3102f162a1797e29626cf -> 
  custom:scripting/monoscript/fileName/TilesTemplateCollection.cs: 1323639491948449d899f7c3d116358a -> 9b97b84b558d043388e687408423c9fa
  custom:container-demuxer-webm: 4f35f7cbe854078d1ac9338744f61a02 -> 
  custom:container-muxer-webm: aa71ff27fc2769a1b78a27578f13a17b -> 
  custom:scripting/monoscript/fileName/CellGroundTemplateCollection.cs: 3862488741336215d595b160b6ea7dd6 -> 
  custom:video-decoder-webm-vp8: 9c59270c3fd7afecdb556c50c9e8de78 -> 
  custom:SearchIndexIgnoredProperties: e643bd26f0fe6173181afceb89e7c659 -> 
  custom:AudioImporter_EditorPlatform: 3918e3fc78b5a79bad01e8451be0beb8 -> 
  custom:framework-osx-AVFoundation: e770b220cccbd017edd2c1fefb359320 -> 
  custom:scripting/monoscript/fileName/TileTemplate.cs: da25af36d628451bcf3c197eba2f7e2a -> 5d21bd9ae0ebd364cdee84e2580ef8dd
  custom:video-encoder-webm-vp8: eb34c28f22e8b96e1ab97ce403110664 -> 
  custom:scripting/monoscript/fileName/TileFactory.cs: 7e14482bf71e39a59d8e8589c51af3fe -> ec394443d0a33a6c7d3ef14c340be7b9
  custom:audio-decoder-ogg-vorbis: bf7c407c2cedff20999df2af8eb42d56 -> 
  custom:audio-encoder-webm-vorbis: bf7c407c2cedff20999df2af8eb42d56 -> 
========================================================================
Received Import Request.
  Time since last request: 41.954510 seconds.
  path: Assets/Prefabs/Tiles/building-mine.prefab
  artifactKey: Guid(9dc79ebe6b7a84f54bfc3706252044ad) Importer(815301076,1909f56bfc062723c751e8b465ee728b)
Start importing Assets/Prefabs/Tiles/building-mine.prefab using Guid(9dc79ebe6b7a84f54bfc3706252044ad) Importer(815301076,1909f56bfc062723c751e8b465ee728b)  -> (artifact id: '8f96a6cd865fe90dd68cc0b1d6beb9d0') in 0.174086 seconds
Number of updated asset objects reloaded before import = 0
Number of asset objects unloaded after import = 38
========================================================================
Received Prepare
Begin MonoManager ReloadAssembly
Thread 0x28fd87000 may have been prematurely finalized
- Loaded All Assemblies, in  0.421 seconds
Refreshing native plugins compatible for Editor in 1.88 ms, found 2 plugins.
Native extension for WindowsStandalone target not found
Native extension for iOS target not found
Native extension for Android target not found
Native extension for OSXStandalone target not found
[Package Manager] Server::EnsureServerProcessIsRunning -- launch failed, reason: Unity was launched with the -noUpm command-line argument
[Package Manager] UpmClient::Send -- Unable to send message (not connected to UPM process).
[Package Manager] Cannot connect to Unity Package Manager local server
Mono: successfully reloaded assembly
- Finished resetting the current domain, in  1.221 seconds
Domain Reload Profiling: 1642ms
	BeginReloadAssembly (126ms)
		ExecutionOrderSort (0ms)
		DisableScriptedObjects (12ms)
		BackupInstance (0ms)
		ReleaseScriptingObjects (0ms)
		CreateAndSetChildDomain (55ms)
	RebuildCommonClasses (23ms)
	RebuildNativeTypeToScriptingClass (7ms)
	initialDomainReloadingComplete (37ms)
	LoadAllAssembliesAndSetupDomain (227ms)
		LoadAssemblies (200ms)
		RebuildTransferFunctionScriptingTraits (0ms)
		AnalyzeDomain (59ms)
			TypeCache.Refresh (21ms)
				TypeCache.ScanAssembly (2ms)
			ScanForSourceGeneratedMonoScriptInfo (28ms)
			ResolveRequiredComponents (9ms)
	FinalizeReload (1221ms)
		ReleaseScriptCaches (0ms)
		RebuildScriptCaches (0ms)
		SetupLoadedEditorAssemblies (454ms)
			LogAssemblyErrors (0ms)
			InitializePlatformSupportModulesInManaged (18ms)
			SetLoadedEditorAssemblies (3ms)
			RefreshPlugins (0ms)
			BeforeProcessingInitializeOnLoad (52ms)
			ProcessInitializeOnLoadAttributes (346ms)
			ProcessInitializeOnLoadMethodAttributes (35ms)
			AfterProcessingInitializeOnLoad (1ms)
			EditorAssembliesLoaded (0ms)
		ExecutionOrderSort2 (0ms)
		AwakeInstancesAfterBackupRestoration (17ms)
Refreshing native plugins compatible for Editor in 1.50 ms, found 2 plugins.
Preloading 0 native plugins for Editor in 0.00 ms.
Unloading 5405 Unused Serialized files (Serialized files now loaded: 0)
Unloading 60 unused Assets / (391.2 KB). Loaded Objects now: 6680.
Memory consumption went from 0.60 GB to 0.60 GB.
Total: 13.050625 ms (FindLiveObjects: 0.217000 ms CreateObjectMapping: 0.057208 ms MarkObjects: 12.638917 ms  DeleteObjects: 0.137000 ms)

Prepare: number of updated asset objects reloaded= 0
AssetImportParameters requested are different than current active one (requested -> active):
  custom:scripting/monoscript/fileName/CellGroundTemplate.cs: 23fbc9fe88d5d29d8afe1941fe612534 -> 
  custom:container-demuxer-ogg: 62fdf1f143b41e24485cea50d1cbac27 -> 
  custom:video-decoder-ogg-theora: a1e56fd34408186e4bbccfd4996cb3dc -> 
  custom:CustomObjectIndexerAttribute: 62b5816608c3102f162a1797e29626cf -> 
  custom:scripting/monoscript/fileName/TilesTemplateCollection.cs: 1323639491948449d899f7c3d116358a -> 9b97b84b558d043388e687408423c9fa
  custom:container-demuxer-webm: 4f35f7cbe854078d1ac9338744f61a02 -> 
  custom:container-muxer-webm: aa71ff27fc2769a1b78a27578f13a17b -> 
  custom:scripting/monoscript/fileName/CellGroundTemplateCollection.cs: 3862488741336215d595b160b6ea7dd6 -> 
  custom:video-decoder-webm-vp8: 9c59270c3fd7afecdb556c50c9e8de78 -> 
  custom:SearchIndexIgnoredProperties: e643bd26f0fe6173181afceb89e7c659 -> 
  custom:AudioImporter_EditorPlatform: 3918e3fc78b5a79bad01e8451be0beb8 -> 
  custom:framework-osx-AVFoundation: e770b220cccbd017edd2c1fefb359320 -> 
  custom:scripting/monoscript/fileName/TileTemplate.cs: da25af36d628451bcf3c197eba2f7e2a -> 5d21bd9ae0ebd364cdee84e2580ef8dd
  custom:video-encoder-webm-vp8: eb34c28f22e8b96e1ab97ce403110664 -> 
  custom:scripting/monoscript/fileName/TileFactory.cs: 7e14482bf71e39a59d8e8589c51af3fe -> ec394443d0a33a6c7d3ef14c340be7b9
  custom:audio-decoder-ogg-vorbis: bf7c407c2cedff20999df2af8eb42d56 -> 
  custom:audio-encoder-webm-vorbis: bf7c407c2cedff20999df2af8eb42d56 -> 
========================================================================
Received Import Request.
  Time since last request: 69.610617 seconds.
  path: Assets/Prefabs/Tiles/building-mine.prefab
  artifactKey: Guid(9dc79ebe6b7a84f54bfc3706252044ad) Importer(815301076,1909f56bfc062723c751e8b465ee728b)
Start importing Assets/Prefabs/Tiles/building-mine.prefab using Guid(9dc79ebe6b7a84f54bfc3706252044ad) Importer(815301076,1909f56bfc062723c751e8b465ee728b)  -> (artifact id: 'e48fdb53acee901251b6fa8a18de84ac') in 0.349693 seconds
Number of updated asset objects reloaded before import = 0
Number of asset objects unloaded after import = 38
========================================================================
Received Prepare
Begin MonoManager ReloadAssembly
Thread 0x17f2a7000 may have been prematurely finalized
- Loaded All Assemblies, in  0.575 seconds
Refreshing native plugins compatible for Editor in 4.13 ms, found 2 plugins.
Native extension for WindowsStandalone target not found
Native extension for iOS target not found
Native extension for Android target not found
Native extension for OSXStandalone target not found
[Package Manager] Server::EnsureServerProcessIsRunning -- launch failed, reason: Unity was launched with the -noUpm command-line argument
[Package Manager] UpmClient::Send -- Unable to send message (not connected to UPM process).
[Package Manager] Cannot connect to Unity Package Manager local server
Mono: successfully reloaded assembly
- Finished resetting the current domain, in  1.205 seconds
Domain Reload Profiling: 1781ms
	BeginReloadAssembly (323ms)
		ExecutionOrderSort (0ms)
		DisableScriptedObjects (20ms)
		BackupInstance (0ms)
		ReleaseScriptingObjects (0ms)
		CreateAndSetChildDomain (226ms)
	RebuildCommonClasses (21ms)
	RebuildNativeTypeToScriptingClass (7ms)
	initialDomainReloadingComplete (14ms)
	LoadAllAssembliesAndSetupDomain (211ms)
		LoadAssemblies (199ms)
		RebuildTransferFunctionScriptingTraits (0ms)
		AnalyzeDomain (51ms)
			TypeCache.Refresh (13ms)
				TypeCache.ScanAssembly (2ms)
			ScanForSourceGeneratedMonoScriptInfo (27ms)
			ResolveRequiredComponents (10ms)
	FinalizeReload (1206ms)
		ReleaseScriptCaches (0ms)
		RebuildScriptCaches (0ms)
		SetupLoadedEditorAssemblies (522ms)
			LogAssemblyErrors (0ms)
			InitializePlatformSupportModulesInManaged (21ms)
			SetLoadedEditorAssemblies (4ms)
			RefreshPlugins (0ms)
			BeforeProcessingInitializeOnLoad (61ms)
			ProcessInitializeOnLoadAttributes (374ms)
			ProcessInitializeOnLoadMethodAttributes (61ms)
			AfterProcessingInitializeOnLoad (1ms)
			EditorAssembliesLoaded (0ms)
		ExecutionOrderSort2 (0ms)
		AwakeInstancesAfterBackupRestoration (26ms)
Refreshing native plugins compatible for Editor in 1.53 ms, found 2 plugins.
Preloading 0 native plugins for Editor in 0.00 ms.
Unloading 5405 Unused Serialized files (Serialized files now loaded: 0)
Unloading 60 unused Assets / (393.3 KB). Loaded Objects now: 6720.
Memory consumption went from 0.61 GB to 0.61 GB.
Total: 13.214417 ms (FindLiveObjects: 0.228250 ms CreateObjectMapping: 0.059500 ms MarkObjects: 12.782792 ms  DeleteObjects: 0.143125 ms)

Prepare: number of updated asset objects reloaded= 0
AssetImportParameters requested are different than current active one (requested -> active):
  custom:scripting/monoscript/fileName/CellGroundTemplate.cs: 23fbc9fe88d5d29d8afe1941fe612534 -> 
  custom:container-demuxer-ogg: 62fdf1f143b41e24485cea50d1cbac27 -> 
  custom:video-decoder-ogg-theora: a1e56fd34408186e4bbccfd4996cb3dc -> 
  custom:CustomObjectIndexerAttribute: 62b5816608c3102f162a1797e29626cf -> 
  custom:scripting/monoscript/fileName/TilesTemplateCollection.cs: 1323639491948449d899f7c3d116358a -> 9b97b84b558d043388e687408423c9fa
  custom:container-demuxer-webm: 4f35f7cbe854078d1ac9338744f61a02 -> 
  custom:container-muxer-webm: aa71ff27fc2769a1b78a27578f13a17b -> 
  custom:scripting/monoscript/fileName/CellGroundTemplateCollection.cs: 3862488741336215d595b160b6ea7dd6 -> 
  custom:video-decoder-webm-vp8: 9c59270c3fd7afecdb556c50c9e8de78 -> 
  custom:SearchIndexIgnoredProperties: e643bd26f0fe6173181afceb89e7c659 -> 
  custom:AudioImporter_EditorPlatform: 3918e3fc78b5a79bad01e8451be0beb8 -> 
  custom:framework-osx-AVFoundation: e770b220cccbd017edd2c1fefb359320 -> 
  custom:scripting/monoscript/fileName/TileTemplate.cs: da25af36d628451bcf3c197eba2f7e2a -> 5d21bd9ae0ebd364cdee84e2580ef8dd
  custom:video-encoder-webm-vp8: eb34c28f22e8b96e1ab97ce403110664 -> 
  custom:scripting/monoscript/fileName/TileFactory.cs: 35e1bbfbcf48ecbcae4d22d839fcdebe -> 2c3aa46bcf21b32861e15e90842dd277
  custom:audio-decoder-ogg-vorbis: bf7c407c2cedff20999df2af8eb42d56 -> 
  custom:audio-encoder-webm-vorbis: bf7c407c2cedff20999df2af8eb42d56 -> 
========================================================================
Received Import Request.
  Time since last request: 29.149883 seconds.
  path: Assets/Prefabs/Tiles/building-mine.prefab
  artifactKey: Guid(9dc79ebe6b7a84f54bfc3706252044ad) Importer(815301076,1909f56bfc062723c751e8b465ee728b)
Start importing Assets/Prefabs/Tiles/building-mine.prefab using Guid(9dc79ebe6b7a84f54bfc3706252044ad) Importer(815301076,1909f56bfc062723c751e8b465ee728b)  -> (artifact id: '1e5e7fad38ba5227f8389399e010b025') in 0.154515 seconds
Number of updated asset objects reloaded before import = 0
Number of asset objects unloaded after import = 38
========================================================================
Received Import Request.
  Time since last request: 60.242522 seconds.
  path: Assets/Prefabs/Tiles/building-mine.prefab
  artifactKey: Guid(9dc79ebe6b7a84f54bfc3706252044ad) Importer(815301076,1909f56bfc062723c751e8b465ee728b)
Start importing Assets/Prefabs/Tiles/building-mine.prefab using Guid(9dc79ebe6b7a84f54bfc3706252044ad) Importer(815301076,1909f56bfc062723c751e8b465ee728b)  -> (artifact id: '31a1becad195305083d69a0ebfe7d617') in 0.141072 seconds
Number of updated asset objects reloaded before import = 0
Number of asset objects unloaded after import = 20
========================================================================
Received Prepare
Begin MonoManager ReloadAssembly
Thread 0x29f713000 may have been prematurely finalized
- Loaded All Assemblies, in  0.462 seconds
Refreshing native plugins compatible for Editor in 1.73 ms, found 2 plugins.
Native extension for WindowsStandalone target not found
Native extension for iOS target not found
Native extension for Android target not found
Native extension for OSXStandalone target not found
[Package Manager] Server::EnsureServerProcessIsRunning -- launch failed, reason: Unity was launched with the -noUpm command-line argument
[Package Manager] UpmClient::Send -- Unable to send message (not connected to UPM process).
[Package Manager] Cannot connect to Unity Package Manager local server
Mono: successfully reloaded assembly
- Finished resetting the current domain, in  1.350 seconds
Domain Reload Profiling: 1817ms
	BeginReloadAssembly (138ms)
		ExecutionOrderSort (0ms)
		DisableScriptedObjects (11ms)
		BackupInstance (0ms)
		ReleaseScriptingObjects (0ms)
		CreateAndSetChildDomain (70ms)
	RebuildCommonClasses (20ms)
	RebuildNativeTypeToScriptingClass (7ms)
	initialDomainReloadingComplete (16ms)
	LoadAllAssembliesAndSetupDomain (286ms)
		LoadAssemblies (242ms)
		RebuildTransferFunctionScriptingTraits (0ms)
		AnalyzeDomain (69ms)
			TypeCache.Refresh (25ms)
				TypeCache.ScanAssembly (2ms)
			ScanForSourceGeneratedMonoScriptInfo (29ms)
			ResolveRequiredComponents (13ms)
	FinalizeReload (1350ms)
		ReleaseScriptCaches (0ms)
		RebuildScriptCaches (0ms)
		SetupLoadedEditorAssemblies (514ms)
			LogAssemblyErrors (0ms)
			InitializePlatformSupportModulesInManaged (28ms)
			SetLoadedEditorAssemblies (4ms)
			RefreshPlugins (0ms)
			BeforeProcessingInitializeOnLoad (60ms)
			ProcessInitializeOnLoadAttributes (382ms)
			ProcessInitializeOnLoadMethodAttributes (39ms)
			AfterProcessingInitializeOnLoad (1ms)
			EditorAssembliesLoaded (0ms)
		ExecutionOrderSort2 (0ms)
		AwakeInstancesAfterBackupRestoration (20ms)
Refreshing native plugins compatible for Editor in 1.51 ms, found 2 plugins.
Preloading 0 native plugins for Editor in 0.00 ms.
Unloading 5405 Unused Serialized files (Serialized files now loaded: 0)
Unloading 60 unused Assets / (391.0 KB). Loaded Objects now: 6760.
Memory consumption went from 0.62 GB to 0.62 GB.
Total: 27.435500 ms (FindLiveObjects: 0.431125 ms CreateObjectMapping: 0.073375 ms MarkObjects: 26.685375 ms  DeleteObjects: 0.244791 ms)

Prepare: number of updated asset objects reloaded= 0
AssetImportParameters requested are different than current active one (requested -> active):
  custom:scripting/monoscript/fileName/CellGroundTemplate.cs: 23fbc9fe88d5d29d8afe1941fe612534 -> 
  custom:container-demuxer-ogg: 62fdf1f143b41e24485cea50d1cbac27 -> 
  custom:video-decoder-ogg-theora: a1e56fd34408186e4bbccfd4996cb3dc -> 
  custom:CustomObjectIndexerAttribute: 62b5816608c3102f162a1797e29626cf -> 
  custom:scripting/monoscript/fileName/TilesTemplateCollection.cs: 1323639491948449d899f7c3d116358a -> 9b97b84b558d043388e687408423c9fa
  custom:container-demuxer-webm: 4f35f7cbe854078d1ac9338744f61a02 -> 
  custom:container-muxer-webm: aa71ff27fc2769a1b78a27578f13a17b -> 
  custom:scripting/monoscript/fileName/CellGroundTemplateCollection.cs: 3862488741336215d595b160b6ea7dd6 -> 
  custom:video-decoder-webm-vp8: 9c59270c3fd7afecdb556c50c9e8de78 -> 
  custom:SearchIndexIgnoredProperties: e643bd26f0fe6173181afceb89e7c659 -> 
  custom:AudioImporter_EditorPlatform: 3918e3fc78b5a79bad01e8451be0beb8 -> 
  custom:framework-osx-AVFoundation: e770b220cccbd017edd2c1fefb359320 -> 
  custom:scripting/monoscript/fileName/TileTemplate.cs: da25af36d628451bcf3c197eba2f7e2a -> 5d21bd9ae0ebd364cdee84e2580ef8dd
  custom:video-encoder-webm-vp8: eb34c28f22e8b96e1ab97ce403110664 -> 
  custom:scripting/monoscript/fileName/TileFactory.cs: 35e1bbfbcf48ecbcae4d22d839fcdebe -> 2c3aa46bcf21b32861e15e90842dd277
  custom:audio-decoder-ogg-vorbis: bf7c407c2cedff20999df2af8eb42d56 -> 
  custom:audio-encoder-webm-vorbis: bf7c407c2cedff20999df2af8eb42d56 -> 
========================================================================
Received Import Request.
  Time since last request: 7.245824 seconds.
  path: Assets/Prefabs/Tiles/building-mine.prefab
  artifactKey: Guid(9dc79ebe6b7a84f54bfc3706252044ad) Importer(815301076,1909f56bfc062723c751e8b465ee728b)
Start importing Assets/Prefabs/Tiles/building-mine.prefab using Guid(9dc79ebe6b7a84f54bfc3706252044ad) Importer(815301076,1909f56bfc062723c751e8b465ee728b)  -> (artifact id: 'a0a3d6fc8a12c2df31e858f82b70349c') in 0.185563 seconds
Number of updated asset objects reloaded before import = 0
Number of asset objects unloaded after import = 38
========================================================================
Received Prepare
Begin MonoManager ReloadAssembly
Thread 0x28fef3000 may have been prematurely finalized
- Loaded All Assemblies, in  0.416 seconds
Refreshing native plugins compatible for Editor in 1.45 ms, found 2 plugins.
Native extension for WindowsStandalone target not found
Native extension for iOS target not found
Native extension for Android target not found
Native extension for OSXStandalone target not found
[Package Manager] Server::EnsureServerProcessIsRunning -- launch failed, reason: Unity was launched with the -noUpm command-line argument
[Package Manager] UpmClient::Send -- Unable to send message (not connected to UPM process).
[Package Manager] Cannot connect to Unity Package Manager local server
Mono: successfully reloaded assembly
- Finished resetting the current domain, in  1.060 seconds
Domain Reload Profiling: 1476ms
	BeginReloadAssembly (174ms)
		ExecutionOrderSort (0ms)
		DisableScriptedObjects (8ms)
		BackupInstance (0ms)
		ReleaseScriptingObjects (0ms)
		CreateAndSetChildDomain (99ms)
	RebuildCommonClasses (20ms)
	RebuildNativeTypeToScriptingClass (8ms)
	initialDomainReloadingComplete (18ms)
	LoadAllAssembliesAndSetupDomain (196ms)
		LoadAssemblies (188ms)
		RebuildTransferFunctionScriptingTraits (0ms)
		AnalyzeDomain (39ms)
			TypeCache.Refresh (13ms)
				TypeCache.ScanAssembly (2ms)
			ScanForSourceGeneratedMonoScriptInfo (18ms)
			ResolveRequiredComponents (8ms)
	FinalizeReload (1061ms)
		ReleaseScriptCaches (0ms)
		RebuildScriptCaches (0ms)
		SetupLoadedEditorAssemblies (458ms)
			LogAssemblyErrors (0ms)
			InitializePlatformSupportModulesInManaged (17ms)
			SetLoadedEditorAssemblies (3ms)
			RefreshPlugins (0ms)
			BeforeProcessingInitializeOnLoad (53ms)
			ProcessInitializeOnLoadAttributes (350ms)
			ProcessInitializeOnLoadMethodAttributes (35ms)
			AfterProcessingInitializeOnLoad (1ms)
			EditorAssembliesLoaded (0ms)
		ExecutionOrderSort2 (0ms)
		AwakeInstancesAfterBackupRestoration (18ms)
Refreshing native plugins compatible for Editor in 1.50 ms, found 2 plugins.
Preloading 0 native plugins for Editor in 0.00 ms.
Unloading 5405 Unused Serialized files (Serialized files now loaded: 0)
Unloading 60 unused Assets / (391.0 KB). Loaded Objects now: 6800.
Memory consumption went from 0.64 GB to 0.64 GB.
Total: 13.257167 ms (FindLiveObjects: 0.203250 ms CreateObjectMapping: 0.060209 ms MarkObjects: 12.812333 ms  DeleteObjects: 0.180584 ms)

Prepare: number of updated asset objects reloaded= 0
AssetImportParameters requested are different than current active one (requested -> active):
  custom:scripting/monoscript/fileName/CellGroundTemplate.cs: 23fbc9fe88d5d29d8afe1941fe612534 -> 
  custom:container-demuxer-ogg: 62fdf1f143b41e24485cea50d1cbac27 -> 
  custom:video-decoder-ogg-theora: a1e56fd34408186e4bbccfd4996cb3dc -> 
  custom:CustomObjectIndexerAttribute: 62b5816608c3102f162a1797e29626cf -> 
  custom:scripting/monoscript/fileName/TilesTemplateCollection.cs: 1323639491948449d899f7c3d116358a -> 9b97b84b558d043388e687408423c9fa
  custom:container-demuxer-webm: 4f35f7cbe854078d1ac9338744f61a02 -> 
  custom:container-muxer-webm: aa71ff27fc2769a1b78a27578f13a17b -> 
  custom:scripting/monoscript/fileName/CellGroundTemplateCollection.cs: 3862488741336215d595b160b6ea7dd6 -> 
  custom:video-decoder-webm-vp8: 9c59270c3fd7afecdb556c50c9e8de78 -> 
  custom:SearchIndexIgnoredProperties: e643bd26f0fe6173181afceb89e7c659 -> 
  custom:AudioImporter_EditorPlatform: 3918e3fc78b5a79bad01e8451be0beb8 -> 
  custom:framework-osx-AVFoundation: e770b220cccbd017edd2c1fefb359320 -> 
  custom:scripting/monoscript/fileName/TileTemplate.cs: da25af36d628451bcf3c197eba2f7e2a -> 5d21bd9ae0ebd364cdee84e2580ef8dd
  custom:video-encoder-webm-vp8: eb34c28f22e8b96e1ab97ce403110664 -> 
  custom:scripting/monoscript/fileName/TileFactory.cs: 35e1bbfbcf48ecbcae4d22d839fcdebe -> 2c3aa46bcf21b32861e15e90842dd277
  custom:audio-decoder-ogg-vorbis: bf7c407c2cedff20999df2af8eb42d56 -> 
  custom:audio-encoder-webm-vorbis: bf7c407c2cedff20999df2af8eb42d56 -> 
========================================================================
Received Prepare
Begin MonoManager ReloadAssembly
Thread 0x28fe53000 may have been prematurely finalized
- Loaded All Assemblies, in  0.554 seconds
Refreshing native plugins compatible for Editor in 1.44 ms, found 2 plugins.
Native extension for WindowsStandalone target not found
Native extension for iOS target not found
Native extension for Android target not found
Native extension for OSXStandalone target not found
[Package Manager] Server::EnsureServerProcessIsRunning -- launch failed, reason: Unity was launched with the -noUpm command-line argument
[Package Manager] UpmClient::Send -- Unable to send message (not connected to UPM process).
[Package Manager] Cannot connect to Unity Package Manager local server
Mono: successfully reloaded assembly
- Finished resetting the current domain, in  1.155 seconds
Domain Reload Profiling: 1709ms
	BeginReloadAssembly (259ms)
		ExecutionOrderSort (0ms)
		DisableScriptedObjects (8ms)
		BackupInstance (0ms)
		ReleaseScriptingObjects (0ms)
		CreateAndSetChildDomain (86ms)
	RebuildCommonClasses (21ms)
	RebuildNativeTypeToScriptingClass (7ms)
	initialDomainReloadingComplete (20ms)
	LoadAllAssembliesAndSetupDomain (247ms)
		LoadAssemblies (320ms)
		RebuildTransferFunctionScriptingTraits (0ms)
		AnalyzeDomain (53ms)
			TypeCache.Refresh (18ms)
				TypeCache.ScanAssembly (2ms)
			ScanForSourceGeneratedMonoScriptInfo (26ms)
			ResolveRequiredComponents (9ms)
	FinalizeReload (1155ms)
		ReleaseScriptCaches (0ms)
		RebuildScriptCaches (0ms)
		SetupLoadedEditorAssemblies (492ms)
			LogAssemblyErrors (0ms)
			InitializePlatformSupportModulesInManaged (18ms)
			SetLoadedEditorAssemblies (3ms)
			RefreshPlugins (0ms)
			BeforeProcessingInitializeOnLoad (53ms)
			ProcessInitializeOnLoadAttributes (376ms)
			ProcessInitializeOnLoadMethodAttributes (40ms)
			AfterProcessingInitializeOnLoad (1ms)
			EditorAssembliesLoaded (0ms)
		ExecutionOrderSort2 (0ms)
		AwakeInstancesAfterBackupRestoration (20ms)
Refreshing native plugins compatible for Editor in 1.54 ms, found 2 plugins.
Preloading 0 native plugins for Editor in 0.00 ms.
Unloading 5406 Unused Serialized files (Serialized files now loaded: 0)
Unloading 59 unused Assets / (391.1 KB). Loaded Objects now: 6805.
Memory consumption went from 0.65 GB to 0.65 GB.
Total: 14.817583 ms (FindLiveObjects: 0.231375 ms CreateObjectMapping: 0.060500 ms MarkObjects: 14.348375 ms  DeleteObjects: 0.176500 ms)

Prepare: number of updated asset objects reloaded= 0
AssetImportParameters requested are different than current active one (requested -> active):
  custom:scripting/monoscript/fileName/CellGroundTemplate.cs: 23fbc9fe88d5d29d8afe1941fe612534 -> 
  custom:container-demuxer-ogg: 62fdf1f143b41e24485cea50d1cbac27 -> 
  custom:video-decoder-ogg-theora: a1e56fd34408186e4bbccfd4996cb3dc -> 
  custom:CustomObjectIndexerAttribute: 62b5816608c3102f162a1797e29626cf -> 
  custom:scripting/monoscript/fileName/TilesTemplateCollection.cs: 1323639491948449d899f7c3d116358a -> 9b97b84b558d043388e687408423c9fa
  custom:container-demuxer-webm: 4f35f7cbe854078d1ac9338744f61a02 -> 
  custom:container-muxer-webm: aa71ff27fc2769a1b78a27578f13a17b -> 
  custom:scripting/monoscript/fileName/CellGroundTemplateCollection.cs: 3862488741336215d595b160b6ea7dd6 -> 
  custom:video-decoder-webm-vp8: 9c59270c3fd7afecdb556c50c9e8de78 -> 
  custom:SearchIndexIgnoredProperties: e643bd26f0fe6173181afceb89e7c659 -> 
  custom:AudioImporter_EditorPlatform: 3918e3fc78b5a79bad01e8451be0beb8 -> 
  custom:framework-osx-AVFoundation: e770b220cccbd017edd2c1fefb359320 -> 
  custom:scripting/monoscript/fileName/TileTemplate.cs: da25af36d628451bcf3c197eba2f7e2a -> 5d21bd9ae0ebd364cdee84e2580ef8dd
  custom:video-encoder-webm-vp8: eb34c28f22e8b96e1ab97ce403110664 -> 
  custom:scripting/monoscript/fileName/TileFactory.cs: 35e1bbfbcf48ecbcae4d22d839fcdebe -> 2c3aa46bcf21b32861e15e90842dd277
  custom:audio-decoder-ogg-vorbis: bf7c407c2cedff20999df2af8eb42d56 -> 
  custom:audio-encoder-webm-vorbis: bf7c407c2cedff20999df2af8eb42d56 -> 
========================================================================
Received Import Request.
  Time since last request: 44.845819 seconds.
  path: Assets/Prefabs/Tiles/building-mine.prefab
  artifactKey: Guid(9dc79ebe6b7a84f54bfc3706252044ad) Importer(815301076,1909f56bfc062723c751e8b465ee728b)
Start importing Assets/Prefabs/Tiles/building-mine.prefab using Guid(9dc79ebe6b7a84f54bfc3706252044ad) Importer(815301076,1909f56bfc062723c751e8b465ee728b)  -> (artifact id: '2efacd948a8ba52df9dfe628496c8818') in 0.252101 seconds
Number of updated asset objects reloaded before import = 0
Number of asset objects unloaded after import = 38
========================================================================
Received Prepare
Begin MonoManager ReloadAssembly
Thread 0x28fd87000 may have been prematurely finalized
- Loaded All Assemblies, in  0.367 seconds
Refreshing native plugins compatible for Editor in 1.50 ms, found 2 plugins.
Native extension for WindowsStandalone target not found
Native extension for iOS target not found
Native extension for Android target not found
Native extension for OSXStandalone target not found
[Package Manager] Server::EnsureServerProcessIsRunning -- launch failed, reason: Unity was launched with the -noUpm command-line argument
[Package Manager] UpmClient::Send -- Unable to send message (not connected to UPM process).
[Package Manager] Cannot connect to Unity Package Manager local server
Mono: successfully reloaded assembly
- Finished resetting the current domain, in  1.076 seconds
Domain Reload Profiling: 1444ms
	BeginReloadAssembly (142ms)
		ExecutionOrderSort (0ms)
		DisableScriptedObjects (10ms)
		BackupInstance (0ms)
		ReleaseScriptingObjects (0ms)
		CreateAndSetChildDomain (67ms)
	RebuildCommonClasses (22ms)
	RebuildNativeTypeToScriptingClass (7ms)
	initialDomainReloadingComplete (14ms)
	LoadAllAssembliesAndSetupDomain (183ms)
		LoadAssemblies (173ms)
		RebuildTransferFunctionScriptingTraits (0ms)
		AnalyzeDomain (41ms)
			TypeCache.Refresh (14ms)
				TypeCache.ScanAssembly (2ms)
			ScanForSourceGeneratedMonoScriptInfo (17ms)
			ResolveRequiredComponents (9ms)
	FinalizeReload (1076ms)
		ReleaseScriptCaches (0ms)
		RebuildScriptCaches (0ms)
		SetupLoadedEditorAssemblies (461ms)
			LogAssemblyErrors (0ms)
			InitializePlatformSupportModulesInManaged (19ms)
			SetLoadedEditorAssemblies (3ms)
			RefreshPlugins (0ms)
			BeforeProcessingInitializeOnLoad (52ms)
			ProcessInitializeOnLoadAttributes (350ms)
			ProcessInitializeOnLoadMethodAttributes (37ms)
			AfterProcessingInitializeOnLoad (1ms)
			EditorAssembliesLoaded (0ms)
		ExecutionOrderSort2 (0ms)
		AwakeInstancesAfterBackupRestoration (18ms)
Refreshing native plugins compatible for Editor in 1.73 ms, found 2 plugins.
Preloading 0 native plugins for Editor in 0.00 ms.
Unloading 5406 Unused Serialized files (Serialized files now loaded: 0)
Unloading 60 unused Assets / (391.1 KB). Loaded Objects now: 6845.
Memory consumption went from 0.67 GB to 0.66 GB.
Total: 13.452584 ms (FindLiveObjects: 0.192292 ms CreateObjectMapping: 0.067167 ms MarkObjects: 13.058209 ms  DeleteObjects: 0.134417 ms)

Prepare: number of updated asset objects reloaded= 0
AssetImportParameters requested are different than current active one (requested -> active):
  custom:scripting/monoscript/fileName/CellGroundTemplate.cs: 23fbc9fe88d5d29d8afe1941fe612534 -> 
  custom:container-demuxer-ogg: 62fdf1f143b41e24485cea50d1cbac27 -> 
  custom:video-decoder-ogg-theora: a1e56fd34408186e4bbccfd4996cb3dc -> 
  custom:CustomObjectIndexerAttribute: 62b5816608c3102f162a1797e29626cf -> 
  custom:scripting/monoscript/fileName/TilesTemplateCollection.cs: 1323639491948449d899f7c3d116358a -> 9b97b84b558d043388e687408423c9fa
  custom:container-demuxer-webm: 4f35f7cbe854078d1ac9338744f61a02 -> 
  custom:container-muxer-webm: aa71ff27fc2769a1b78a27578f13a17b -> 
  custom:scripting/monoscript/fileName/CellGroundTemplateCollection.cs: 3862488741336215d595b160b6ea7dd6 -> 
  custom:video-decoder-webm-vp8: 9c59270c3fd7afecdb556c50c9e8de78 -> 
  custom:SearchIndexIgnoredProperties: e643bd26f0fe6173181afceb89e7c659 -> 
  custom:AudioImporter_EditorPlatform: 3918e3fc78b5a79bad01e8451be0beb8 -> 
  custom:framework-osx-AVFoundation: e770b220cccbd017edd2c1fefb359320 -> 
  custom:scripting/monoscript/fileName/TileTemplate.cs: da25af36d628451bcf3c197eba2f7e2a -> 5d21bd9ae0ebd364cdee84e2580ef8dd
  custom:video-encoder-webm-vp8: eb34c28f22e8b96e1ab97ce403110664 -> 
  custom:scripting/monoscript/fileName/TileFactory.cs: 35e1bbfbcf48ecbcae4d22d839fcdebe -> 2c3aa46bcf21b32861e15e90842dd277
  custom:audio-decoder-ogg-vorbis: bf7c407c2cedff20999df2af8eb42d56 -> 
  custom:audio-encoder-webm-vorbis: bf7c407c2cedff20999df2af8eb42d56 -> 
========================================================================
Received Import Request.
  Time since last request: 6.227230 seconds.
  path: Assets/Prefabs/Tiles/building-mine.prefab
  artifactKey: Guid(9dc79ebe6b7a84f54bfc3706252044ad) Importer(815301076,1909f56bfc062723c751e8b465ee728b)
Start importing Assets/Prefabs/Tiles/building-mine.prefab using Guid(9dc79ebe6b7a84f54bfc3706252044ad) Importer(815301076,1909f56bfc062723c751e8b465ee728b)  -> (artifact id: 'b3f5b6c98692cd994e368033753731d6') in 0.146694 seconds
Number of updated asset objects reloaded before import = 0
Number of asset objects unloaded after import = 39
========================================================================
Received Import Request.
  Time since last request: 141.374179 seconds.
  path: Assets/Prefabs/Tiles/building-mine.prefab
  artifactKey: Guid(9dc79ebe6b7a84f54bfc3706252044ad) Importer(815301076,1909f56bfc062723c751e8b465ee728b)
Start importing Assets/Prefabs/Tiles/building-mine.prefab using Guid(9dc79ebe6b7a84f54bfc3706252044ad) Importer(815301076,1909f56bfc062723c751e8b465ee728b)  -> (artifact id: '193af728b257a2696a334948e5c65f59') in 0.146533 seconds
Number of updated asset objects reloaded before import = 0
Number of asset objects unloaded after import = 21
========================================================================
Received Prepare
Begin MonoManager ReloadAssembly
Thread 0x280687000 may have been prematurely finalized
- Loaded All Assemblies, in  0.470 seconds
Refreshing native plugins compatible for Editor in 1.53 ms, found 2 plugins.
Native extension for WindowsStandalone target not found
Native extension for iOS target not found
Native extension for Android target not found
Native extension for OSXStandalone target not found
[Package Manager] Server::EnsureServerProcessIsRunning -- launch failed, reason: Unity was launched with the -noUpm command-line argument
[Package Manager] UpmClient::Send -- Unable to send message (not connected to UPM process).
[Package Manager] Cannot connect to Unity Package Manager local server
Mono: successfully reloaded assembly
- Finished resetting the current domain, in  1.098 seconds
Domain Reload Profiling: 1569ms
	BeginReloadAssembly (130ms)
		ExecutionOrderSort (0ms)
		DisableScriptedObjects (9ms)
		BackupInstance (0ms)
		ReleaseScriptingObjects (0ms)
		CreateAndSetChildDomain (69ms)
	RebuildCommonClasses (21ms)
	RebuildNativeTypeToScriptingClass (7ms)
	initialDomainReloadingComplete (46ms)
	LoadAllAssembliesAndSetupDomain (265ms)
		LoadAssemblies (228ms)
		RebuildTransferFunctionScriptingTraits (0ms)
		AnalyzeDomain (63ms)
			TypeCache.Refresh (25ms)
				TypeCache.ScanAssembly (2ms)
			ScanForSourceGeneratedMonoScriptInfo (29ms)
			ResolveRequiredComponents (8ms)
	FinalizeReload (1099ms)
		ReleaseScriptCaches (0ms)
		RebuildScriptCaches (0ms)
		SetupLoadedEditorAssemblies (508ms)
			LogAssemblyErrors (0ms)
			InitializePlatformSupportModulesInManaged (46ms)
			SetLoadedEditorAssemblies (3ms)
			RefreshPlugins (0ms)
			BeforeProcessingInitializeOnLoad (52ms)
			ProcessInitializeOnLoadAttributes (368ms)
			ProcessInitializeOnLoadMethodAttributes (40ms)
			AfterProcessingInitializeOnLoad (1ms)
			EditorAssembliesLoaded (0ms)
		ExecutionOrderSort2 (0ms)
		AwakeInstancesAfterBackupRestoration (21ms)
Refreshing native plugins compatible for Editor in 1.51 ms, found 2 plugins.
Preloading 0 native plugins for Editor in 0.00 ms.
Unloading 5406 Unused Serialized files (Serialized files now loaded: 0)
Unloading 60 unused Assets / (391.2 KB). Loaded Objects now: 6885.
Memory consumption went from 0.68 GB to 0.68 GB.
Total: 13.083000 ms (FindLiveObjects: 0.185875 ms CreateObjectMapping: 0.062125 ms MarkObjects: 12.691042 ms  DeleteObjects: 0.143250 ms)

Prepare: number of updated asset objects reloaded= 0
AssetImportParameters requested are different than current active one (requested -> active):
  custom:scripting/monoscript/fileName/CellGroundTemplate.cs: 23fbc9fe88d5d29d8afe1941fe612534 -> 
  custom:container-demuxer-ogg: 62fdf1f143b41e24485cea50d1cbac27 -> 
  custom:video-decoder-ogg-theora: a1e56fd34408186e4bbccfd4996cb3dc -> 
  custom:CustomObjectIndexerAttribute: 62b5816608c3102f162a1797e29626cf -> 
  custom:scripting/monoscript/fileName/TilesTemplateCollection.cs: 1323639491948449d899f7c3d116358a -> 9b97b84b558d043388e687408423c9fa
  custom:container-demuxer-webm: 4f35f7cbe854078d1ac9338744f61a02 -> 
  custom:container-muxer-webm: aa71ff27fc2769a1b78a27578f13a17b -> 
  custom:scripting/monoscript/fileName/CellGroundTemplateCollection.cs: 3862488741336215d595b160b6ea7dd6 -> 
  custom:video-decoder-webm-vp8: 9c59270c3fd7afecdb556c50c9e8de78 -> 
  custom:SearchIndexIgnoredProperties: e643bd26f0fe6173181afceb89e7c659 -> 
  custom:AudioImporter_EditorPlatform: 3918e3fc78b5a79bad01e8451be0beb8 -> 
  custom:framework-osx-AVFoundation: e770b220cccbd017edd2c1fefb359320 -> 
  custom:scripting/monoscript/fileName/TileTemplate.cs: da25af36d628451bcf3c197eba2f7e2a -> 5d21bd9ae0ebd364cdee84e2580ef8dd
  custom:video-encoder-webm-vp8: eb34c28f22e8b96e1ab97ce403110664 -> 
  custom:scripting/monoscript/fileName/TileFactory.cs: 35e1bbfbcf48ecbcae4d22d839fcdebe -> 2c3aa46bcf21b32861e15e90842dd277
  custom:audio-decoder-ogg-vorbis: bf7c407c2cedff20999df2af8eb42d56 -> 
  custom:audio-encoder-webm-vorbis: bf7c407c2cedff20999df2af8eb42d56 -> 
========================================================================
Received Import Request.
  Time since last request: 7.296727 seconds.
  path: Assets/Prefabs/Tiles/building-mine.prefab
  artifactKey: Guid(9dc79ebe6b7a84f54bfc3706252044ad) Importer(815301076,1909f56bfc062723c751e8b465ee728b)
Start importing Assets/Prefabs/Tiles/building-mine.prefab using Guid(9dc79ebe6b7a84f54bfc3706252044ad) Importer(815301076,1909f56bfc062723c751e8b465ee728b)  -> (artifact id: 'ebd638c92bdd9fc1117f0d69ae333300') in 0.160624 seconds
Number of updated asset objects reloaded before import = 0
Number of asset objects unloaded after import = 39
========================================================================
Received Import Request.
  Time since last request: 4.609913 seconds.
  path: Assets/Prefabs/Tiles/building-mine.prefab
  artifactKey: Guid(9dc79ebe6b7a84f54bfc3706252044ad) Importer(815301076,1909f56bfc062723c751e8b465ee728b)
Start importing Assets/Prefabs/Tiles/building-mine.prefab using Guid(9dc79ebe6b7a84f54bfc3706252044ad) Importer(815301076,1909f56bfc062723c751e8b465ee728b)  -> (artifact id: 'd1893889015e630fa747f85062b6ef73') in 0.157890 seconds
Number of updated asset objects reloaded before import = 0
Number of asset objects unloaded after import = 21
========================================================================
Received Prepare
Begin MonoManager ReloadAssembly
Thread 0x280947000 may have been prematurely finalized
- Loaded All Assemblies, in  0.393 seconds
Refreshing native plugins compatible for Editor in 1.50 ms, found 2 plugins.
Native extension for WindowsStandalone target not found
Native extension for iOS target not found
Native extension for Android target not found
Native extension for OSXStandalone target not found
[Package Manager] Server::EnsureServerProcessIsRunning -- launch failed, reason: Unity was launched with the -noUpm command-line argument
[Package Manager] UpmClient::Send -- Unable to send message (not connected to UPM process).
[Package Manager] Cannot connect to Unity Package Manager local server
Mono: successfully reloaded assembly
- Finished resetting the current domain, in  1.033 seconds
Domain Reload Profiling: 1428ms
	BeginReloadAssembly (143ms)
		ExecutionOrderSort (0ms)
		DisableScriptedObjects (29ms)
		BackupInstance (0ms)
		ReleaseScriptingObjects (0ms)
		CreateAndSetChildDomain (54ms)
	RebuildCommonClasses (21ms)
	RebuildNativeTypeToScriptingClass (7ms)
	initialDomainReloadingComplete (17ms)
	LoadAllAssembliesAndSetupDomain (207ms)
		LoadAssemblies (192ms)
		RebuildTransferFunctionScriptingTraits (0ms)
		AnalyzeDomain (41ms)
			TypeCache.Refresh (11ms)
				TypeCache.ScanAssembly (2ms)
			ScanForSourceGeneratedMonoScriptInfo (20ms)
			ResolveRequiredComponents (9ms)
	FinalizeReload (1033ms)
		ReleaseScriptCaches (0ms)
		RebuildScriptCaches (0ms)
		SetupLoadedEditorAssemblies (440ms)
			LogAssemblyErrors (0ms)
			InitializePlatformSupportModulesInManaged (17ms)
			SetLoadedEditorAssemblies (2ms)
			RefreshPlugins (0ms)
			BeforeProcessingInitializeOnLoad (51ms)
			ProcessInitializeOnLoadAttributes (333ms)
			ProcessInitializeOnLoadMethodAttributes (35ms)
			AfterProcessingInitializeOnLoad (1ms)
			EditorAssembliesLoaded (0ms)
		ExecutionOrderSort2 (0ms)
		AwakeInstancesAfterBackupRestoration (21ms)
Refreshing native plugins compatible for Editor in 1.51 ms, found 2 plugins.
Preloading 0 native plugins for Editor in 0.00 ms.
Unloading 5406 Unused Serialized files (Serialized files now loaded: 0)
Unloading 60 unused Assets / (392.1 KB). Loaded Objects now: 6925.
Memory consumption went from 0.69 GB to 0.69 GB.
Total: 12.796916 ms (FindLiveObjects: 0.191209 ms CreateObjectMapping: 0.063708 ms MarkObjects: 12.392667 ms  DeleteObjects: 0.149084 ms)

Prepare: number of updated asset objects reloaded= 0
AssetImportParameters requested are different than current active one (requested -> active):
  custom:scripting/monoscript/fileName/CellGroundTemplate.cs: 23fbc9fe88d5d29d8afe1941fe612534 -> 
  custom:container-demuxer-ogg: 62fdf1f143b41e24485cea50d1cbac27 -> 
  custom:video-decoder-ogg-theora: a1e56fd34408186e4bbccfd4996cb3dc -> 
  custom:CustomObjectIndexerAttribute: 62b5816608c3102f162a1797e29626cf -> 
  custom:scripting/monoscript/fileName/TilesTemplateCollection.cs: 1323639491948449d899f7c3d116358a -> 9b97b84b558d043388e687408423c9fa
  custom:container-demuxer-webm: 4f35f7cbe854078d1ac9338744f61a02 -> 
  custom:container-muxer-webm: aa71ff27fc2769a1b78a27578f13a17b -> 
  custom:scripting/monoscript/fileName/CellGroundTemplateCollection.cs: 3862488741336215d595b160b6ea7dd6 -> 
  custom:video-decoder-webm-vp8: 9c59270c3fd7afecdb556c50c9e8de78 -> 
  custom:SearchIndexIgnoredProperties: e643bd26f0fe6173181afceb89e7c659 -> 
  custom:AudioImporter_EditorPlatform: 3918e3fc78b5a79bad01e8451be0beb8 -> 
  custom:framework-osx-AVFoundation: e770b220cccbd017edd2c1fefb359320 -> 
  custom:scripting/monoscript/fileName/TileTemplate.cs: da25af36d628451bcf3c197eba2f7e2a -> 5d21bd9ae0ebd364cdee84e2580ef8dd
  custom:video-encoder-webm-vp8: eb34c28f22e8b96e1ab97ce403110664 -> 
  custom:scripting/monoscript/fileName/TileFactory.cs: 35e1bbfbcf48ecbcae4d22d839fcdebe -> 2c3aa46bcf21b32861e15e90842dd277
  custom:audio-decoder-ogg-vorbis: bf7c407c2cedff20999df2af8eb42d56 -> 
  custom:audio-encoder-webm-vorbis: bf7c407c2cedff20999df2af8eb42d56 -> 
========================================================================
Received Import Request.
  Time since last request: 16.793182 seconds.
  path: Assets/Prefabs/Tiles/building-mine.prefab
  artifactKey: Guid(9dc79ebe6b7a84f54bfc3706252044ad) Importer(815301076,1909f56bfc062723c751e8b465ee728b)
Start importing Assets/Prefabs/Tiles/building-mine.prefab using Guid(9dc79ebe6b7a84f54bfc3706252044ad) Importer(815301076,1909f56bfc062723c751e8b465ee728b)  -> (artifact id: '8b24cfd9216940b9078ed7130e5d1f49') in 0.266106 seconds
Number of updated asset objects reloaded before import = 0
Number of asset objects unloaded after import = 39
========================================================================
Received Prepare
Begin MonoManager ReloadAssembly
Thread 0x280143000 may have been prematurely finalized
- Loaded All Assemblies, in  0.373 seconds
Refreshing native plugins compatible for Editor in 1.40 ms, found 2 plugins.
Native extension for WindowsStandalone target not found
Native extension for iOS target not found
Native extension for Android target not found
Native extension for OSXStandalone target not found
[Package Manager] Server::EnsureServerProcessIsRunning -- launch failed, reason: Unity was launched with the -noUpm command-line argument
[Package Manager] UpmClient::Send -- Unable to send message (not connected to UPM process).
[Package Manager] Cannot connect to Unity Package Manager local server
Mono: successfully reloaded assembly
- Finished resetting the current domain, in  1.058 seconds
Domain Reload Profiling: 1431ms
	BeginReloadAssembly (145ms)
		ExecutionOrderSort (0ms)
		DisableScriptedObjects (10ms)
		BackupInstance (0ms)
		ReleaseScriptingObjects (0ms)
		CreateAndSetChildDomain (76ms)
	RebuildCommonClasses (25ms)
	RebuildNativeTypeToScriptingClass (7ms)
	initialDomainReloadingComplete (17ms)
	LoadAllAssembliesAndSetupDomain (177ms)
		LoadAssemblies (167ms)
		RebuildTransferFunctionScriptingTraits (0ms)
		AnalyzeDomain (43ms)
			TypeCache.Refresh (12ms)
				TypeCache.ScanAssembly (2ms)
			ScanForSourceGeneratedMonoScriptInfo (23ms)
			ResolveRequiredComponents (8ms)
	FinalizeReload (1059ms)
		ReleaseScriptCaches (0ms)
		RebuildScriptCaches (0ms)
		SetupLoadedEditorAssemblies (463ms)
			LogAssemblyErrors (0ms)
			InitializePlatformSupportModulesInManaged (17ms)
			SetLoadedEditorAssemblies (3ms)
			RefreshPlugins (0ms)
			BeforeProcessingInitializeOnLoad (51ms)
			ProcessInitializeOnLoadAttributes (348ms)
			ProcessInitializeOnLoadMethodAttributes (44ms)
			AfterProcessingInitializeOnLoad (1ms)
			EditorAssembliesLoaded (0ms)
		ExecutionOrderSort2 (0ms)
		AwakeInstancesAfterBackupRestoration (20ms)
Refreshing native plugins compatible for Editor in 1.57 ms, found 2 plugins.
Preloading 0 native plugins for Editor in 0.00 ms.
Unloading 5406 Unused Serialized files (Serialized files now loaded: 0)
Unloading 60 unused Assets / (391.2 KB). Loaded Objects now: 6965.
Memory consumption went from 0.71 GB to 0.71 GB.
Total: 14.738500 ms (FindLiveObjects: 0.256167 ms CreateObjectMapping: 0.062459 ms MarkObjects: 14.232291 ms  DeleteObjects: 0.186583 ms)

Prepare: number of updated asset objects reloaded= 0
AssetImportParameters requested are different than current active one (requested -> active):
  custom:scripting/monoscript/fileName/CellGroundTemplate.cs: 23fbc9fe88d5d29d8afe1941fe612534 -> 
  custom:container-demuxer-ogg: 62fdf1f143b41e24485cea50d1cbac27 -> 
  custom:video-decoder-ogg-theora: a1e56fd34408186e4bbccfd4996cb3dc -> 
  custom:CustomObjectIndexerAttribute: 62b5816608c3102f162a1797e29626cf -> 
  custom:scripting/monoscript/fileName/TilesTemplateCollection.cs: 1323639491948449d899f7c3d116358a -> 9b97b84b558d043388e687408423c9fa
  custom:container-demuxer-webm: 4f35f7cbe854078d1ac9338744f61a02 -> 
  custom:container-muxer-webm: aa71ff27fc2769a1b78a27578f13a17b -> 
  custom:scripting/monoscript/fileName/CellGroundTemplateCollection.cs: 3862488741336215d595b160b6ea7dd6 -> 
  custom:video-decoder-webm-vp8: 9c59270c3fd7afecdb556c50c9e8de78 -> 
  custom:SearchIndexIgnoredProperties: e643bd26f0fe6173181afceb89e7c659 -> 
  custom:AudioImporter_EditorPlatform: 3918e3fc78b5a79bad01e8451be0beb8 -> 
  custom:framework-osx-AVFoundation: e770b220cccbd017edd2c1fefb359320 -> 
  custom:scripting/monoscript/fileName/TileTemplate.cs: da25af36d628451bcf3c197eba2f7e2a -> 5d21bd9ae0ebd364cdee84e2580ef8dd
  custom:video-encoder-webm-vp8: eb34c28f22e8b96e1ab97ce403110664 -> 
  custom:scripting/monoscript/fileName/TileFactory.cs: 35e1bbfbcf48ecbcae4d22d839fcdebe -> 2c3aa46bcf21b32861e15e90842dd277
  custom:audio-decoder-ogg-vorbis: bf7c407c2cedff20999df2af8eb42d56 -> 
  custom:audio-encoder-webm-vorbis: bf7c407c2cedff20999df2af8eb42d56 -> 
========================================================================
Received Import Request.
  Time since last request: 75.138207 seconds.
  path: Assets/Prefabs/Tiles/building-mine.prefab
  artifactKey: Guid(9dc79ebe6b7a84f54bfc3706252044ad) Importer(815301076,1909f56bfc062723c751e8b465ee728b)
Start importing Assets/Prefabs/Tiles/building-mine.prefab using Guid(9dc79ebe6b7a84f54bfc3706252044ad) Importer(815301076,1909f56bfc062723c751e8b465ee728b)  -> (artifact id: '13c8683d7bdc275425409fdb30919e89') in 0.288676 seconds
Number of updated asset objects reloaded before import = 0
Number of asset objects unloaded after import = 39
========================================================================
Received Prepare
Begin MonoManager ReloadAssembly
Thread 0x28018b000 may have been prematurely finalized
- Loaded All Assemblies, in  0.577 seconds
Refreshing native plugins compatible for Editor in 1.53 ms, found 2 plugins.
Native extension for WindowsStandalone target not found
Native extension for iOS target not found
Native extension for Android target not found
Native extension for OSXStandalone target not found
[Package Manager] Server::EnsureServerProcessIsRunning -- launch failed, reason: Unity was launched with the -noUpm command-line argument
[Package Manager] UpmClient::Send -- Unable to send message (not connected to UPM process).
[Package Manager] Cannot connect to Unity Package Manager local server
Mono: successfully reloaded assembly
- Finished resetting the current domain, in  1.156 seconds
Domain Reload Profiling: 1734ms
	BeginReloadAssembly (158ms)
		ExecutionOrderSort (0ms)
		DisableScriptedObjects (8ms)
		BackupInstance (0ms)
		ReleaseScriptingObjects (0ms)
		CreateAndSetChildDomain (99ms)
	RebuildCommonClasses (21ms)
	RebuildNativeTypeToScriptingClass (7ms)
	initialDomainReloadingComplete (15ms)
	LoadAllAssembliesAndSetupDomain (377ms)
		LoadAssemblies (351ms)
		RebuildTransferFunctionScriptingTraits (0ms)
		AnalyzeDomain (49ms)
			TypeCache.Refresh (21ms)
				TypeCache.ScanAssembly (2ms)
			ScanForSourceGeneratedMonoScriptInfo (19ms)
			ResolveRequiredComponents (9ms)
	FinalizeReload (1156ms)
		ReleaseScriptCaches (0ms)
		RebuildScriptCaches (0ms)
		SetupLoadedEditorAssemblies (477ms)
			LogAssemblyErrors (0ms)
			InitializePlatformSupportModulesInManaged (19ms)
			SetLoadedEditorAssemblies (3ms)
			RefreshPlugins (0ms)
			BeforeProcessingInitializeOnLoad (52ms)
			ProcessInitializeOnLoadAttributes (363ms)
			ProcessInitializeOnLoadMethodAttributes (40ms)
			AfterProcessingInitializeOnLoad (1ms)
			EditorAssembliesLoaded (0ms)
		ExecutionOrderSort2 (0ms)
		AwakeInstancesAfterBackupRestoration (22ms)
Refreshing native plugins compatible for Editor in 1.63 ms, found 2 plugins.
Preloading 0 native plugins for Editor in 0.00 ms.
Unloading 5406 Unused Serialized files (Serialized files now loaded: 0)
Unloading 60 unused Assets / (391.1 KB). Loaded Objects now: 7005.
Memory consumption went from 0.72 GB to 0.72 GB.
Total: 12.971583 ms (FindLiveObjects: 0.215541 ms CreateObjectMapping: 0.061084 ms MarkObjects: 12.540750 ms  DeleteObjects: 0.153750 ms)

Prepare: number of updated asset objects reloaded= 0
AssetImportParameters requested are different than current active one (requested -> active):
  custom:scripting/monoscript/fileName/CellGroundTemplate.cs: 23fbc9fe88d5d29d8afe1941fe612534 -> 
  custom:container-demuxer-ogg: 62fdf1f143b41e24485cea50d1cbac27 -> 
  custom:video-decoder-ogg-theora: a1e56fd34408186e4bbccfd4996cb3dc -> 
  custom:CustomObjectIndexerAttribute: 62b5816608c3102f162a1797e29626cf -> 
  custom:scripting/monoscript/fileName/TilesTemplateCollection.cs: 1323639491948449d899f7c3d116358a -> 9b97b84b558d043388e687408423c9fa
  custom:container-demuxer-webm: 4f35f7cbe854078d1ac9338744f61a02 -> 
  custom:container-muxer-webm: aa71ff27fc2769a1b78a27578f13a17b -> 
  custom:scripting/monoscript/fileName/CellGroundTemplateCollection.cs: 3862488741336215d595b160b6ea7dd6 -> 
  custom:video-decoder-webm-vp8: 9c59270c3fd7afecdb556c50c9e8de78 -> 
  custom:SearchIndexIgnoredProperties: e643bd26f0fe6173181afceb89e7c659 -> 
  custom:AudioImporter_EditorPlatform: 3918e3fc78b5a79bad01e8451be0beb8 -> 
  custom:framework-osx-AVFoundation: e770b220cccbd017edd2c1fefb359320 -> 
  custom:scripting/monoscript/fileName/TileTemplate.cs: da25af36d628451bcf3c197eba2f7e2a -> 5d21bd9ae0ebd364cdee84e2580ef8dd
  custom:video-encoder-webm-vp8: eb34c28f22e8b96e1ab97ce403110664 -> 
  custom:scripting/monoscript/fileName/TileFactory.cs: 35e1bbfbcf48ecbcae4d22d839fcdebe -> 2c3aa46bcf21b32861e15e90842dd277
  custom:audio-decoder-ogg-vorbis: bf7c407c2cedff20999df2af8eb42d56 -> 
  custom:audio-encoder-webm-vorbis: bf7c407c2cedff20999df2af8eb42d56 -> 
========================================================================
Received Prepare
Begin MonoManager ReloadAssembly
Thread 0x28018b000 may have been prematurely finalized
- Loaded All Assemblies, in  0.434 seconds
Refreshing native plugins compatible for Editor in 1.62 ms, found 2 plugins.
Native extension for WindowsStandalone target not found
Native extension for iOS target not found
Native extension for Android target not found
Native extension for OSXStandalone target not found
[Package Manager] Server::EnsureServerProcessIsRunning -- launch failed, reason: Unity was launched with the -noUpm command-line argument
[Package Manager] UpmClient::Send -- Unable to send message (not connected to UPM process).
[Package Manager] Cannot connect to Unity Package Manager local server
Mono: successfully reloaded assembly
- Finished resetting the current domain, in  1.147 seconds
Domain Reload Profiling: 1581ms
	BeginReloadAssembly (148ms)
		ExecutionOrderSort (0ms)
		DisableScriptedObjects (22ms)
		BackupInstance (0ms)
		ReleaseScriptingObjects (0ms)
		CreateAndSetChildDomain (52ms)
	RebuildCommonClasses (24ms)
	RebuildNativeTypeToScriptingClass (8ms)
	initialDomainReloadingComplete (27ms)
	LoadAllAssembliesAndSetupDomain (227ms)
		LoadAssemblies (213ms)
		RebuildTransferFunctionScriptingTraits (0ms)
		AnalyzeDomain (45ms)
			TypeCache.Refresh (16ms)
				TypeCache.ScanAssembly (2ms)
			ScanForSourceGeneratedMonoScriptInfo (20ms)
			ResolveRequiredComponents (9ms)
	FinalizeReload (1148ms)
		ReleaseScriptCaches (0ms)
		RebuildScriptCaches (0ms)
		SetupLoadedEditorAssemblies (497ms)
			LogAssemblyErrors (0ms)
			InitializePlatformSupportModulesInManaged (22ms)
			SetLoadedEditorAssemblies (3ms)
			RefreshPlugins (0ms)
			BeforeProcessingInitializeOnLoad (57ms)
			ProcessInitializeOnLoadAttributes (374ms)
			ProcessInitializeOnLoadMethodAttributes (41ms)
			AfterProcessingInitializeOnLoad (1ms)
			EditorAssembliesLoaded (0ms)
		ExecutionOrderSort2 (0ms)
		AwakeInstancesAfterBackupRestoration (23ms)
Refreshing native plugins compatible for Editor in 1.55 ms, found 2 plugins.
Preloading 0 native plugins for Editor in 0.00 ms.
Unloading 5406 Unused Serialized files (Serialized files now loaded: 0)
Unloading 59 unused Assets / (391.4 KB). Loaded Objects now: 7009.
Memory consumption went from 0.73 GB to 0.73 GB.
Total: 14.102208 ms (FindLiveObjects: 0.253458 ms CreateObjectMapping: 0.071541 ms MarkObjects: 13.622959 ms  DeleteObjects: 0.153500 ms)

Prepare: number of updated asset objects reloaded= 0
AssetImportParameters requested are different than current active one (requested -> active):
  custom:scripting/monoscript/fileName/CellGroundTemplate.cs: 23fbc9fe88d5d29d8afe1941fe612534 -> 
  custom:container-demuxer-ogg: 62fdf1f143b41e24485cea50d1cbac27 -> 
  custom:video-decoder-ogg-theora: a1e56fd34408186e4bbccfd4996cb3dc -> 
  custom:CustomObjectIndexerAttribute: 62b5816608c3102f162a1797e29626cf -> 
  custom:scripting/monoscript/fileName/TilesTemplateCollection.cs: 1323639491948449d899f7c3d116358a -> 9b97b84b558d043388e687408423c9fa
  custom:container-demuxer-webm: 4f35f7cbe854078d1ac9338744f61a02 -> 
  custom:container-muxer-webm: aa71ff27fc2769a1b78a27578f13a17b -> 
  custom:scripting/monoscript/fileName/CellGroundTemplateCollection.cs: 3862488741336215d595b160b6ea7dd6 -> 
  custom:video-decoder-webm-vp8: 9c59270c3fd7afecdb556c50c9e8de78 -> 
  custom:SearchIndexIgnoredProperties: e643bd26f0fe6173181afceb89e7c659 -> 
  custom:AudioImporter_EditorPlatform: 3918e3fc78b5a79bad01e8451be0beb8 -> 
  custom:framework-osx-AVFoundation: e770b220cccbd017edd2c1fefb359320 -> 
  custom:scripting/monoscript/fileName/TileTemplate.cs: da25af36d628451bcf3c197eba2f7e2a -> 5d21bd9ae0ebd364cdee84e2580ef8dd
  custom:video-encoder-webm-vp8: eb34c28f22e8b96e1ab97ce403110664 -> 
  custom:scripting/monoscript/fileName/TileFactory.cs: 35e1bbfbcf48ecbcae4d22d839fcdebe -> 2c3aa46bcf21b32861e15e90842dd277
  custom:audio-decoder-ogg-vorbis: bf7c407c2cedff20999df2af8eb42d56 -> 
  custom:audio-encoder-webm-vorbis: bf7c407c2cedff20999df2af8eb42d56 -> 
========================================================================
Received Prepare
Begin MonoManager ReloadAssembly
Thread 0x28018b000 may have been prematurely finalized
- Loaded All Assemblies, in  0.460 seconds
Refreshing native plugins compatible for Editor in 1.72 ms, found 2 plugins.
Native extension for WindowsStandalone target not found
Native extension for iOS target not found
Native extension for Android target not found
Native extension for OSXStandalone target not found
[Package Manager] Server::EnsureServerProcessIsRunning -- launch failed, reason: Unity was launched with the -noUpm command-line argument
[Package Manager] UpmClient::Send -- Unable to send message (not connected to UPM process).
[Package Manager] Cannot connect to Unity Package Manager local server
Mono: successfully reloaded assembly
- Finished resetting the current domain, in  1.072 seconds
Domain Reload Profiling: 1532ms
	BeginReloadAssembly (158ms)
		ExecutionOrderSort (0ms)
		DisableScriptedObjects (12ms)
		BackupInstance (0ms)
		ReleaseScriptingObjects (0ms)
		CreateAndSetChildDomain (68ms)
	RebuildCommonClasses (20ms)
	RebuildNativeTypeToScriptingClass (7ms)
	initialDomainReloadingComplete (31ms)
	LoadAllAssembliesAndSetupDomain (244ms)
		LoadAssemblies (225ms)
		RebuildTransferFunctionScriptingTraits (0ms)
		AnalyzeDomain (45ms)
			TypeCache.Refresh (13ms)
				TypeCache.ScanAssembly (2ms)
			ScanForSourceGeneratedMonoScriptInfo (23ms)
			ResolveRequiredComponents (8ms)
	FinalizeReload (1072ms)
		ReleaseScriptCaches (0ms)
		RebuildScriptCaches (0ms)
		SetupLoadedEditorAssemblies (442ms)
			LogAssemblyErrors (0ms)
			InitializePlatformSupportModulesInManaged (17ms)
			SetLoadedEditorAssemblies (2ms)
			RefreshPlugins (0ms)
			BeforeProcessingInitializeOnLoad (52ms)
			ProcessInitializeOnLoadAttributes (334ms)
			ProcessInitializeOnLoadMethodAttributes (35ms)
			AfterProcessingInitializeOnLoad (1ms)
			EditorAssembliesLoaded (0ms)
		ExecutionOrderSort2 (0ms)
		AwakeInstancesAfterBackupRestoration (25ms)
Refreshing native plugins compatible for Editor in 1.58 ms, found 2 plugins.
Preloading 0 native plugins for Editor in 0.00 ms.
Unloading 5406 Unused Serialized files (Serialized files now loaded: 0)
Unloading 59 unused Assets / (390.2 KB). Loaded Objects now: 7013.
Memory consumption went from 0.75 GB to 0.75 GB.
Total: 17.012917 ms (FindLiveObjects: 0.261917 ms CreateObjectMapping: 0.070250 ms MarkObjects: 16.475125 ms  DeleteObjects: 0.204625 ms)

Prepare: number of updated asset objects reloaded= 0
AssetImportParameters requested are different than current active one (requested -> active):
  custom:scripting/monoscript/fileName/CellGroundTemplate.cs: 23fbc9fe88d5d29d8afe1941fe612534 -> 
  custom:container-demuxer-ogg: 62fdf1f143b41e24485cea50d1cbac27 -> 
  custom:video-decoder-ogg-theora: a1e56fd34408186e4bbccfd4996cb3dc -> 
  custom:CustomObjectIndexerAttribute: 62b5816608c3102f162a1797e29626cf -> 
  custom:scripting/monoscript/fileName/TilesTemplateCollection.cs: 1323639491948449d899f7c3d116358a -> 9b97b84b558d043388e687408423c9fa
  custom:container-demuxer-webm: 4f35f7cbe854078d1ac9338744f61a02 -> 
  custom:container-muxer-webm: aa71ff27fc2769a1b78a27578f13a17b -> 
  custom:scripting/monoscript/fileName/CellGroundTemplateCollection.cs: 3862488741336215d595b160b6ea7dd6 -> 
  custom:video-decoder-webm-vp8: 9c59270c3fd7afecdb556c50c9e8de78 -> 
  custom:SearchIndexIgnoredProperties: e643bd26f0fe6173181afceb89e7c659 -> 
  custom:AudioImporter_EditorPlatform: 3918e3fc78b5a79bad01e8451be0beb8 -> 
  custom:framework-osx-AVFoundation: e770b220cccbd017edd2c1fefb359320 -> 
  custom:scripting/monoscript/fileName/TileTemplate.cs: da25af36d628451bcf3c197eba2f7e2a -> 5d21bd9ae0ebd364cdee84e2580ef8dd
  custom:video-encoder-webm-vp8: eb34c28f22e8b96e1ab97ce403110664 -> 
  custom:scripting/monoscript/fileName/TileFactory.cs: 35e1bbfbcf48ecbcae4d22d839fcdebe -> 2c3aa46bcf21b32861e15e90842dd277
  custom:audio-decoder-ogg-vorbis: bf7c407c2cedff20999df2af8eb42d56 -> 
  custom:audio-encoder-webm-vorbis: bf7c407c2cedff20999df2af8eb42d56 -> 
========================================================================
Received Prepare
Begin MonoManager ReloadAssembly
Thread 0x28018b000 may have been prematurely finalized
- Loaded All Assemblies, in  0.541 seconds
Refreshing native plugins compatible for Editor in 1.45 ms, found 2 plugins.
Native extension for WindowsStandalone target not found
Native extension for iOS target not found
Native extension for Android target not found
Native extension for OSXStandalone target not found
[Package Manager] Server::EnsureServerProcessIsRunning -- launch failed, reason: Unity was launched with the -noUpm command-line argument
[Package Manager] UpmClient::Send -- Unable to send message (not connected to UPM process).
[Package Manager] Cannot connect to Unity Package Manager local server
Mono: successfully reloaded assembly
- Finished resetting the current domain, in  1.178 seconds
Domain Reload Profiling: 1719ms
	BeginReloadAssembly (309ms)
		ExecutionOrderSort (0ms)
		DisableScriptedObjects (22ms)
		BackupInstance (0ms)
		ReleaseScriptingObjects (0ms)
		CreateAndSetChildDomain (175ms)
	RebuildCommonClasses (22ms)
	RebuildNativeTypeToScriptingClass (8ms)
	initialDomainReloadingComplete (18ms)
	LoadAllAssembliesAndSetupDomain (184ms)
		LoadAssemblies (223ms)
		RebuildTransferFunctionScriptingTraits (0ms)
		AnalyzeDomain (38ms)
			TypeCache.Refresh (11ms)
				TypeCache.ScanAssembly (2ms)
			ScanForSourceGeneratedMonoScriptInfo (19ms)
			ResolveRequiredComponents (8ms)
	FinalizeReload (1179ms)
		ReleaseScriptCaches (0ms)
		RebuildScriptCaches (0ms)
		SetupLoadedEditorAssemblies (458ms)
			LogAssemblyErrors (0ms)
			InitializePlatformSupportModulesInManaged (17ms)
			SetLoadedEditorAssemblies (3ms)
			RefreshPlugins (0ms)
			BeforeProcessingInitializeOnLoad (53ms)
			ProcessInitializeOnLoadAttributes (348ms)
			ProcessInitializeOnLoadMethodAttributes (36ms)
			AfterProcessingInitializeOnLoad (1ms)
			EditorAssembliesLoaded (0ms)
		ExecutionOrderSort2 (0ms)
		AwakeInstancesAfterBackupRestoration (26ms)
Refreshing native plugins compatible for Editor in 1.50 ms, found 2 plugins.
Preloading 0 native plugins for Editor in 0.00 ms.
Unloading 5405 Unused Serialized files (Serialized files now loaded: 0)
Unloading 60 unused Assets / (390.7 KB). Loaded Objects now: 7016.
Memory consumption went from 0.76 GB to 0.76 GB.
Total: 15.091625 ms (FindLiveObjects: 0.208083 ms CreateObjectMapping: 0.062125 ms MarkObjects: 14.657041 ms  DeleteObjects: 0.163583 ms)

Prepare: number of updated asset objects reloaded= 0
AssetImportParameters requested are different than current active one (requested -> active):
  custom:scripting/monoscript/fileName/CellGroundTemplate.cs: 23fbc9fe88d5d29d8afe1941fe612534 -> 
  custom:container-demuxer-ogg: 62fdf1f143b41e24485cea50d1cbac27 -> 
  custom:video-decoder-ogg-theora: a1e56fd34408186e4bbccfd4996cb3dc -> 
  custom:CustomObjectIndexerAttribute: 62b5816608c3102f162a1797e29626cf -> 
  custom:scripting/monoscript/fileName/TilesTemplateCollection.cs: 1323639491948449d899f7c3d116358a -> 9b97b84b558d043388e687408423c9fa
  custom:container-demuxer-webm: 4f35f7cbe854078d1ac9338744f61a02 -> 
  custom:container-muxer-webm: aa71ff27fc2769a1b78a27578f13a17b -> 
  custom:scripting/monoscript/fileName/CellGroundTemplateCollection.cs: 3862488741336215d595b160b6ea7dd6 -> 
  custom:video-decoder-webm-vp8: 9c59270c3fd7afecdb556c50c9e8de78 -> 
  custom:SearchIndexIgnoredProperties: e643bd26f0fe6173181afceb89e7c659 -> 
  custom:AudioImporter_EditorPlatform: 3918e3fc78b5a79bad01e8451be0beb8 -> 
  custom:framework-osx-AVFoundation: e770b220cccbd017edd2c1fefb359320 -> 
  custom:scripting/monoscript/fileName/TileTemplate.cs: da25af36d628451bcf3c197eba2f7e2a -> 5d21bd9ae0ebd364cdee84e2580ef8dd
  custom:video-encoder-webm-vp8: eb34c28f22e8b96e1ab97ce403110664 -> 
  custom:scripting/monoscript/fileName/TileFactory.cs: 35e1bbfbcf48ecbcae4d22d839fcdebe -> 2c3aa46bcf21b32861e15e90842dd277
  custom:audio-decoder-ogg-vorbis: bf7c407c2cedff20999df2af8eb42d56 -> 
  custom:audio-encoder-webm-vorbis: bf7c407c2cedff20999df2af8eb42d56 -> 
========================================================================
Received Prepare
Begin MonoManager ReloadAssembly
Thread 0x28018b000 may have been prematurely finalized
- Loaded All Assemblies, in  0.491 seconds
Refreshing native plugins compatible for Editor in 2.08 ms, found 2 plugins.
Native extension for WindowsStandalone target not found
Native extension for iOS target not found
Native extension for Android target not found
Native extension for OSXStandalone target not found
[Package Manager] Server::EnsureServerProcessIsRunning -- launch failed, reason: Unity was launched with the -noUpm command-line argument
[Package Manager] UpmClient::Send -- Unable to send message (not connected to UPM process).
[Package Manager] Cannot connect to Unity Package Manager local server
Mono: successfully reloaded assembly
- Finished resetting the current domain, in  1.102 seconds
Domain Reload Profiling: 1593ms
	BeginReloadAssembly (183ms)
		ExecutionOrderSort (0ms)
		DisableScriptedObjects (5ms)
		BackupInstance (0ms)
		ReleaseScriptingObjects (0ms)
		CreateAndSetChildDomain (118ms)
	RebuildCommonClasses (21ms)
	RebuildNativeTypeToScriptingClass (7ms)
	initialDomainReloadingComplete (15ms)
	LoadAllAssembliesAndSetupDomain (264ms)
		LoadAssemblies (245ms)
		RebuildTransferFunctionScriptingTraits (0ms)
		AnalyzeDomain (51ms)
			TypeCache.Refresh (11ms)
				TypeCache.ScanAssembly (2ms)
			ScanForSourceGeneratedMonoScriptInfo (27ms)
			ResolveRequiredComponents (11ms)
	FinalizeReload (1102ms)
		ReleaseScriptCaches (0ms)
		RebuildScriptCaches (0ms)
		SetupLoadedEditorAssemblies (471ms)
			LogAssemblyErrors (0ms)
			InitializePlatformSupportModulesInManaged (18ms)
			SetLoadedEditorAssemblies (3ms)
			RefreshPlugins (0ms)
			BeforeProcessingInitializeOnLoad (54ms)
			ProcessInitializeOnLoadAttributes (359ms)
			ProcessInitializeOnLoadMethodAttributes (37ms)
			AfterProcessingInitializeOnLoad (1ms)
			EditorAssembliesLoaded (0ms)
		ExecutionOrderSort2 (0ms)
		AwakeInstancesAfterBackupRestoration (26ms)
Refreshing native plugins compatible for Editor in 1.79 ms, found 2 plugins.
Preloading 0 native plugins for Editor in 0.00 ms.
Unloading 5404 Unused Serialized files (Serialized files now loaded: 0)
Unloading 60 unused Assets / (391.7 KB). Loaded Objects now: 7019.
Memory consumption went from 0.77 GB to 0.77 GB.
Total: 14.243917 ms (FindLiveObjects: 0.244750 ms CreateObjectMapping: 0.069875 ms MarkObjects: 13.760458 ms  DeleteObjects: 0.167958 ms)

Prepare: number of updated asset objects reloaded= 0
AssetImportParameters requested are different than current active one (requested -> active):
  custom:scripting/monoscript/fileName/CellGroundTemplate.cs: 23fbc9fe88d5d29d8afe1941fe612534 -> 
  custom:container-demuxer-ogg: 62fdf1f143b41e24485cea50d1cbac27 -> 
  custom:video-decoder-ogg-theora: a1e56fd34408186e4bbccfd4996cb3dc -> 
  custom:CustomObjectIndexerAttribute: 62b5816608c3102f162a1797e29626cf -> 
  custom:scripting/monoscript/fileName/TilesTemplateCollection.cs: 1323639491948449d899f7c3d116358a -> 9b97b84b558d043388e687408423c9fa
  custom:container-demuxer-webm: 4f35f7cbe854078d1ac9338744f61a02 -> 
  custom:container-muxer-webm: aa71ff27fc2769a1b78a27578f13a17b -> 
  custom:scripting/monoscript/fileName/CellGroundTemplateCollection.cs: 3862488741336215d595b160b6ea7dd6 -> 
  custom:video-decoder-webm-vp8: 9c59270c3fd7afecdb556c50c9e8de78 -> 
  custom:SearchIndexIgnoredProperties: e643bd26f0fe6173181afceb89e7c659 -> 
  custom:AudioImporter_EditorPlatform: 3918e3fc78b5a79bad01e8451be0beb8 -> 
  custom:framework-osx-AVFoundation: e770b220cccbd017edd2c1fefb359320 -> 
  custom:scripting/monoscript/fileName/TileTemplate.cs: da25af36d628451bcf3c197eba2f7e2a -> 5d21bd9ae0ebd364cdee84e2580ef8dd
  custom:video-encoder-webm-vp8: eb34c28f22e8b96e1ab97ce403110664 -> 
  custom:scripting/monoscript/fileName/TileFactory.cs: 35e1bbfbcf48ecbcae4d22d839fcdebe -> 2c3aa46bcf21b32861e15e90842dd277
  custom:audio-decoder-ogg-vorbis: bf7c407c2cedff20999df2af8eb42d56 -> 
  custom:audio-encoder-webm-vorbis: bf7c407c2cedff20999df2af8eb42d56 -> 
========================================================================
Received Prepare
Begin MonoManager ReloadAssembly
Thread 0x280987000 may have been prematurely finalized
- Loaded All Assemblies, in  0.479 seconds
Refreshing native plugins compatible for Editor in 1.54 ms, found 2 plugins.
Native extension for WindowsStandalone target not found
Native extension for iOS target not found
Native extension for Android target not found
Native extension for OSXStandalone target not found
[Package Manager] Server::EnsureServerProcessIsRunning -- launch failed, reason: Unity was launched with the -noUpm command-line argument
[Package Manager] UpmClient::Send -- Unable to send message (not connected to UPM process).
[Package Manager] Cannot connect to Unity Package Manager local server
Mono: successfully reloaded assembly
- Finished resetting the current domain, in  1.011 seconds
Domain Reload Profiling: 1490ms
	BeginReloadAssembly (252ms)
		ExecutionOrderSort (0ms)
		DisableScriptedObjects (7ms)
		BackupInstance (0ms)
		ReleaseScriptingObjects (0ms)
		CreateAndSetChildDomain (180ms)
	RebuildCommonClasses (27ms)
	RebuildNativeTypeToScriptingClass (8ms)
	initialDomainReloadingComplete (23ms)
	LoadAllAssembliesAndSetupDomain (168ms)
		LoadAssemblies (170ms)
		RebuildTransferFunctionScriptingTraits (0ms)
		AnalyzeDomain (34ms)
			TypeCache.Refresh (10ms)
				TypeCache.ScanAssembly (2ms)
			ScanForSourceGeneratedMonoScriptInfo (16ms)
			ResolveRequiredComponents (8ms)
	FinalizeReload (1011ms)
		ReleaseScriptCaches (0ms)
		RebuildScriptCaches (0ms)
		SetupLoadedEditorAssemblies (457ms)
			LogAssemblyErrors (0ms)
			InitializePlatformSupportModulesInManaged (21ms)
			SetLoadedEditorAssemblies (3ms)
			RefreshPlugins (0ms)
			BeforeProcessingInitializeOnLoad (55ms)
			ProcessInitializeOnLoadAttributes (342ms)
			ProcessInitializeOnLoadMethodAttributes (37ms)
			AfterProcessingInitializeOnLoad (1ms)
			EditorAssembliesLoaded (0ms)
		ExecutionOrderSort2 (0ms)
		AwakeInstancesAfterBackupRestoration (25ms)
Refreshing native plugins compatible for Editor in 1.48 ms, found 2 plugins.
Preloading 0 native plugins for Editor in 0.00 ms.
Unloading 5404 Unused Serialized files (Serialized files now loaded: 0)
Unloading 59 unused Assets / (390.3 KB). Loaded Objects now: 7023.
Memory consumption went from 0.78 GB to 0.78 GB.
Total: 13.687833 ms (FindLiveObjects: 0.241250 ms CreateObjectMapping: 0.062459 ms MarkObjects: 13.246959 ms  DeleteObjects: 0.136458 ms)

Prepare: number of updated asset objects reloaded= 0
AssetImportParameters requested are different than current active one (requested -> active):
  custom:scripting/monoscript/fileName/CellGroundTemplate.cs: 23fbc9fe88d5d29d8afe1941fe612534 -> 
  custom:container-demuxer-ogg: 62fdf1f143b41e24485cea50d1cbac27 -> 
  custom:video-decoder-ogg-theora: a1e56fd34408186e4bbccfd4996cb3dc -> 
  custom:CustomObjectIndexerAttribute: 62b5816608c3102f162a1797e29626cf -> 
  custom:scripting/monoscript/fileName/TilesTemplateCollection.cs: 1323639491948449d899f7c3d116358a -> 9b97b84b558d043388e687408423c9fa
  custom:container-demuxer-webm: 4f35f7cbe854078d1ac9338744f61a02 -> 
  custom:container-muxer-webm: aa71ff27fc2769a1b78a27578f13a17b -> 
  custom:scripting/monoscript/fileName/CellGroundTemplateCollection.cs: 3862488741336215d595b160b6ea7dd6 -> 
  custom:video-decoder-webm-vp8: 9c59270c3fd7afecdb556c50c9e8de78 -> 
  custom:SearchIndexIgnoredProperties: e643bd26f0fe6173181afceb89e7c659 -> 
  custom:AudioImporter_EditorPlatform: 3918e3fc78b5a79bad01e8451be0beb8 -> 
  custom:framework-osx-AVFoundation: e770b220cccbd017edd2c1fefb359320 -> 
  custom:scripting/monoscript/fileName/TileTemplate.cs: da25af36d628451bcf3c197eba2f7e2a -> 5d21bd9ae0ebd364cdee84e2580ef8dd
  custom:video-encoder-webm-vp8: eb34c28f22e8b96e1ab97ce403110664 -> 
  custom:scripting/monoscript/fileName/TileFactory.cs: 35e1bbfbcf48ecbcae4d22d839fcdebe -> 2c3aa46bcf21b32861e15e90842dd277
  custom:audio-decoder-ogg-vorbis: bf7c407c2cedff20999df2af8eb42d56 -> 
  custom:audio-encoder-webm-vorbis: bf7c407c2cedff20999df2af8eb42d56 -> 
========================================================================
Received Prepare
Begin MonoManager ReloadAssembly
Thread 0x28083f000 may have been prematurely finalized
- Loaded All Assemblies, in  0.359 seconds
Refreshing native plugins compatible for Editor in 1.43 ms, found 2 plugins.
Native extension for WindowsStandalone target not found
Native extension for iOS target not found
Native extension for Android target not found
Native extension for OSXStandalone target not found
[Package Manager] Server::EnsureServerProcessIsRunning -- launch failed, reason: Unity was launched with the -noUpm command-line argument
[Package Manager] UpmClient::Send -- Unable to send message (not connected to UPM process).
[Package Manager] Cannot connect to Unity Package Manager local server
Mono: successfully reloaded assembly
- Finished resetting the current domain, in  1.227 seconds
Domain Reload Profiling: 1586ms
	BeginReloadAssembly (168ms)
		ExecutionOrderSort (0ms)
		DisableScriptedObjects (5ms)
		BackupInstance (0ms)
		ReleaseScriptingObjects (0ms)
		CreateAndSetChildDomain (84ms)
	RebuildCommonClasses (20ms)
	RebuildNativeTypeToScriptingClass (7ms)
	initialDomainReloadingComplete (13ms)
	LoadAllAssembliesAndSetupDomain (151ms)
		LoadAssemblies (186ms)
		RebuildTransferFunctionScriptingTraits (0ms)
		AnalyzeDomain (18ms)
			TypeCache.Refresh (8ms)
				TypeCache.ScanAssembly (0ms)
			ScanForSourceGeneratedMonoScriptInfo (0ms)
			ResolveRequiredComponents (9ms)
	FinalizeReload (1228ms)
		ReleaseScriptCaches (0ms)
		RebuildScriptCaches (0ms)
		SetupLoadedEditorAssemblies (556ms)
			LogAssemblyErrors (0ms)
			InitializePlatformSupportModulesInManaged (20ms)
			SetLoadedEditorAssemblies (3ms)
			RefreshPlugins (0ms)
			BeforeProcessingInitializeOnLoad (58ms)
			ProcessInitializeOnLoadAttributes (429ms)
			ProcessInitializeOnLoadMethodAttributes (46ms)
			AfterProcessingInitializeOnLoad (1ms)
			EditorAssembliesLoaded (0ms)
		ExecutionOrderSort2 (0ms)
		AwakeInstancesAfterBackupRestoration (25ms)
Refreshing native plugins compatible for Editor in 1.65 ms, found 2 plugins.
Preloading 0 native plugins for Editor in 0.00 ms.
Unloading 5404 Unused Serialized files (Serialized files now loaded: 0)
Unloading 59 unused Assets / (390.2 KB). Loaded Objects now: 7027.
Memory consumption went from 0.79 GB to 0.79 GB.
Total: 14.909875 ms (FindLiveObjects: 0.216916 ms CreateObjectMapping: 0.063292 ms MarkObjects: 14.471708 ms  DeleteObjects: 0.157333 ms)

Prepare: number of updated asset objects reloaded= 0
AssetImportParameters requested are different than current active one (requested -> active):
  custom:scripting/monoscript/fileName/CellGroundTemplate.cs: 23fbc9fe88d5d29d8afe1941fe612534 -> 
  custom:container-demuxer-ogg: 62fdf1f143b41e24485cea50d1cbac27 -> 
  custom:video-decoder-ogg-theora: a1e56fd34408186e4bbccfd4996cb3dc -> 
  custom:CustomObjectIndexerAttribute: 62b5816608c3102f162a1797e29626cf -> 
  custom:scripting/monoscript/fileName/TilesTemplateCollection.cs: 1323639491948449d899f7c3d116358a -> 9b97b84b558d043388e687408423c9fa
  custom:container-demuxer-webm: 4f35f7cbe854078d1ac9338744f61a02 -> 
  custom:container-muxer-webm: aa71ff27fc2769a1b78a27578f13a17b -> 
  custom:scripting/monoscript/fileName/CellGroundTemplateCollection.cs: 3862488741336215d595b160b6ea7dd6 -> 
  custom:video-decoder-webm-vp8: 9c59270c3fd7afecdb556c50c9e8de78 -> 
  custom:SearchIndexIgnoredProperties: e643bd26f0fe6173181afceb89e7c659 -> 
  custom:AudioImporter_EditorPlatform: 3918e3fc78b5a79bad01e8451be0beb8 -> 
  custom:framework-osx-AVFoundation: e770b220cccbd017edd2c1fefb359320 -> 
  custom:scripting/monoscript/fileName/TileTemplate.cs: da25af36d628451bcf3c197eba2f7e2a -> 5d21bd9ae0ebd364cdee84e2580ef8dd
  custom:video-encoder-webm-vp8: eb34c28f22e8b96e1ab97ce403110664 -> 
  custom:scripting/monoscript/fileName/TileFactory.cs: 35e1bbfbcf48ecbcae4d22d839fcdebe -> 2c3aa46bcf21b32861e15e90842dd277
  custom:audio-decoder-ogg-vorbis: bf7c407c2cedff20999df2af8eb42d56 -> 
  custom:audio-encoder-webm-vorbis: bf7c407c2cedff20999df2af8eb42d56 -> 
========================================================================
Received Prepare
Begin MonoManager ReloadAssembly
Thread 0x28064b000 may have been prematurely finalized
- Loaded All Assemblies, in  0.439 seconds
Refreshing native plugins compatible for Editor in 1.44 ms, found 2 plugins.
Native extension for WindowsStandalone target not found
Native extension for iOS target not found
Native extension for Android target not found
Native extension for OSXStandalone target not found
[Package Manager] Server::EnsureServerProcessIsRunning -- launch failed, reason: Unity was launched with the -noUpm command-line argument
[Package Manager] UpmClient::Send -- Unable to send message (not connected to UPM process).
[Package Manager] Cannot connect to Unity Package Manager local server
Mono: successfully reloaded assembly
- Finished resetting the current domain, in  1.109 seconds
Domain Reload Profiling: 1548ms
	BeginReloadAssembly (135ms)
		ExecutionOrderSort (0ms)
		DisableScriptedObjects (6ms)
		BackupInstance (0ms)
		ReleaseScriptingObjects (0ms)
		CreateAndSetChildDomain (53ms)
	RebuildCommonClasses (24ms)
	RebuildNativeTypeToScriptingClass (8ms)
	initialDomainReloadingComplete (20ms)
	LoadAllAssembliesAndSetupDomain (253ms)
		LoadAssemblies (245ms)
		RebuildTransferFunctionScriptingTraits (0ms)
		AnalyzeDomain (41ms)
			TypeCache.Refresh (14ms)
				TypeCache.ScanAssembly (2ms)
			ScanForSourceGeneratedMonoScriptInfo (18ms)
			ResolveRequiredComponents (8ms)
	FinalizeReload (1109ms)
		ReleaseScriptCaches (0ms)
		RebuildScriptCaches (0ms)
		SetupLoadedEditorAssemblies (501ms)
			LogAssemblyErrors (0ms)
			InitializePlatformSupportModulesInManaged (45ms)
			SetLoadedEditorAssemblies (3ms)
			RefreshPlugins (0ms)
			BeforeProcessingInitializeOnLoad (52ms)
			ProcessInitializeOnLoadAttributes (365ms)
			ProcessInitializeOnLoadMethodAttributes (36ms)
			AfterProcessingInitializeOnLoad (1ms)
			EditorAssembliesLoaded (0ms)
		ExecutionOrderSort2 (0ms)
		AwakeInstancesAfterBackupRestoration (26ms)
Refreshing native plugins compatible for Editor in 1.53 ms, found 2 plugins.
Preloading 0 native plugins for Editor in 0.00 ms.
Unloading 5404 Unused Serialized files (Serialized files now loaded: 0)
Unloading 59 unused Assets / (391.1 KB). Loaded Objects now: 7031.
Memory consumption went from 0.80 GB to 0.80 GB.
Total: 13.714084 ms (FindLiveObjects: 0.220667 ms CreateObjectMapping: 0.060792 ms MarkObjects: 13.274833 ms  DeleteObjects: 0.157209 ms)

Prepare: number of updated asset objects reloaded= 0
AssetImportParameters requested are different than current active one (requested -> active):
  custom:scripting/monoscript/fileName/CellGroundTemplate.cs: 23fbc9fe88d5d29d8afe1941fe612534 -> 
  custom:container-demuxer-ogg: 62fdf1f143b41e24485cea50d1cbac27 -> 
  custom:video-decoder-ogg-theora: a1e56fd34408186e4bbccfd4996cb3dc -> 
  custom:CustomObjectIndexerAttribute: 62b5816608c3102f162a1797e29626cf -> 
  custom:scripting/monoscript/fileName/TilesTemplateCollection.cs: 1323639491948449d899f7c3d116358a -> 9b97b84b558d043388e687408423c9fa
  custom:container-demuxer-webm: 4f35f7cbe854078d1ac9338744f61a02 -> 
  custom:container-muxer-webm: aa71ff27fc2769a1b78a27578f13a17b -> 
  custom:scripting/monoscript/fileName/CellGroundTemplateCollection.cs: 3862488741336215d595b160b6ea7dd6 -> 
  custom:video-decoder-webm-vp8: 9c59270c3fd7afecdb556c50c9e8de78 -> 
  custom:SearchIndexIgnoredProperties: e643bd26f0fe6173181afceb89e7c659 -> 
  custom:AudioImporter_EditorPlatform: 3918e3fc78b5a79bad01e8451be0beb8 -> 
  custom:framework-osx-AVFoundation: e770b220cccbd017edd2c1fefb359320 -> 
  custom:scripting/monoscript/fileName/TileTemplate.cs: da25af36d628451bcf3c197eba2f7e2a -> 5d21bd9ae0ebd364cdee84e2580ef8dd
  custom:video-encoder-webm-vp8: eb34c28f22e8b96e1ab97ce403110664 -> 
  custom:scripting/monoscript/fileName/TileFactory.cs: 35e1bbfbcf48ecbcae4d22d839fcdebe -> 2c3aa46bcf21b32861e15e90842dd277
  custom:audio-decoder-ogg-vorbis: bf7c407c2cedff20999df2af8eb42d56 -> 
  custom:audio-encoder-webm-vorbis: bf7c407c2cedff20999df2af8eb42d56 -> 
========================================================================
Received Prepare
Begin MonoManager ReloadAssembly
Thread 0x2805bf000 may have been prematurely finalized
- Loaded All Assemblies, in  0.461 seconds
Refreshing native plugins compatible for Editor in 1.39 ms, found 2 plugins.
Native extension for WindowsStandalone target not found
Native extension for iOS target not found
Native extension for Android target not found
Native extension for OSXStandalone target not found
[Package Manager] Server::EnsureServerProcessIsRunning -- launch failed, reason: Unity was launched with the -noUpm command-line argument
[Package Manager] UpmClient::Send -- Unable to send message (not connected to UPM process).
[Package Manager] Cannot connect to Unity Package Manager local server
Mono: successfully reloaded assembly
- Finished resetting the current domain, in  1.005 seconds
Domain Reload Profiling: 1466ms
	BeginReloadAssembly (149ms)
		ExecutionOrderSort (0ms)
		DisableScriptedObjects (17ms)
		BackupInstance (0ms)
		ReleaseScriptingObjects (0ms)
		CreateAndSetChildDomain (52ms)
	RebuildCommonClasses (20ms)
	RebuildNativeTypeToScriptingClass (7ms)
	initialDomainReloadingComplete (16ms)
	LoadAllAssembliesAndSetupDomain (269ms)
		LoadAssemblies (256ms)
		RebuildTransferFunctionScriptingTraits (0ms)
		AnalyzeDomain (40ms)
			TypeCache.Refresh (16ms)
				TypeCache.ScanAssembly (3ms)
			ScanForSourceGeneratedMonoScriptInfo (16ms)
			ResolveRequiredComponents (8ms)
	FinalizeReload (1005ms)
		ReleaseScriptCaches (0ms)
		RebuildScriptCaches (0ms)
		SetupLoadedEditorAssemblies (458ms)
			LogAssemblyErrors (0ms)
			InitializePlatformSupportModulesInManaged (17ms)
			SetLoadedEditorAssemblies (2ms)
			RefreshPlugins (0ms)
			BeforeProcessingInitializeOnLoad (51ms)
			ProcessInitializeOnLoadAttributes (351ms)
			ProcessInitializeOnLoadMethodAttributes (36ms)
			AfterProcessingInitializeOnLoad (1ms)
			EditorAssembliesLoaded (0ms)
		ExecutionOrderSort2 (0ms)
		AwakeInstancesAfterBackupRestoration (20ms)
Refreshing native plugins compatible for Editor in 1.45 ms, found 2 plugins.
Preloading 0 native plugins for Editor in 0.00 ms.
Unloading 5404 Unused Serialized files (Serialized files now loaded: 0)
Unloading 59 unused Assets / (390.2 KB). Loaded Objects now: 7035.
Memory consumption went from 0.81 GB to 0.81 GB.
Total: 13.017166 ms (FindLiveObjects: 0.206208 ms CreateObjectMapping: 0.059917 ms MarkObjects: 12.608334 ms  DeleteObjects: 0.142125 ms)

Prepare: number of updated asset objects reloaded= 0
AssetImportParameters requested are different than current active one (requested -> active):
  custom:scripting/monoscript/fileName/CellGroundTemplate.cs: 23fbc9fe88d5d29d8afe1941fe612534 -> 
  custom:container-demuxer-ogg: 62fdf1f143b41e24485cea50d1cbac27 -> 
  custom:video-decoder-ogg-theora: a1e56fd34408186e4bbccfd4996cb3dc -> 
  custom:CustomObjectIndexerAttribute: 62b5816608c3102f162a1797e29626cf -> 
  custom:scripting/monoscript/fileName/TilesTemplateCollection.cs: 1323639491948449d899f7c3d116358a -> 9b97b84b558d043388e687408423c9fa
  custom:container-demuxer-webm: 4f35f7cbe854078d1ac9338744f61a02 -> 
  custom:container-muxer-webm: aa71ff27fc2769a1b78a27578f13a17b -> 
  custom:scripting/monoscript/fileName/CellGroundTemplateCollection.cs: 3862488741336215d595b160b6ea7dd6 -> 
  custom:video-decoder-webm-vp8: 9c59270c3fd7afecdb556c50c9e8de78 -> 
  custom:SearchIndexIgnoredProperties: e643bd26f0fe6173181afceb89e7c659 -> 
  custom:AudioImporter_EditorPlatform: 3918e3fc78b5a79bad01e8451be0beb8 -> 
  custom:framework-osx-AVFoundation: e770b220cccbd017edd2c1fefb359320 -> 
  custom:scripting/monoscript/fileName/TileTemplate.cs: da25af36d628451bcf3c197eba2f7e2a -> 5d21bd9ae0ebd364cdee84e2580ef8dd
  custom:video-encoder-webm-vp8: eb34c28f22e8b96e1ab97ce403110664 -> 
  custom:scripting/monoscript/fileName/TileFactory.cs: 35e1bbfbcf48ecbcae4d22d839fcdebe -> 2c3aa46bcf21b32861e15e90842dd277
  custom:audio-decoder-ogg-vorbis: bf7c407c2cedff20999df2af8eb42d56 -> 
  custom:audio-encoder-webm-vorbis: bf7c407c2cedff20999df2af8eb42d56 -> 
========================================================================
Received Prepare
Begin MonoManager ReloadAssembly
Thread 0x28098b000 may have been prematurely finalized
- Loaded All Assemblies, in  0.436 seconds
Refreshing native plugins compatible for Editor in 2.49 ms, found 2 plugins.
Native extension for WindowsStandalone target not found
Native extension for iOS target not found
Native extension for Android target not found
Native extension for OSXStandalone target not found
[Package Manager] Server::EnsureServerProcessIsRunning -- launch failed, reason: Unity was launched with the -noUpm command-line argument
[Package Manager] UpmClient::Send -- Unable to send message (not connected to UPM process).
[Package Manager] Cannot connect to Unity Package Manager local server
Mono: successfully reloaded assembly
- Finished resetting the current domain, in  1.095 seconds
Domain Reload Profiling: 1532ms
	BeginReloadAssembly (178ms)
		ExecutionOrderSort (1ms)
		DisableScriptedObjects (13ms)
		BackupInstance (0ms)
		ReleaseScriptingObjects (0ms)
		CreateAndSetChildDomain (80ms)
	RebuildCommonClasses (23ms)
	RebuildNativeTypeToScriptingClass (8ms)
	initialDomainReloadingComplete (15ms)
	LoadAllAssembliesAndSetupDomain (214ms)
		LoadAssemblies (217ms)
		RebuildTransferFunctionScriptingTraits (0ms)
		AnalyzeDomain (24ms)
			TypeCache.Refresh (13ms)
				TypeCache.ScanAssembly (0ms)
			ScanForSourceGeneratedMonoScriptInfo (0ms)
			ResolveRequiredComponents (10ms)
	FinalizeReload (1095ms)
		ReleaseScriptCaches (0ms)
		RebuildScriptCaches (0ms)
		SetupLoadedEditorAssemblies (480ms)
			LogAssemblyErrors (0ms)
			InitializePlatformSupportModulesInManaged (27ms)
			SetLoadedEditorAssemblies (2ms)
			RefreshPlugins (0ms)
			BeforeProcessingInitializeOnLoad (52ms)
			ProcessInitializeOnLoadAttributes (361ms)
			ProcessInitializeOnLoadMethodAttributes (37ms)
			AfterProcessingInitializeOnLoad (1ms)
			EditorAssembliesLoaded (0ms)
		ExecutionOrderSort2 (0ms)
		AwakeInstancesAfterBackupRestoration (20ms)
Refreshing native plugins compatible for Editor in 1.44 ms, found 2 plugins.
Preloading 0 native plugins for Editor in 0.00 ms.
Unloading 5404 Unused Serialized files (Serialized files now loaded: 0)
Unloading 59 unused Assets / (390.3 KB). Loaded Objects now: 7039.
Memory consumption went from 0.83 GB to 0.82 GB.
Total: 12.494417 ms (FindLiveObjects: 0.199417 ms CreateObjectMapping: 0.072375 ms MarkObjects: 12.070500 ms  DeleteObjects: 0.151500 ms)

Prepare: number of updated asset objects reloaded= 0
AssetImportParameters requested are different than current active one (requested -> active):
  custom:scripting/monoscript/fileName/CellGroundTemplate.cs: 23fbc9fe88d5d29d8afe1941fe612534 -> 
  custom:container-demuxer-ogg: 62fdf1f143b41e24485cea50d1cbac27 -> 
  custom:video-decoder-ogg-theora: a1e56fd34408186e4bbccfd4996cb3dc -> 
  custom:CustomObjectIndexerAttribute: 62b5816608c3102f162a1797e29626cf -> 
  custom:scripting/monoscript/fileName/TilesTemplateCollection.cs: 1323639491948449d899f7c3d116358a -> 9b97b84b558d043388e687408423c9fa
  custom:container-demuxer-webm: 4f35f7cbe854078d1ac9338744f61a02 -> 
  custom:container-muxer-webm: aa71ff27fc2769a1b78a27578f13a17b -> 
  custom:scripting/monoscript/fileName/CellGroundTemplateCollection.cs: 3862488741336215d595b160b6ea7dd6 -> 
  custom:video-decoder-webm-vp8: 9c59270c3fd7afecdb556c50c9e8de78 -> 
  custom:SearchIndexIgnoredProperties: e643bd26f0fe6173181afceb89e7c659 -> 
  custom:AudioImporter_EditorPlatform: 3918e3fc78b5a79bad01e8451be0beb8 -> 
  custom:framework-osx-AVFoundation: e770b220cccbd017edd2c1fefb359320 -> 
  custom:scripting/monoscript/fileName/TileTemplate.cs: da25af36d628451bcf3c197eba2f7e2a -> 5d21bd9ae0ebd364cdee84e2580ef8dd
  custom:video-encoder-webm-vp8: eb34c28f22e8b96e1ab97ce403110664 -> 
  custom:scripting/monoscript/fileName/TileFactory.cs: 35e1bbfbcf48ecbcae4d22d839fcdebe -> 2c3aa46bcf21b32861e15e90842dd277
  custom:audio-decoder-ogg-vorbis: bf7c407c2cedff20999df2af8eb42d56 -> 
  custom:audio-encoder-webm-vorbis: bf7c407c2cedff20999df2af8eb42d56 -> 
========================================================================
Received Prepare
Begin MonoManager ReloadAssembly
Thread 0x280907000 may have been prematurely finalized
- Loaded All Assemblies, in  0.473 seconds
Refreshing native plugins compatible for Editor in 1.45 ms, found 2 plugins.
Native extension for WindowsStandalone target not found
Native extension for iOS target not found
Native extension for Android target not found
Native extension for OSXStandalone target not found
[Package Manager] Server::EnsureServerProcessIsRunning -- launch failed, reason: Unity was launched with the -noUpm command-line argument
[Package Manager] UpmClient::Send -- Unable to send message (not connected to UPM process).
[Package Manager] Cannot connect to Unity Package Manager local server
Mono: successfully reloaded assembly
- Finished resetting the current domain, in  1.038 seconds
Domain Reload Profiling: 1512ms
	BeginReloadAssembly (119ms)
		ExecutionOrderSort (0ms)
		DisableScriptedObjects (7ms)
		BackupInstance (0ms)
		ReleaseScriptingObjects (0ms)
		CreateAndSetChildDomain (59ms)
	RebuildCommonClasses (21ms)
	RebuildNativeTypeToScriptingClass (8ms)
	initialDomainReloadingComplete (41ms)
	LoadAllAssembliesAndSetupDomain (284ms)
		LoadAssemblies (294ms)
		RebuildTransferFunctionScriptingTraits (0ms)
		AnalyzeDomain (16ms)
			TypeCache.Refresh (8ms)
				TypeCache.ScanAssembly (0ms)
			ScanForSourceGeneratedMonoScriptInfo (0ms)
			ResolveRequiredComponents (8ms)
	FinalizeReload (1038ms)
		ReleaseScriptCaches (0ms)
		RebuildScriptCaches (0ms)
		SetupLoadedEditorAssemblies (464ms)
			LogAssemblyErrors (0ms)
			InitializePlatformSupportModulesInManaged (18ms)
			SetLoadedEditorAssemblies (2ms)
			RefreshPlugins (0ms)
			BeforeProcessingInitializeOnLoad (52ms)
			ProcessInitializeOnLoadAttributes (354ms)
			ProcessInitializeOnLoadMethodAttributes (37ms)
			AfterProcessingInitializeOnLoad (1ms)
			EditorAssembliesLoaded (0ms)
		ExecutionOrderSort2 (0ms)
		AwakeInstancesAfterBackupRestoration (20ms)
Refreshing native plugins compatible for Editor in 1.46 ms, found 2 plugins.
Preloading 0 native plugins for Editor in 0.00 ms.
Unloading 5404 Unused Serialized files (Serialized files now loaded: 0)
Unloading 59 unused Assets / (390.4 KB). Loaded Objects now: 7043.
Memory consumption went from 0.84 GB to 0.84 GB.
Total: 12.495042 ms (FindLiveObjects: 0.197209 ms CreateObjectMapping: 0.073041 ms MarkObjects: 12.091708 ms  DeleteObjects: 0.132709 ms)

Prepare: number of updated asset objects reloaded= 0
AssetImportParameters requested are different than current active one (requested -> active):
  custom:scripting/monoscript/fileName/CellGroundTemplate.cs: 23fbc9fe88d5d29d8afe1941fe612534 -> 
  custom:container-demuxer-ogg: 62fdf1f143b41e24485cea50d1cbac27 -> 
  custom:video-decoder-ogg-theora: a1e56fd34408186e4bbccfd4996cb3dc -> 
  custom:CustomObjectIndexerAttribute: 62b5816608c3102f162a1797e29626cf -> 
  custom:scripting/monoscript/fileName/TilesTemplateCollection.cs: 1323639491948449d899f7c3d116358a -> 9b97b84b558d043388e687408423c9fa
  custom:container-demuxer-webm: 4f35f7cbe854078d1ac9338744f61a02 -> 
  custom:container-muxer-webm: aa71ff27fc2769a1b78a27578f13a17b -> 
  custom:scripting/monoscript/fileName/CellGroundTemplateCollection.cs: 3862488741336215d595b160b6ea7dd6 -> 
  custom:video-decoder-webm-vp8: 9c59270c3fd7afecdb556c50c9e8de78 -> 
  custom:SearchIndexIgnoredProperties: e643bd26f0fe6173181afceb89e7c659 -> 
  custom:AudioImporter_EditorPlatform: 3918e3fc78b5a79bad01e8451be0beb8 -> 
  custom:framework-osx-AVFoundation: e770b220cccbd017edd2c1fefb359320 -> 
  custom:scripting/monoscript/fileName/TileTemplate.cs: da25af36d628451bcf3c197eba2f7e2a -> 5d21bd9ae0ebd364cdee84e2580ef8dd
  custom:video-encoder-webm-vp8: eb34c28f22e8b96e1ab97ce403110664 -> 
  custom:scripting/monoscript/fileName/TileFactory.cs: 35e1bbfbcf48ecbcae4d22d839fcdebe -> 2c3aa46bcf21b32861e15e90842dd277
  custom:audio-decoder-ogg-vorbis: bf7c407c2cedff20999df2af8eb42d56 -> 
  custom:audio-encoder-webm-vorbis: bf7c407c2cedff20999df2af8eb42d56 -> 
========================================================================
Received Prepare
Begin MonoManager ReloadAssembly
Thread 0x28098b000 may have been prematurely finalized
- Loaded All Assemblies, in  0.425 seconds
Refreshing native plugins compatible for Editor in 2.24 ms, found 2 plugins.
Native extension for WindowsStandalone target not found
Native extension for iOS target not found
Native extension for Android target not found
Native extension for OSXStandalone target not found
[Package Manager] Server::EnsureServerProcessIsRunning -- launch failed, reason: Unity was launched with the -noUpm command-line argument
[Package Manager] UpmClient::Send -- Unable to send message (not connected to UPM process).
[Package Manager] Cannot connect to Unity Package Manager local server
Mono: successfully reloaded assembly
- Finished resetting the current domain, in  1.076 seconds
Domain Reload Profiling: 1501ms
	BeginReloadAssembly (154ms)
		ExecutionOrderSort (0ms)
		DisableScriptedObjects (20ms)
		BackupInstance (0ms)
		ReleaseScriptingObjects (0ms)
		CreateAndSetChildDomain (67ms)
	RebuildCommonClasses (20ms)
	RebuildNativeTypeToScriptingClass (7ms)
	initialDomainReloadingComplete (19ms)
	LoadAllAssembliesAndSetupDomain (226ms)
		LoadAssemblies (212ms)
		RebuildTransferFunctionScriptingTraits (0ms)
		AnalyzeDomain (40ms)
			TypeCache.Refresh (11ms)
				TypeCache.ScanAssembly (2ms)
			ScanForSourceGeneratedMonoScriptInfo (19ms)
			ResolveRequiredComponents (9ms)
	FinalizeReload (1076ms)
		ReleaseScriptCaches (0ms)
		RebuildScriptCaches (0ms)
		SetupLoadedEditorAssemblies (455ms)
			LogAssemblyErrors (0ms)
			InitializePlatformSupportModulesInManaged (19ms)
			SetLoadedEditorAssemblies (3ms)
			RefreshPlugins (0ms)
			BeforeProcessingInitializeOnLoad (54ms)
			ProcessInitializeOnLoadAttributes (344ms)
			ProcessInitializeOnLoadMethodAttributes (36ms)
			AfterProcessingInitializeOnLoad (1ms)
			EditorAssembliesLoaded (0ms)
		ExecutionOrderSort2 (0ms)
		AwakeInstancesAfterBackupRestoration (19ms)
Refreshing native plugins compatible for Editor in 1.81 ms, found 2 plugins.
Preloading 0 native plugins for Editor in 0.00 ms.
Unloading 5404 Unused Serialized files (Serialized files now loaded: 0)
Unloading 59 unused Assets / (390.3 KB). Loaded Objects now: 7047.
Memory consumption went from 0.85 GB to 0.85 GB.
Total: 14.640209 ms (FindLiveObjects: 0.262708 ms CreateObjectMapping: 0.064500 ms MarkObjects: 14.145417 ms  DeleteObjects: 0.167125 ms)

Prepare: number of updated asset objects reloaded= 0
AssetImportParameters requested are different than current active one (requested -> active):
  custom:scripting/monoscript/fileName/CellGroundTemplate.cs: 23fbc9fe88d5d29d8afe1941fe612534 -> 
  custom:container-demuxer-ogg: 62fdf1f143b41e24485cea50d1cbac27 -> 
  custom:video-decoder-ogg-theora: a1e56fd34408186e4bbccfd4996cb3dc -> 
  custom:CustomObjectIndexerAttribute: 62b5816608c3102f162a1797e29626cf -> 
  custom:scripting/monoscript/fileName/TilesTemplateCollection.cs: 1323639491948449d899f7c3d116358a -> 9b97b84b558d043388e687408423c9fa
  custom:container-demuxer-webm: 4f35f7cbe854078d1ac9338744f61a02 -> 
  custom:container-muxer-webm: aa71ff27fc2769a1b78a27578f13a17b -> 
  custom:scripting/monoscript/fileName/CellGroundTemplateCollection.cs: 3862488741336215d595b160b6ea7dd6 -> 
  custom:video-decoder-webm-vp8: 9c59270c3fd7afecdb556c50c9e8de78 -> 
  custom:SearchIndexIgnoredProperties: e643bd26f0fe6173181afceb89e7c659 -> 
  custom:AudioImporter_EditorPlatform: 3918e3fc78b5a79bad01e8451be0beb8 -> 
  custom:framework-osx-AVFoundation: e770b220cccbd017edd2c1fefb359320 -> 
  custom:scripting/monoscript/fileName/TileTemplate.cs: da25af36d628451bcf3c197eba2f7e2a -> 5d21bd9ae0ebd364cdee84e2580ef8dd
  custom:video-encoder-webm-vp8: eb34c28f22e8b96e1ab97ce403110664 -> 
  custom:scripting/monoscript/fileName/TileFactory.cs: 35e1bbfbcf48ecbcae4d22d839fcdebe -> 2c3aa46bcf21b32861e15e90842dd277
  custom:audio-decoder-ogg-vorbis: bf7c407c2cedff20999df2af8eb42d56 -> 
  custom:audio-encoder-webm-vorbis: bf7c407c2cedff20999df2af8eb42d56 -> 
[usbmuxd] Attached: 51 00008101-0008241A2E03001E
